id_Estacion,id_lugar,recorrido,hora_salida,hora_llegada,id_incendio
906,01JCVGPJYGMVGERRHFVGTS49JF,490,2024-10-13,2024-10-23,01JCVGZBM8499FN503BN5CFDCH
167,01JCVGPJYA85B1NZ0V878H3TRJ,110,2023-06-21,2023-07-02,01JCVGZBAHRSFFEHY5XCJX4YDG
240,01JCVGPJYHXTBZ1JZXB4PCSG07,223,2023-04-25,2023-05-05,01JCVGZBJVRAMG789HE8YMB2GS
491,01JCVGPJYDM9C41N3B27YRGP9N,37,2024-09-02,2024-09-04,01JCVGZBDW4HSWFVXJ6G4M2BNP
535,01JCVGPJYK2RSHZAVHBG3JR24F,50,2023-05-13,2023-05-19,01JCVGZBMPS5610SSW8XVGTRCF
351,01JCVGPK02HBT2RAABKHYZ090T,432,2024-06-28,2024-07-12,01JCVGZBFJJ9ZGHBKF0P43C11Y
819,01JCVGPJYMNFA8NSGSWCQKC63Q,323,,,01JCVGZBKBD04PHBMN0NKS9GK1
83,01JCVGPJYPD8SPVCK5VVYJG8QE,88,2023-05-01,2023-05-09,01JCVGZBQB5CYXEXKG3098KTBK
442,01JCVGPJYA85B1NZ0V878H3TRJ,471,2024-08-31,2024-09-03,01JCVGZBAM0CCC00G22J3SZ08C
8,01JCVGPJYY2N2HHEQK87EQ6NFP,99,2023-09-29,2023-10-09,01JCVGZBMJR77EX0E3ZJP0GH7E
475,01JCVGPJYA85B1NZ0V878H3TRJ,408,2023-08-23,2023-08-26,01JCVGZBCR3Y9MTDMBKHFEWP1B
135,01JCVGPJYGMVGERRHFVGTS49JF,109,2024-08-29,2024-09-11,01JCVGZBCKQ67BQKSY5SZEBGAZ
163,01JCVGPJZ1M39Z16X2GYK7ATSE,137,2023-07-04,2023-07-12,01JCVGZBR59GAC7BD1ANRJ3464
796,01JCVGPJYJAPZB81K43TDMW7KV,485,2023-08-27,2023-09-08,01JCVGZBQH3TFWJZ1528HWYF8K
296,01JCVGPK02HBT2RAABKHYZ090T,193,2023-10-27,2023-10-29,01JCVGZBDS3TS31BCZR7XGYY2M
123,01JCVGPJYJAPZB81K43TDMW7KV,473,2022-01-25,2022-01-26,01JCVGZBMA5J3F0WKEBQQY3PPT
20,01JCVGPJYMNFA8NSGSWCQKC63Q,52,2023-10-17,2023-10-28,01JCVGZBR8ZJQDPKZA1JZPM61R
95,01JCVGPJZ1M39Z16X2GYK7ATSE,390,2022-02-15,2022-02-17,01JCVGZBRCWCCAJTYMMR28DTJK
946,01JCVGPK02HBT2RAABKHYZ090T,130,2024-02-03,2024-02-05,01JCVGZBM66TMMY09ZYCFPGET5
175,01JCVGPJYXTQWVHXKRA2C5KNZP,125,2021-11-04,2021-11-07,01JCVGZBPEZCGBCDAZ6MMNF629
262,01JCVGPJYGMVGERRHFVGTS49JF,376,2022-01-05,2022-01-20,01JCVGZBHD82Y7ZMZGYYHMHVE5
33,01JCVGPJYJAPZB81K43TDMW7KV,115,,,01JCVGZBK04WECMM45FA844QYY
649,01JCVGPJYHXTBZ1JZXB4PCSG07,427,2024-10-04,2024-10-08,01JCVGZBQRH29TWGKV0APJNYS8
528,01JCVGPJZ5TTZXC07DPF4S0MMF,316,2022-02-26,2022-03-12,01JCVGZBR70J9ZRP2Y22VG5XQR
575,01JCVGPJYXTQWVHXKRA2C5KNZP,138,2023-03-11,2023-03-19,01JCVGZBEYH19G79JDA871A9MP
272,01JCVGPJZ0AZRGV50T85771CPV,288,2023-08-14,2023-08-26,01JCVGZBAZS09HFB1W2ZCBDCD2
482,01JCVGPJYZ8QMYHNT7P6XVXW43,256,2022-01-25,2022-02-05,01JCVGZBM3FETXNY3A0TTB3KT2
294,01JCVGPK02HBT2RAABKHYZ090T,147,2023-09-03,2023-09-08,01JCVGZBKW6MQXRGP43HP29TVW
310,01JCVGPJXYRQMQVN1CEZ07DX19,147,2022-10-19,2022-10-27,01JCVGZBR5J00846CR2NEEV8E2
623,01JCVGPJXYRQMQVN1CEZ07DX19,309,,,01JCVGZBJZATZ2QS23VJFYCQ1G
862,01JCVGPJY93QDYBJ0EV2FXKAAB,73,2022-08-16,2022-08-17,01JCVGZBQQKFZAC9QFWMBNB8KE
287,01JCVGPJYZ8QMYHNT7P6XVXW43,341,2024-07-15,2024-07-28,01JCVGZBP7N8ZVTPDVSZ1C3KX5
640,01JCVGPJZ5TTZXC07DPF4S0MMF,64,2023-04-22,2023-04-28,01JCVGZBK55BM1TYA9SWNS06P1
564,01JCVGPJZ0AZRGV50T85771CPV,218,2024-06-08,2024-06-13,01JCVGZBB8T34G8T8ZSN3PKN8E
22,01JCVGPJZ5TTZXC07DPF4S0MMF,422,2023-07-18,2023-07-26,01JCVGZBFDFHXGJH97KQX7M4SX
373,01JCVGPJYTR18Q7QY4S4T9YX7W,142,2023-08-28,2023-09-02,01JCVGZBFYX5GNAFZM2JPQ1X52
337,01JCVGPJYK2RSHZAVHBG3JR24F,434,2024-02-13,2024-02-20,01JCVGZBHNWMWZCXFWVJJYE2RY
290,01JCVGPJYJAPZB81K43TDMW7KV,327,2021-11-04,2021-11-11,01JCVGZBPJDCT96SRW79Y1K3B2
416,01JCVGPJYMNFA8NSGSWCQKC63Q,164,2023-01-09,2023-01-11,01JCVGZBC18NEESCVFXCX74SEZ
256,01JCVGPJYZ8QMYHNT7P6XVXW43,477,2024-03-23,2024-04-06,01JCVGZBF5MHQ90A8P30TCQ1RH
128,01JCVGPJYY2N2HHEQK87EQ6NFP,335,2023-02-14,2023-02-15,01JCVGZBRBPSKC20HB2G3FPZQV
944,01JCVGPJYMNFA8NSGSWCQKC63Q,176,2021-11-22,2021-12-03,01JCVGZBBECR8NK5ZDE35W03B9
8,01JCVGPK02HBT2RAABKHYZ090T,334,2022-06-29,2022-07-05,01JCVGZBFEBB484A6A9CT4QH0D
88,01JCVGPJYA85B1NZ0V878H3TRJ,41,,,01JCVGZBBDCH7EDC3PRDGYK2WE
541,01JCVGPJYY2N2HHEQK87EQ6NFP,327,2024-02-11,2024-02-17,01JCVGZBK7Y6Z51A9SPSY5XM9E
411,01JCVGPJY93QDYBJ0EV2FXKAAB,469,2024-05-25,2024-06-05,01JCVGZBJCKKA00A0DRWA8V4XZ
408,01JCVGPJYK2RSHZAVHBG3JR24F,31,2024-04-02,2024-04-16,01JCVGZBRMC00PZDR1ZA04RWRV
785,01JCVGPJYHXTBZ1JZXB4PCSG07,416,2021-12-20,2021-12-22,01JCVGZBH3JPD6TSF38E73XNNY
240,01JCVGPJYZ8QMYHNT7P6XVXW43,411,2023-03-04,2023-03-14,01JCVGZBMY6ETFTMEHCFBQJKJW
90,01JCVGPJYY2N2HHEQK87EQ6NFP,408,2022-12-06,2022-12-09,01JCVGZBNYC0YHXQAZG9D06JYN
76,01JCVGPJYA85B1NZ0V878H3TRJ,493,,,01JCVGZBBDCH7EDC3PRDGYK2WE
875,01JCVGPJYC703DRMSGEW1TA2F2,131,2024-10-15,2024-10-18,01JCVGZBQM3M4KBHZGKNXRRGMF
568,01JCVGPJYY2N2HHEQK87EQ6NFP,238,2024-09-13,2024-09-17,01JCVGZBEP2HJM92T5N3PQFCES
257,01JCVGPJYHXTBZ1JZXB4PCSG07,22,2023-11-16,2023-11-27,01JCVGZBP7DXD9YJENVEZVE222
562,01JCVGPJYXTQWVHXKRA2C5KNZP,445,2024-09-05,2024-09-08,01JCVGZBN9BSJRNVSMVHHA1NVK
974,01JCVGPJYXTQWVHXKRA2C5KNZP,86,2022-10-30,2022-11-10,01JCVGZBS4FSSV159CV61RTQFW
107,01JCVGPJYDM9C41N3B27YRGP9N,469,2023-05-25,2023-05-28,01JCVGZBN8YS15E6TK3AVCYY1X
369,01JCVGPJYXTQWVHXKRA2C5KNZP,438,2024-01-17,2024-01-26,01JCVGZBKEVS0JJH7Z4ZZ0HGP4
145,01JCVGPJYTR18Q7QY4S4T9YX7W,255,2023-04-13,2023-04-26,01JCVGZBKYM7KH9FKTN4XG7N30
288,01JCVGPJZ5TTZXC07DPF4S0MMF,44,2024-01-19,2024-01-28,01JCVGZBBGT11R6834AE5PH453
607,01JCVGPJYK2RSHZAVHBG3JR24F,31,2024-02-13,2024-02-26,01JCVGZBQW7TW5HYMSC6V9GGH1
749,01JCVGPJZ5TTZXC07DPF4S0MMF,338,2023-01-23,2023-01-27,01JCVGZBJGPY35BT5DNT95WRP9
96,01JCVGPJYK2RSHZAVHBG3JR24F,154,2024-07-23,2024-08-03,01JCVGZBQ97WA9RHNA992MBJJH
459,01JCVGPJY93QDYBJ0EV2FXKAAB,185,2024-04-16,2024-04-28,01JCVGZBJT55B0JA81VWF2RSFH
463,01JCVGPJZ1M39Z16X2GYK7ATSE,145,2022-02-18,2022-02-21,01JCVGZBJ5Q4HAPB2C8V3P94J4
290,01JCVGPJYZ8QMYHNT7P6XVXW43,219,2024-01-21,2024-01-24,01JCVGZBBX3BJKVG76CWX74JW0
260,01JCVGPJYPD8SPVCK5VVYJG8QE,104,2022-11-18,2022-11-23,01JCVGZBKEVS0JJH7Z4ZZ0HGP4
545,01JCVGPJXYRQMQVN1CEZ07DX19,214,2023-06-20,2023-06-24,01JCVGZBRHDM40411PRRMEXK6P
402,01JCVGPJYTR18Q7QY4S4T9YX7W,148,2023-12-29,2023-12-30,01JCVGZBMBV9KFKQXWRJT926ZS
612,01JCVGPJYGMVGERRHFVGTS49JF,445,2024-01-28,2024-01-31,01JCVGZBKGYKZFAV4C64WQJ5DV
782,01JCVGPJYK2RSHZAVHBG3JR24F,143,2023-07-24,2023-07-29,01JCVGZBF19GZ7DVXH7DR2JTJP
23,01JCVGPJYHXTBZ1JZXB4PCSG07,305,2022-09-15,2022-09-18,01JCVGZBB7H6GMCX49EZG4D56W
128,01JCVGPJYDM9C41N3B27YRGP9N,467,2023-11-12,2023-11-14,01JCVGZBPPKQHH232HJZQ1731Y
884,01JCVGPJYZ8QMYHNT7P6XVXW43,110,,,01JCVGZBDBJG771PMTX0D2DPKV
1000,01JCVGPJYA85B1NZ0V878H3TRJ,175,2024-09-07,2024-09-08,01JCVGZBDDK3HRVXTEJV9556FH
960,01JCVGPJYZ8QMYHNT7P6XVXW43,308,2022-04-02,2022-04-12,01JCVGZBS2WHN3FVSXS86YKH52
56,01JCVGPJYGMVGERRHFVGTS49JF,270,2023-04-07,2023-04-10,01JCVGZBQHQA5WAVYZNQBY38RT
996,01JCVGPJYPD8SPVCK5VVYJG8QE,396,2022-01-03,2022-01-14,01JCVGZBFF4VR8KB39J2051FSK
62,01JCVGPJYHXTBZ1JZXB4PCSG07,475,2022-03-25,2022-04-08,01JCVGZBE3SQWJTNSZ2WZ7EVRG
805,01JCVGPJXYRQMQVN1CEZ07DX19,82,2023-05-22,2023-06-02,01JCVGZBHAS92DGHY6S69XP4AN
207,01JCVGPJYZ8QMYHNT7P6XVXW43,397,2023-04-19,2023-05-04,01JCVGZBHB42CTHBHQJJKFNSJ9
344,01JCVGPJYC703DRMSGEW1TA2F2,446,2023-06-05,2023-06-16,01JCVGZBEGA54JGWKZFPFYXXXM
764,01JCVGPJYHXTBZ1JZXB4PCSG07,321,2023-05-26,2023-05-31,01JCVGZBDM9313QXX8WPZETS5T
99,01JCVGPJYPD8SPVCK5VVYJG8QE,107,2023-12-24,2024-01-01,01JCVGZBMPS5610SSW8XVGTRCF
642,01JCVGPJYDM9C41N3B27YRGP9N,227,,,01JCVGZBEF6RREBY1SZ1581QQJ
673,01JCVGPJYC703DRMSGEW1TA2F2,221,2023-03-19,2023-04-01,01JCVGZBRF94HQNPYGMDE0B2E8
322,01JCVGPJZ1M39Z16X2GYK7ATSE,212,2022-08-10,2022-08-14,01JCVGZBMSEMGQBE6HVC8WMG3P
552,01JCVGPK02HBT2RAABKHYZ090T,110,2022-11-24,2022-12-02,01JCVGZBRPH9FYMYVC8TT9HE6Y
40,01JCVGPJYHXTBZ1JZXB4PCSG07,455,2024-11-07,2024-11-19,01JCVGZBHV6DP7VB2S48H9ET60
380,01JCVGPK02HBT2RAABKHYZ090T,406,2023-11-26,2023-11-29,01JCVGZBJT2ED4JRS9TPMSSHS1
784,01JCVGPJYHXTBZ1JZXB4PCSG07,183,2022-11-01,2022-11-07,01JCVGZBGQQH2FN5YY3H2N8286
791,01JCVGPJYXTQWVHXKRA2C5KNZP,437,,,01JCVGZBCPJG25PBBV43X022S9
296,01JCVGPJXYRQMQVN1CEZ07DX19,31,2024-09-30,2024-10-09,01JCVGZBQGJAEPGKRX044YCKVM
436,01JCVGPJZ5TTZXC07DPF4S0MMF,333,2024-06-11,2024-06-17,01JCVGZBMCVGQ7P88CBYY2F9CP
732,01JCVGPJZ5TTZXC07DPF4S0MMF,323,2022-11-15,2022-11-27,01JCVGZBH1P218QESAK5JD6HST
885,01JCVGPJYK2RSHZAVHBG3JR24F,380,2024-04-20,2024-05-02,01JCVGZBRJN2B96ZQCHDMRF51T
796,01JCVGPJZ1M39Z16X2GYK7ATSE,307,2022-05-01,2022-05-10,01JCVGZBPMPXXBSN28FGN92XRS
585,01JCVGPJXYRQMQVN1CEZ07DX19,170,2023-10-01,2023-10-16,01JCVGZBHFCFGM64F1EGKCH0Y0
893,01JCVGPJY93QDYBJ0EV2FXKAAB,460,2024-07-07,2024-07-13,01JCVGZBKCH8FR5JD7GZRY75ZR
955,01JCVGPJYGMVGERRHFVGTS49JF,130,2022-02-04,2022-02-15,01JCVGZBQ87J941GSWEAP54DM7
993,01JCVGPJYTR18Q7QY4S4T9YX7W,177,2021-11-21,2021-11-25,01JCVGZBM568D05B3JKPCAY3FJ
657,01JCVGPJZ5TTZXC07DPF4S0MMF,339,,,01JCVGZBPG473SRQX9549JBN9N
746,01JCVGPJYPD8SPVCK5VVYJG8QE,40,2022-07-29,2022-08-08,01JCVGZBHWARAQWMK2XVGP81RC
248,01JCVGPJYZ8QMYHNT7P6XVXW43,363,2022-02-14,2022-02-17,01JCVGZBRVGW9GE4NXAJBKYVJT
920,01JCVGPJYY2N2HHEQK87EQ6NFP,406,2022-04-09,2022-04-13,01JCVGZBD909K57GHHF6XZ15NE
874,01JCVGPJYGMVGERRHFVGTS49JF,25,2022-08-24,2022-09-08,01JCVGZBHCB156E8HWKCGRMK52
164,01JCVGPJYZ8QMYHNT7P6XVXW43,488,2023-08-21,2023-08-22,01JCVGZBM66TMMY09ZYCFPGET5
167,01JCVGPJYK2RSHZAVHBG3JR24F,289,2023-10-15,2023-10-21,01JCVGZBJFEAPYP9K9CWEK0A19
2,01JCVGPJYDM9C41N3B27YRGP9N,356,,,01JCVGZBRMZBS2NCH2SHEF7974
423,01JCVGPJYGMVGERRHFVGTS49JF,83,,,01JCVGZBRYK0TEDA65EF28DFJA
984,01JCVGPJYTR18Q7QY4S4T9YX7W,449,2022-01-29,2022-02-10,01JCVGZBJDDSWT6SD75MGHFDKV
108,01JCVGPJYJAPZB81K43TDMW7KV,275,,,01JCVGZBC0H3AV7W9WRXHBXMW7
203,01JCVGPJZ1M39Z16X2GYK7ATSE,89,2022-07-16,2022-07-28,01JCVGZBDJTER1VFEWSDQFX5QG
156,01JCVGPJY93QDYBJ0EV2FXKAAB,275,,,01JCVGZBGRK6M42XSTR4YDE8B7
628,01JCVGPJXYRQMQVN1CEZ07DX19,210,2024-08-09,2024-08-22,01JCVGZBHHYY36XNA2FQNPV541
399,01JCVGPJYXTQWVHXKRA2C5KNZP,125,2022-02-10,2022-02-21,01JCVGZBEMT7FNW9FRXDBG27R8
245,01JCVGPJYA85B1NZ0V878H3TRJ,264,2024-09-05,2024-09-09,01JCVGZBQM3M4KBHZGKNXRRGMF
777,01JCVGPJYGMVGERRHFVGTS49JF,288,2022-12-20,2022-12-30,01JCVGZBEKWF8SB8R9XZ1PNHXM
224,01JCVGPJZ1M39Z16X2GYK7ATSE,188,,,01JCVGZBJVRAMG789HE8YMB2GS
423,01JCVGPJYJAPZB81K43TDMW7KV,354,2023-07-23,2023-07-25,01JCVGZBDJE31EA8HPFKMFJ4S1
404,01JCVGPJYZ8QMYHNT7P6XVXW43,192,2022-09-17,2022-09-30,01JCVGZBGF0THSRABA6Y9GEPZE
733,01JCVGPJYPD8SPVCK5VVYJG8QE,306,,,01JCVGZBCS3NWNCAG69YSR6BAY
608,01JCVGPJXYRQMQVN1CEZ07DX19,267,2022-09-05,2022-09-14,01JCVGZBPX0R36YX2EGQNWZNJ0
297,01JCVGPJYK2RSHZAVHBG3JR24F,470,2024-09-01,2024-09-10,01JCVGZBS31C9MR4NR2KBZFQ1P
496,01JCVGPJYXTQWVHXKRA2C5KNZP,183,2024-03-15,2024-03-22,01JCVGZBRJD03VEFQMPT6FZ1GA
26,01JCVGPJZ5TTZXC07DPF4S0MMF,237,2021-12-20,2021-12-26,01JCVGZBF063FPW42Y56KVTC99
668,01JCVGPJYC703DRMSGEW1TA2F2,460,2023-11-24,2023-11-30,01JCVGZBQFC1ADBV62JRWEC8RG
125,01JCVGPJXYRQMQVN1CEZ07DX19,473,2024-09-06,2024-09-12,01JCVGZBKXWWYMTGHRFB8SVWSZ
456,01JCVGPK02HBT2RAABKHYZ090T,272,2022-10-05,2022-10-12,01JCVGZBRARC1RQQB6PWFJ8MG7
282,01JCVGPJYA85B1NZ0V878H3TRJ,93,2024-06-24,2024-06-25,01JCVGZBN14WDZ5GJ53H1NKSP4
921,01JCVGPJYGMVGERRHFVGTS49JF,85,2024-06-15,2024-06-20,01JCVGZBKEB907GB85NFBQFDT3
832,01JCVGPJYK2RSHZAVHBG3JR24F,456,2024-10-30,2024-11-04,01JCVGZBJAJWWY37GQ099DCSQC
557,01JCVGPJZ0AZRGV50T85771CPV,79,2024-02-23,2024-03-03,01JCVGZBH84KJDK4X6QNJTW1KV
103,01JCVGPJYY2N2HHEQK87EQ6NFP,127,2022-04-24,2022-05-07,01JCVGZBNW70TTZKPHQZSXWR9C
507,01JCVGPJYHXTBZ1JZXB4PCSG07,418,2023-11-25,2023-11-26,01JCVGZBQ54D5RFF2QKAHN4MDR
88,01JCVGPJYZ8QMYHNT7P6XVXW43,67,2022-01-31,2022-02-08,01JCVGZBB27CYNW67G6J9R5DYA
498,01JCVGPK02HBT2RAABKHYZ090T,277,2022-02-25,2022-03-11,01JCVGZBDYNWA5KP651FGP4D4Z
858,01JCVGPJYC703DRMSGEW1TA2F2,351,2022-03-24,2022-03-29,01JCVGZBM2AXXW0WZ6MSKG16BM
127,01JCVGPJYGMVGERRHFVGTS49JF,119,2024-07-01,2024-07-02,01JCVGZBMW7P1N05M0ZQM32M5N
798,01JCVGPJYA85B1NZ0V878H3TRJ,405,2022-02-17,2022-02-27,01JCVGZBK72N92JJ8TAEACWRBJ
471,01JCVGPJYJAPZB81K43TDMW7KV,481,2024-10-28,2024-10-31,01JCVGZBHNYJ5AAGPJ7RY2F07C
687,01JCVGPJYXTQWVHXKRA2C5KNZP,360,2022-09-27,2022-10-04,01JCVGZBMKSE2J4K0NRVYNTMFJ
783,01JCVGPJXYRQMQVN1CEZ07DX19,133,2022-07-21,2022-07-31,01JCVGZBKW4RYG28PW1C1X2DJG
359,01JCVGPJYPD8SPVCK5VVYJG8QE,214,2023-07-29,2023-08-07,01JCVGZBDAM5K9XKDFHW5FGT3X
887,01JCVGPJY93QDYBJ0EV2FXKAAB,227,2022-03-30,2022-04-06,01JCVGZBDPJ4NDAKYMN8P3HXXA
606,01JCVGPJYJAPZB81K43TDMW7KV,173,2023-07-14,2023-07-23,01JCVGZBQGZKCZK852E2PBT417
425,01JCVGPJZ5TTZXC07DPF4S0MMF,474,2022-01-15,2022-01-30,01JCVGZBKACRQHWPEMR3CJQSCR
73,01JCVGPJYJAPZB81K43TDMW7KV,137,2023-09-17,2023-09-22,01JCVGZBHSFPJGRGPR8J5PZKFY
250,01JCVGPJYZ8QMYHNT7P6XVXW43,127,2023-05-03,2023-05-12,01JCVGZBRA1Q2TCGTMREFJNNCC
824,01JCVGPJYC703DRMSGEW1TA2F2,179,2022-11-05,2022-11-12,01JCVGZBG506WJYH3DWH54G9KY
720,01JCVGPJYA85B1NZ0V878H3TRJ,109,2022-06-24,2022-07-09,01JCVGZBF3Z3JN5S6PAX12743S
124,01JCVGPJY93QDYBJ0EV2FXKAAB,401,2022-07-07,2022-07-10,01JCVGZBMBV9KFKQXWRJT926ZS
644,01JCVGPJYDM9C41N3B27YRGP9N,35,2024-03-14,2024-03-16,01JCVGZBC40JP7F1XFSAJMWF9M
279,01JCVGPJYY2N2HHEQK87EQ6NFP,296,2024-02-06,2024-02-11,01JCVGZBCS3NWNCAG69YSR6BAY
683,01JCVGPJYTR18Q7QY4S4T9YX7W,457,2023-08-11,2023-08-17,01JCVGZBPCEMSSEM6M726524W4
596,01JCVGPJYTR18Q7QY4S4T9YX7W,455,2024-06-08,2024-06-23,01JCVGZBARP4352C67B2JEPS0G
584,01JCVGPJYPD8SPVCK5VVYJG8QE,500,2024-09-07,2024-09-14,01JCVGZBPQ0JYYFXQBKATFCW4M
184,01JCVGPJYY2N2HHEQK87EQ6NFP,276,2023-07-14,2023-07-16,01JCVGZBKC1CTD3F5RXSKC4GK5
21,01JCVGPJYXTQWVHXKRA2C5KNZP,308,2023-10-08,2023-10-15,01JCVGZBKKXM7NF7JP7GX6V0XP
809,01JCVGPJYZ8QMYHNT7P6XVXW43,428,2023-05-23,2023-06-03,01JCVGZBE3SQWJTNSZ2WZ7EVRG
105,01JCVGPJYK2RSHZAVHBG3JR24F,444,,,01JCVGZBDNAAD8JS9DABXN83J0
405,01JCVGPJYK2RSHZAVHBG3JR24F,271,2023-04-16,2023-04-19,01JCVGZBMN5JBTN6R15KHEF7TG
19,01JCVGPJYHXTBZ1JZXB4PCSG07,73,2022-06-01,2022-06-05,01JCVGZBFHZRVYMG4JJ4AW0844
701,01JCVGPJZ5TTZXC07DPF4S0MMF,129,2021-11-20,2021-11-28,01JCVGZBH6VNADVGFQ4ANT5JSA
422,01JCVGPJYMNFA8NSGSWCQKC63Q,398,2022-06-05,2022-06-16,01JCVGZBNFXQXTBKQYHWES1AH0
128,01JCVGPJYXTQWVHXKRA2C5KNZP,296,2022-01-25,2022-02-06,01JCVGZBDNDB34RAW83Q7WMZWG
627,01JCVGPJYA85B1NZ0V878H3TRJ,233,2024-08-28,2024-09-04,01JCVGZBCFVP0R648E6PFM53S2
796,01JCVGPJXYRQMQVN1CEZ07DX19,321,2024-05-07,2024-05-08,01JCVGZBBPMKQAJKAQ0G94TVW4
834,01JCVGPJYXTQWVHXKRA2C5KNZP,260,2022-01-31,2022-02-10,01JCVGZBPDFGMXH11ZEK8PYX0N
660,01JCVGPJY93QDYBJ0EV2FXKAAB,261,2024-07-24,2024-07-27,01JCVGZBPVPFAHBFWNBT8810Y0
257,01JCVGPJYXTQWVHXKRA2C5KNZP,435,2021-11-06,2021-11-08,01JCVGZBAVM6GR38H4FY4EHQEJ
431,01JCVGPK02HBT2RAABKHYZ090T,335,2024-01-30,2024-02-07,01JCVGZBRABJ2948C5FNC8NXCA
652,01JCVGPJYMNFA8NSGSWCQKC63Q,328,2022-10-19,2022-10-25,01JCVGZBDDK3HRVXTEJV9556FH
782,01JCVGPJZ0AZRGV50T85771CPV,369,2023-05-04,2023-05-11,01JCVGZBM93WHXTE76G612GTBZ
43,01JCVGPJYJAPZB81K43TDMW7KV,47,2024-03-16,2024-03-27,01JCVGZBJA90EJJKZRCAFB4JCH
451,01JCVGPJYA85B1NZ0V878H3TRJ,70,2022-07-01,2022-07-16,01JCVGZBCMJKENQ82DTN3MVWYA
752,01JCVGPJXYRQMQVN1CEZ07DX19,492,2023-07-29,2023-07-31,01JCVGZBFRWS90V7QPFHB8C4A4
19,01JCVGPJXYRQMQVN1CEZ07DX19,260,,,01JCVGZBB8NE5Q3WB4YZ4K5ETC
866,01JCVGPJZ0AZRGV50T85771CPV,380,2022-05-23,2022-05-26,01JCVGZBHT0SQT7SC260GXDN4C
805,01JCVGPJZ0AZRGV50T85771CPV,397,2022-04-23,2022-04-25,01JCVGZBEPSDABV4NN815QXW2X
919,01JCVGPJYA85B1NZ0V878H3TRJ,205,2022-08-23,2022-08-29,01JCVGZBG2TYFPT4Z5QT11725P
162,01JCVGPJYK2RSHZAVHBG3JR24F,22,2023-03-03,2023-03-08,01JCVGZBD1YZM5VE7C9290Y6HC
367,01JCVGPJYMNFA8NSGSWCQKC63Q,376,2024-08-01,2024-08-11,01JCVGZBQN3ZJJP9WXS91W507S
764,01JCVGPJYXTQWVHXKRA2C5KNZP,261,2023-06-09,2023-06-14,01JCVGZBFQ0G41T04AX5HHGAZ3
454,01JCVGPJZ1M39Z16X2GYK7ATSE,453,2024-11-06,2024-11-16,01JCVGZBHZ7FFQG2XC9HDGNNQR
453,01JCVGPJXYRQMQVN1CEZ07DX19,27,2023-12-02,2023-12-06,01JCVGZBBJEBYDTCGF4D2MYRQ7
914,01JCVGPJZ5TTZXC07DPF4S0MMF,350,2024-02-25,2024-03-03,01JCVGZBQ5QST0GQWD6JHY8WJQ
956,01JCVGPJYGMVGERRHFVGTS49JF,320,2022-02-28,2022-03-09,01JCVGZBRDC4MA5CWC346EPS8J
470,01JCVGPJYXTQWVHXKRA2C5KNZP,162,2023-05-14,2023-05-26,01JCVGZBHTZXBH482H570EQSH8
915,01JCVGPJZ0AZRGV50T85771CPV,454,2022-05-08,2022-05-09,01JCVGZBMC46PR25AKK5T3ETNB
588,01JCVGPJYA85B1NZ0V878H3TRJ,269,,,01JCVGZBP264BXX6FZQMSBA4MT
804,01JCVGPJYA85B1NZ0V878H3TRJ,71,2024-02-18,2024-02-20,01JCVGZBQ0Q9Z8NQPP3QS7WBMD
756,01JCVGPJYMNFA8NSGSWCQKC63Q,218,2022-01-17,2022-01-22,01JCVGZBQ9C2TRXW0VC6HG6KZV
407,01JCVGPJYJAPZB81K43TDMW7KV,403,2024-07-18,2024-07-24,01JCVGZBRRZH0PVXBYCY9VDYFG
110,01JCVGPJYHXTBZ1JZXB4PCSG07,87,2024-09-10,2024-09-12,01JCVGZBAMA6NHZBFA0K83VH69
338,01JCVGPK02HBT2RAABKHYZ090T,404,2024-10-24,2024-11-02,01JCVGZBQCCVCZCWT4D7RJC5R4
764,01JCVGPJZ0AZRGV50T85771CPV,413,2024-11-06,2024-11-10,01JCVGZBNHBFAZWQ8G0N6QYEE3
446,01JCVGPJYTR18Q7QY4S4T9YX7W,256,2023-02-07,2023-02-10,01JCVGZBMEKRCFD4455F70NXGJ
494,01JCVGPJZ0AZRGV50T85771CPV,68,2024-05-03,2024-05-13,01JCVGZBGZMZEV301DVVW9ZJQS
101,01JCVGPJYXTQWVHXKRA2C5KNZP,491,2023-11-16,2023-11-23,01JCVGZBDJTER1VFEWSDQFX5QG
651,01JCVGPJYPD8SPVCK5VVYJG8QE,379,2023-09-11,2023-09-14,01JCVGZBMKJHBZXXWZWHB97NK5
392,01JCVGPJYK2RSHZAVHBG3JR24F,358,2024-07-19,2024-07-22,01JCVGZBB0R789SD4E34S6PYPD
38,01JCVGPJYPD8SPVCK5VVYJG8QE,356,,,01JCVGZBN95AEFYRQS0ZGDEMJT
824,01JCVGPJYTR18Q7QY4S4T9YX7W,433,2023-11-08,2023-11-10,01JCVGZBMXRDYQJERRFNNR8BV2
45,01JCVGPJYTR18Q7QY4S4T9YX7W,369,,,01JCVGZBF2MQR6PTRA1DATMBK9
398,01JCVGPJYC703DRMSGEW1TA2F2,343,2024-06-07,2024-06-20,01JCVGZBJ45T4Q7YRYW6PVWJHY
605,01JCVGPJYY2N2HHEQK87EQ6NFP,81,2024-01-09,2024-01-19,01JCVGZBR6RM2BFF0YR7ZRRKGM
817,01JCVGPJYMNFA8NSGSWCQKC63Q,350,2023-07-16,2023-07-30,01JCVGZBGKRWAMSADVMA2BJMD7
901,01JCVGPJZ1M39Z16X2GYK7ATSE,189,2022-07-13,2022-07-16,01JCVGZBQX06SHDDK2282DKDB1
167,01JCVGPJZ1M39Z16X2GYK7ATSE,376,2024-11-10,2024-11-22,01JCVGZBMTFVRD5XGW3FXPZGRX
780,01JCVGPJZ5TTZXC07DPF4S0MMF,378,2022-07-02,2022-07-15,01JCVGZBG9240VA3P6TX9ZW0Z0
805,01JCVGPJYJAPZB81K43TDMW7KV,290,2024-08-16,2024-08-18,01JCVGZBMCVGQ7P88CBYY2F9CP
620,01JCVGPJYXTQWVHXKRA2C5KNZP,95,2024-03-05,2024-03-11,01JCVGZBHT0SQT7SC260GXDN4C
376,01JCVGPJYXTQWVHXKRA2C5KNZP,320,,,01JCVGZBQQKFZAC9QFWMBNB8KE
978,01JCVGPJYGMVGERRHFVGTS49JF,190,2024-09-02,2024-09-14,01JCVGZBKB0Y3PW59CCRN44PJM
623,01JCVGPJYHXTBZ1JZXB4PCSG07,265,2022-04-17,2022-04-20,01JCVGZBKS95KW23WM87DYAYE1
940,01JCVGPJYA85B1NZ0V878H3TRJ,461,2022-02-17,2022-03-03,01JCVGZBHG3XKSV785KV2KEP23
274,01JCVGPJYGMVGERRHFVGTS49JF,127,2024-07-25,2024-08-06,01JCVGZBJEGNCFY39MSRBAP9DT
127,01JCVGPJYY2N2HHEQK87EQ6NFP,298,2022-08-22,2022-09-01,01JCVGZBF6EGS4WRZ1HQXS5PD4
412,01JCVGPJZ5TTZXC07DPF4S0MMF,311,2023-06-27,2023-06-29,01JCVGZBNXK3G47F4PM9TK8TWD
215,01JCVGPJYGMVGERRHFVGTS49JF,436,2024-05-09,2024-05-19,01JCVGZBJA78A8383YZPBZD0GW
1000,01JCVGPJYDM9C41N3B27YRGP9N,213,2022-03-20,2022-04-02,01JCVGZBFS3B8AXXD17F6CP17S
718,01JCVGPJYPD8SPVCK5VVYJG8QE,345,2023-07-07,2023-07-21,01JCVGZBM66TMMY09ZYCFPGET5
974,01JCVGPJYC703DRMSGEW1TA2F2,259,2022-04-01,2022-04-14,01JCVGZBHNFMNZZGZVRPH174YT
973,01JCVGPJYK2RSHZAVHBG3JR24F,492,2022-01-12,2022-01-21,01JCVGZBR92DSD3G3YDZWJ17F0
584,01JCVGPJXYRQMQVN1CEZ07DX19,386,2023-04-26,2023-05-02,01JCVGZBQXA95QYPWGDSSVBB7W
83,01JCVGPJYY2N2HHEQK87EQ6NFP,244,2024-05-12,2024-05-14,01JCVGZBM1GMJNE96T27YJBPT4
632,01JCVGPJYPD8SPVCK5VVYJG8QE,384,,,01JCVGZBJ9TQFAK9QRZRA76YQP
366,01JCVGPJYY2N2HHEQK87EQ6NFP,345,2022-02-08,2022-02-10,01JCVGZBQX06SHDDK2282DKDB1
644,01JCVGPJYMNFA8NSGSWCQKC63Q,134,2022-06-23,2022-07-01,01JCVGZBF0SWK6D5E41FWAWD7Q
940,01JCVGPJYJAPZB81K43TDMW7KV,150,2024-07-30,2024-08-03,01JCVGZBRTK276QCAF3Q1TCRHW
240,01JCVGPJYDM9C41N3B27YRGP9N,381,,,01JCVGZBH6GWPQ2C3MDM1HPRFV
463,01JCVGPJXYRQMQVN1CEZ07DX19,249,2022-05-14,2022-05-26,01JCVGZBFM7Q5J7NNYHPMG4RKQ
306,01JCVGPJYC703DRMSGEW1TA2F2,338,2023-02-13,2023-02-16,01JCVGZBJPHQ0SSTMTYZ8S38Z3
798,01JCVGPJYY2N2HHEQK87EQ6NFP,292,2022-12-13,2022-12-17,01JCVGZBP976AQMEZ7H6SGBPPP
55,01JCVGPJYGMVGERRHFVGTS49JF,257,2022-07-31,2022-08-05,01JCVGZBEYA6EAF5YB84RGYG3M
641,01JCVGPJYJAPZB81K43TDMW7KV,330,2022-10-21,2022-10-29,01JCVGZBCCV1JKRXV62Z8KMC3H
13,01JCVGPJYHXTBZ1JZXB4PCSG07,25,2023-01-21,2023-01-26,01JCVGZBF5MHQ90A8P30TCQ1RH
289,01JCVGPJZ0AZRGV50T85771CPV,454,2023-12-16,2023-12-30,01JCVGZBC4EYREW74Y435480W8
368,01JCVGPJXYRQMQVN1CEZ07DX19,116,2024-04-23,2024-05-04,01JCVGZBH1P218QESAK5JD6HST
403,01JCVGPJYDM9C41N3B27YRGP9N,207,,,01JCVGZBCVAH52PTXSRT7S3HWW
712,01JCVGPJZ5TTZXC07DPF4S0MMF,427,2024-08-25,2024-09-09,01JCVGZBEZJ7X6HDPGNMASA494
380,01JCVGPJYDM9C41N3B27YRGP9N,139,2022-04-04,2022-04-07,01JCVGZBR8YD5JBQA24RX6B8CN
554,01JCVGPJZ5TTZXC07DPF4S0MMF,107,2024-07-10,2024-07-21,01JCVGZBNSHNH60Z8KTHZKS26N
500,01JCVGPJYK2RSHZAVHBG3JR24F,286,2023-01-31,2023-02-11,01JCVGZBFDFHXGJH97KQX7M4SX
164,01JCVGPJYTR18Q7QY4S4T9YX7W,70,2023-12-23,2024-01-01,01JCVGZBMEKKF1PJM790KR774A
734,01JCVGPK02HBT2RAABKHYZ090T,87,2023-09-04,2023-09-18,01JCVGZBMC8GTAKD3PX25H3JME
123,01JCVGPJYC703DRMSGEW1TA2F2,348,2022-11-10,2022-11-19,01JCVGZBN0N6B9N4ESD78A5TPH
880,01JCVGPJYMNFA8NSGSWCQKC63Q,238,2022-07-27,2022-08-05,01JCVGZBH2D0ES8K63RNRKF2VQ
569,01JCVGPJYA85B1NZ0V878H3TRJ,145,2022-10-21,2022-11-01,01JCVGZBQDH8MS11AEMVRVJV6S
683,01JCVGPJYGMVGERRHFVGTS49JF,462,2022-08-06,2022-08-20,01JCVGZBC18NEESCVFXCX74SEZ
973,01JCVGPK02HBT2RAABKHYZ090T,450,2022-03-04,2022-03-17,01JCVGZBMC46PR25AKK5T3ETNB
66,01JCVGPJZ1M39Z16X2GYK7ATSE,116,2024-04-25,2024-05-01,01JCVGZBJFEAPYP9K9CWEK0A19
573,01JCVGPJXYRQMQVN1CEZ07DX19,25,2022-05-21,2022-06-05,01JCVGZBCZKAV4YVY3AXX7J9H8
113,01JCVGPJYK2RSHZAVHBG3JR24F,256,2023-05-23,2023-05-30,01JCVGZBNP3RZ5DY59CFEWN55R
964,01JCVGPJZ1M39Z16X2GYK7ATSE,348,2022-01-13,2022-01-14,01JCVGZBR6HF77CDDJ1CSXAQ2Q
946,01JCVGPJZ1M39Z16X2GYK7ATSE,316,,,01JCVGZBHRGXZ4WQ995T677T2M
828,01JCVGPJYC703DRMSGEW1TA2F2,128,2023-12-24,2023-12-28,01JCVGZBR283ECNWWV3E5GV4R6
946,01JCVGPJYTR18Q7QY4S4T9YX7W,187,,,01JCVGZBE5PP27655V0M9TCW1A
918,01JCVGPJZ1M39Z16X2GYK7ATSE,146,2022-10-26,2022-10-27,01JCVGZBM7DSWVWWPTSK64JFR8
928,01JCVGPJYC703DRMSGEW1TA2F2,371,2024-04-24,2024-05-06,01JCVGZBGE0N82WBVTN22DQZVW
675,01JCVGPJYDM9C41N3B27YRGP9N,200,2023-12-11,2023-12-19,01JCVGZBP2GPXKTW1X3V8XAWGE
950,01JCVGPJXYRQMQVN1CEZ07DX19,243,2024-11-10,2024-11-22,01JCVGZBDKFHFCN8997456ZBD1
672,01JCVGPJYXTQWVHXKRA2C5KNZP,462,2024-09-14,2024-09-28,01JCVGZBM568D05B3JKPCAY3FJ
862,01JCVGPJZ0AZRGV50T85771CPV,232,2021-12-06,2021-12-16,01JCVGZBQ1MG4SAC7K8CN5CD2R
4,01JCVGPJYC703DRMSGEW1TA2F2,78,2023-01-09,2023-01-10,01JCVGZBQQKFZAC9QFWMBNB8KE
946,01JCVGPJYZ8QMYHNT7P6XVXW43,92,2022-06-28,2022-07-02,01JCVGZBJQ8YSFG7H2Z7071AJP
163,01JCVGPJYPD8SPVCK5VVYJG8QE,357,2023-12-22,2023-12-30,01JCVGZBFDFHXGJH97KQX7M4SX
543,01JCVGPJYK2RSHZAVHBG3JR24F,481,2022-03-28,2022-04-05,01JCVGZBD9ETQK6ZBRE0FSYD3Q
392,01JCVGPJYMNFA8NSGSWCQKC63Q,91,2024-05-03,2024-05-15,01JCVGZBQFPT1ZGBXSWJKNQ8S3
432,01JCVGPJXYRQMQVN1CEZ07DX19,55,2024-07-11,2024-07-22,01JCVGZBR8RPKXDC2WVCDZ27GW
56,01JCVGPJYJAPZB81K43TDMW7KV,485,2022-01-09,2022-01-23,01JCVGZBJ8Q0MAZ11PMMXV47YY
132,01JCVGPJXYRQMQVN1CEZ07DX19,367,2024-06-16,2024-06-23,01JCVGZBK04WECMM45FA844QYY
198,01JCVGPJYA85B1NZ0V878H3TRJ,184,2022-11-06,2022-11-18,01JCVGZBQ1MG4SAC7K8CN5CD2R
693,01JCVGPJY93QDYBJ0EV2FXKAAB,491,2022-09-04,2022-09-15,01JCVGZBRYK0TEDA65EF28DFJA
339,01JCVGPJYGMVGERRHFVGTS49JF,161,2024-07-25,2024-07-30,01JCVGZBH2D0ES8K63RNRKF2VQ
790,01JCVGPJYGMVGERRHFVGTS49JF,307,2024-04-04,2024-04-11,01JCVGZBH6VNADVGFQ4ANT5JSA
864,01JCVGPJXYRQMQVN1CEZ07DX19,239,2022-06-14,2022-06-27,01JCVGZBN9BSJRNVSMVHHA1NVK
50,01JCVGPJYDM9C41N3B27YRGP9N,301,2022-01-11,2022-01-21,01JCVGZBG4YYZ8XKKSYPEXKQXB
667,01JCVGPJYJAPZB81K43TDMW7KV,234,,,01JCVGZBRBPSKC20HB2G3FPZQV
872,01JCVGPJYA85B1NZ0V878H3TRJ,495,2022-12-18,2022-12-19,01JCVGZBF1R1B3C47FVT41EGNY
508,01JCVGPJYC703DRMSGEW1TA2F2,173,2023-08-28,2023-09-04,01JCVGZBFB9FS7K3HH5YMC750G
643,01JCVGPJYA85B1NZ0V878H3TRJ,148,2022-09-07,2022-09-19,01JCVGZBCKQ67BQKSY5SZEBGAZ
380,01JCVGPJY93QDYBJ0EV2FXKAAB,252,2024-08-07,2024-08-20,01JCVGZBGV7NKAWE70EBKRXC5E
659,01JCVGPJXYRQMQVN1CEZ07DX19,383,2022-12-10,2022-12-22,01JCVGZBK4649RACB2JX75E3FG
391,01JCVGPJYTR18Q7QY4S4T9YX7W,344,2021-12-07,2021-12-20,01JCVGZBCZ3TVY32Y9RZ9J29H3
45,01JCVGPJYMNFA8NSGSWCQKC63Q,458,2023-09-08,2023-09-09,01JCVGZBDGJSV9X0FKA369TM5P
746,01JCVGPJYDM9C41N3B27YRGP9N,48,2023-04-18,2023-04-25,01JCVGZBC3WY8475CBQQW7EF6P
59,01JCVGPJZ5TTZXC07DPF4S0MMF,109,2022-08-25,2022-09-05,01JCVGZBG7C3MVQCXEVKJ1M233
920,01JCVGPJY93QDYBJ0EV2FXKAAB,28,2023-11-06,2023-11-12,01JCVGZBCGXAZ84F25SSB37YAW
600,01JCVGPJYTR18Q7QY4S4T9YX7W,355,2022-03-19,2022-03-23,01JCVGZBQ97WA9RHNA992MBJJH
362,01JCVGPJXYRQMQVN1CEZ07DX19,233,2023-09-06,2023-09-18,01JCVGZBNAY17RM24GX0T0TPCT
824,01JCVGPJYJAPZB81K43TDMW7KV,498,,,01JCVGZBBPGGBXNQCWESV51GYC
547,01JCVGPJYZ8QMYHNT7P6XVXW43,77,2022-03-08,2022-03-20,01JCVGZBN6PSW16TYGRE9KKQYJ
71,01JCVGPK02HBT2RAABKHYZ090T,440,2023-08-29,2023-09-07,01JCVGZBN3R8037JXTJBRE4Q8N
8,01JCVGPJYA85B1NZ0V878H3TRJ,440,2024-02-13,2024-02-21,01JCVGZBKGDNZY63Z1QHNE3W28
883,01JCVGPJY93QDYBJ0EV2FXKAAB,143,2022-03-09,2022-03-18,01JCVGZBEDADBCW906DBWR6QMK
943,01JCVGPJYDM9C41N3B27YRGP9N,113,,,01JCVGZBQRH29TWGKV0APJNYS8
700,01JCVGPJZ5TTZXC07DPF4S0MMF,137,2021-11-28,2021-12-01,01JCVGZBGM66BT09DW97R85EBT
407,01JCVGPJYZ8QMYHNT7P6XVXW43,65,,,01JCVGZBCZKAV4YVY3AXX7J9H8
105,01JCVGPJXYRQMQVN1CEZ07DX19,161,2022-04-10,2022-04-22,01JCVGZBK1TSYX9BYGEWP557BC
115,01JCVGPJYGMVGERRHFVGTS49JF,81,2023-06-24,2023-07-07,01JCVGZBAZT1CNB8DQXZT1ZTD9
145,01JCVGPJYGMVGERRHFVGTS49JF,218,2021-12-06,2021-12-15,01JCVGZBMZ3BKET1YEZK53ZE0M
130,01JCVGPJXYRQMQVN1CEZ07DX19,277,2023-05-09,2023-05-19,01JCVGZBKMBN8KXJJ1ZGN3WFYB
482,01JCVGPJYZ8QMYHNT7P6XVXW43,123,2023-10-01,2023-10-02,01JCVGZBNJ245CBAKY4HTTD65X
304,01JCVGPJXYRQMQVN1CEZ07DX19,365,2022-06-05,2022-06-20,01JCVGZBMRP2C9GN6Z56Y0RAPN
644,01JCVGPK02HBT2RAABKHYZ090T,419,2023-02-11,2023-02-17,01JCVGZBNMXK5DYQTQ51HDX64N
712,01JCVGPJYGMVGERRHFVGTS49JF,331,2024-08-31,2024-09-05,01JCVGZBP1WASWMAN8CSYT4ZC5
129,01JCVGPJYZ8QMYHNT7P6XVXW43,345,2023-08-08,2023-08-23,01JCVGZBHY4Q0STN8NBK730YFA
845,01JCVGPJYHXTBZ1JZXB4PCSG07,196,2022-05-14,2022-05-15,01JCVGZBD30Y57WH09QHQJ1772
379,01JCVGPJY93QDYBJ0EV2FXKAAB,26,2022-10-20,2022-10-23,01JCVGZBPFMNC69K97D2JS55VC
645,01JCVGPJYY2N2HHEQK87EQ6NFP,127,2022-09-12,2022-09-24,01JCVGZBB9Z2TKHRR050VEMBKP
131,01JCVGPJYMNFA8NSGSWCQKC63Q,467,2022-05-02,2022-05-16,01JCVGZBE0X4XDN6RK1SGFEMZV
471,01JCVGPJYGMVGERRHFVGTS49JF,475,2023-06-12,2023-06-14,01JCVGZBKANX1H0J97PN79GB08
558,01JCVGPJYK2RSHZAVHBG3JR24F,401,2022-02-22,2022-03-08,01JCVGZBB036G64WN2T46KHQVP
955,01JCVGPJY93QDYBJ0EV2FXKAAB,287,,,01JCVGZBGWRRK9AYM09EVDKHME
376,01JCVGPJYMNFA8NSGSWCQKC63Q,427,2022-07-16,2022-07-23,01JCVGZBAY2EGASKPSFHQ4TP7Q
302,01JCVGPJZ0AZRGV50T85771CPV,445,2022-01-06,2022-01-19,01JCVGZBN81WZNK117XZSM6472
804,01JCVGPJYY2N2HHEQK87EQ6NFP,297,2024-10-05,2024-10-18,01JCVGZBHV6DP7VB2S48H9ET60
663,01JCVGPJYTR18Q7QY4S4T9YX7W,282,2023-03-24,2023-03-25,01JCVGZBF6EGS4WRZ1HQXS5PD4
570,01JCVGPJYZ8QMYHNT7P6XVXW43,97,2024-05-31,2024-06-08,01JCVGZBCM5Q4CAF1K9RAN0SQR
397,01JCVGPJYXTQWVHXKRA2C5KNZP,462,2024-02-03,2024-02-13,01JCVGZBG0DS6VEH8EBY20Z10A
236,01JCVGPJZ5TTZXC07DPF4S0MMF,452,2022-10-04,2022-10-11,01JCVGZBHSFPJGRGPR8J5PZKFY
474,01JCVGPJYPD8SPVCK5VVYJG8QE,288,2022-06-09,2022-06-13,01JCVGZBQM44M5WFVH0QH4SWKQ
721,01JCVGPJYDM9C41N3B27YRGP9N,111,2022-01-05,2022-01-11,01JCVGZBRHDM40411PRRMEXK6P
482,01JCVGPJYXTQWVHXKRA2C5KNZP,402,2023-08-25,2023-08-29,01JCVGZBANX5EKM1TFN2AB9F09
200,01JCVGPJYJAPZB81K43TDMW7KV,126,2022-07-20,2022-08-02,01JCVGZBHXTCAWAV8E3A7T7Y25
453,01JCVGPJZ5TTZXC07DPF4S0MMF,28,,,01JCVGZBB036G64WN2T46KHQVP
51,01JCVGPJYY2N2HHEQK87EQ6NFP,291,2021-11-03,2021-11-10,01JCVGZBHZ7FFQG2XC9HDGNNQR
264,01JCVGPJYGMVGERRHFVGTS49JF,414,2023-08-11,2023-08-18,01JCVGZBNYC0YHXQAZG9D06JYN
438,01JCVGPJYK2RSHZAVHBG3JR24F,449,2022-07-15,2022-07-25,01JCVGZBJ7X2YWEJ3GPTBCMZS9
407,01JCVGPJYMNFA8NSGSWCQKC63Q,231,2023-01-21,2023-02-05,01JCVGZBBTF0DF2SQXTGR52Y5V
743,01JCVGPJYA85B1NZ0V878H3TRJ,256,,,01JCVGZBBRJ65ESJQDFZT2QAKF
332,01JCVGPJYMNFA8NSGSWCQKC63Q,242,2024-06-24,2024-07-09,01JCVGZBG8R1NV8CJ6BN8K6GTR
167,01JCVGPK02HBT2RAABKHYZ090T,471,2024-02-25,2024-02-26,01JCVGZBM93WHXTE76G612GTBZ
753,01JCVGPJYGMVGERRHFVGTS49JF,298,2022-08-18,2022-08-19,01JCVGZBGX55DVPT3444XGT0PM
164,01JCVGPJYXTQWVHXKRA2C5KNZP,186,2022-10-26,2022-11-06,01JCVGZBNEFVBQWC27WHSBWVQA
291,01JCVGPJYY2N2HHEQK87EQ6NFP,144,2023-12-01,2023-12-05,01JCVGZBAZT1CNB8DQXZT1ZTD9
297,01JCVGPJYJAPZB81K43TDMW7KV,98,2023-10-13,2023-10-27,01JCVGZBKANX1H0J97PN79GB08
788,01JCVGPJYTR18Q7QY4S4T9YX7W,220,2023-01-25,2023-02-06,01JCVGZBNBBYNR4N18M4BN10HH
284,01JCVGPJYZ8QMYHNT7P6XVXW43,335,2022-05-28,2022-06-02,01JCVGZBTNVQW9WN3E8M2RKEF2
26,01JCVGPJZ5TTZXC07DPF4S0MMF,283,2023-08-19,2023-08-29,01JCVGZBK04WECMM45FA844QYY
720,01JCVGPJYDM9C41N3B27YRGP9N,370,2023-05-16,2023-05-23,01JCVGZBG5SYB38WSP5T98RJZ2
828,01JCVGPJYMNFA8NSGSWCQKC63Q,350,2024-05-16,2024-05-18,01JCVGZBKJT5NF8VHQTXRHPCKX
786,01JCVGPJZ0AZRGV50T85771CPV,348,2023-02-15,2023-02-20,01JCVGZBCV08W4BSXCY16TZNYK
758,01JCVGPJYY2N2HHEQK87EQ6NFP,184,2022-11-02,2022-11-16,01JCVGZBJNZ339S3QQMMNY8KA3
900,01JCVGPJY93QDYBJ0EV2FXKAAB,422,2021-12-17,2021-12-28,01JCVGZBMBZHN4C7SSXYWQCYZQ
935,01JCVGPJYK2RSHZAVHBG3JR24F,377,2023-01-16,2023-01-25,01JCVGZBJW9HC16Z4D86B653RF
717,01JCVGPJYK2RSHZAVHBG3JR24F,346,2022-06-03,2022-06-18,01JCVGZBGMAXXCT33KQNKX3C1A
109,01JCVGPJYZ8QMYHNT7P6XVXW43,371,2023-01-08,2023-01-12,01JCVGZBJD928Q1ACKWGQR3QM9
866,01JCVGPJYJAPZB81K43TDMW7KV,309,2023-07-12,2023-07-27,01JCVGZBE424RJCVYPNHEKCSAZ
686,01JCVGPJYA85B1NZ0V878H3TRJ,286,2024-09-23,2024-10-04,01JCVGZBR59GAC7BD1ANRJ3464
275,01JCVGPJY93QDYBJ0EV2FXKAAB,272,2022-01-26,2022-02-02,01JCVGZBG3GHDR7VKV2JZS4M13
97,01JCVGPJYDM9C41N3B27YRGP9N,69,2023-11-17,2023-11-18,01JCVGZBMQZV153V8JEEZ0WAE2
933,01JCVGPJYC703DRMSGEW1TA2F2,335,2024-10-08,2024-10-17,01JCVGZBK72N92JJ8TAEACWRBJ
968,01JCVGPK02HBT2RAABKHYZ090T,326,2023-01-09,2023-01-23,01JCVGZBK4649RACB2JX75E3FG
781,01JCVGPJYZ8QMYHNT7P6XVXW43,133,2023-02-11,2023-02-22,01JCVGZBHB42CTHBHQJJKFNSJ9
283,01JCVGPJY93QDYBJ0EV2FXKAAB,282,2022-03-26,2022-04-01,01JCVGZBPQ0JYYFXQBKATFCW4M
378,01JCVGPJYGMVGERRHFVGTS49JF,391,2022-07-12,2022-07-17,01JCVGZBQYWV5MX3N45ENJKEWC
203,01JCVGPJYZ8QMYHNT7P6XVXW43,48,2022-12-25,2023-01-09,01JCVGZBG2TYFPT4Z5QT11725P
15,01JCVGPJYTR18Q7QY4S4T9YX7W,363,2022-01-25,2022-02-08,01JCVGZBQNKXZHX5515Z8QH44K
677,01JCVGPJYTR18Q7QY4S4T9YX7W,206,2022-01-09,2022-01-12,01JCVGZBKGWMZEMXWBASMW021A
109,01JCVGPJYXTQWVHXKRA2C5KNZP,124,2024-05-28,2024-05-29,01JCVGZBDFSZFS6XBJKTF7DCCE
457,01JCVGPJYZ8QMYHNT7P6XVXW43,483,,,01JCVGZBD4ZKXGH536Q2XT1RQJ
618,01JCVGPJYHXTBZ1JZXB4PCSG07,290,2021-12-28,2022-01-04,01JCVGZBMPDN2YZRTT4KXV39BM
330,01JCVGPK02HBT2RAABKHYZ090T,90,2023-08-02,2023-08-12,01JCVGZBK9WWRCQ8ZEYDA3CJQ9
960,01JCVGPJYTR18Q7QY4S4T9YX7W,152,,,01JCVGZBE19NA5DYC8DGXVYFQD
979,01JCVGPJZ0AZRGV50T85771CPV,476,2023-09-03,2023-09-10,01JCVGZBPFMNC69K97D2JS55VC
714,01JCVGPJYY2N2HHEQK87EQ6NFP,305,2023-08-06,2023-08-08,01JCVGZBQ1R7P0ZQVJ3MP5H2ZP
986,01JCVGPJYTR18Q7QY4S4T9YX7W,394,2022-05-21,2022-05-29,01JCVGZBQDKP2BQZ4DD5S5C02Y
546,01JCVGPJYZ8QMYHNT7P6XVXW43,180,,,01JCVGZBB3W9R3ERHX4QZHCNDP
560,01JCVGPJYDM9C41N3B27YRGP9N,235,2022-11-21,2022-12-06,01JCVGZBF2MQR6PTRA1DATMBK9
310,01JCVGPJYA85B1NZ0V878H3TRJ,394,,,01JCVGZBMF7ME5ESAZFH6ZTP9G
40,01JCVGPJYPD8SPVCK5VVYJG8QE,465,,,01JCVGZBCE4C61HRS6DPKKEPV0
319,01JCVGPJYDM9C41N3B27YRGP9N,89,2021-11-07,2021-11-18,01JCVGZBC0H3AV7W9WRXHBXMW7
195,01JCVGPJYDM9C41N3B27YRGP9N,235,,,01JCVGZBFW5F8FW3ZA60QSM3AD
608,01JCVGPJYGMVGERRHFVGTS49JF,377,2022-09-09,2022-09-23,01JCVGZBB93F07HRYS4XMEQ9GE
847,01JCVGPJY93QDYBJ0EV2FXKAAB,105,2023-12-31,2024-01-03,01JCVGZBQ2G4VXZKMX226BBST2
275,01JCVGPJXYRQMQVN1CEZ07DX19,479,2022-10-26,2022-11-09,01JCVGZBR92DSD3G3YDZWJ17F0
23,01JCVGPJZ0AZRGV50T85771CPV,277,2023-06-04,2023-06-09,01JCVGZBG13BWW61GBDNSVT4G5
962,01JCVGPJYGMVGERRHFVGTS49JF,119,2024-06-23,2024-07-03,01JCVGZBES3Z000BZNGC01E6HY
564,01JCVGPJZ5TTZXC07DPF4S0MMF,78,,,01JCVGZBJQ8YSFG7H2Z7071AJP
129,01JCVGPJYDM9C41N3B27YRGP9N,125,,,01JCVGZBNXB2VB45VK4AKCA5FG
113,01JCVGPJYJAPZB81K43TDMW7KV,263,,,01JCVGZBFZ343675R6YHPN64MB
403,01JCVGPJYHXTBZ1JZXB4PCSG07,200,2023-02-07,2023-02-22,01JCVGZBKP0N9GPABVD1HBM032
524,01JCVGPJYMNFA8NSGSWCQKC63Q,44,2023-12-16,2023-12-24,01JCVGZBAM0CCC00G22J3SZ08C
259,01JCVGPJZ5TTZXC07DPF4S0MMF,413,2022-02-15,2022-02-20,01JCVGZBFAZS1BHNP4BY4WR3ZJ
115,01JCVGPJYPD8SPVCK5VVYJG8QE,246,2023-02-21,2023-03-05,01JCVGZBNVQSKTD4Q10GSYFCV2
76,01JCVGPJYXTQWVHXKRA2C5KNZP,285,,,01JCVGZBMCVGQ7P88CBYY2F9CP
994,01JCVGPJZ5TTZXC07DPF4S0MMF,41,2024-05-10,2024-05-12,01JCVGZBPKTJCFSBQMV04667WK
984,01JCVGPJYGMVGERRHFVGTS49JF,415,2023-05-07,2023-05-11,01JCVGZBS0QG5M84G6DA7A9EBK
40,01JCVGPJZ0AZRGV50T85771CPV,121,2023-02-10,2023-02-11,01JCVGZBQFQ7KN2K1E5G2W3ZX4
96,01JCVGPJZ0AZRGV50T85771CPV,157,2024-08-07,2024-08-20,01JCVGZBD728E8DW03W63410FQ
526,01JCVGPJYPD8SPVCK5VVYJG8QE,195,2023-05-14,2023-05-22,01JCVGZBK0AF585M197M0A20GJ
621,01JCVGPJYHXTBZ1JZXB4PCSG07,21,2023-10-01,2023-10-05,01JCVGZBBSECB0SS1ZQBVQF5CX
216,01JCVGPJXYRQMQVN1CEZ07DX19,342,2024-09-22,2024-09-24,01JCVGZBRK3C764RCYVVPFSSAF
616,01JCVGPJYA85B1NZ0V878H3TRJ,419,2023-01-24,2023-02-04,01JCVGZBR72Y4BQDZKJ4MX0XKT
547,01JCVGPJYPD8SPVCK5VVYJG8QE,289,2023-01-21,2023-01-22,01JCVGZBJECCXMHTWH05SZH9WQ
524,01JCVGPJYPD8SPVCK5VVYJG8QE,176,2024-03-22,2024-03-26,01JCVGZBRJD03VEFQMPT6FZ1GA
28,01JCVGPJYJAPZB81K43TDMW7KV,213,2024-02-12,2024-02-26,01JCVGZBCC7NG56PJY6EWJ8C00
951,01JCVGPJYPD8SPVCK5VVYJG8QE,183,2023-09-06,2023-09-17,01JCVGZBNYN6QQNS5S0WWJ2F6B
62,01JCVGPJYK2RSHZAVHBG3JR24F,375,2022-10-03,2022-10-17,01JCVGZBBZ54B0SCQT0Z3H6Z9J
652,01JCVGPJZ0AZRGV50T85771CPV,61,2023-06-03,2023-06-04,01JCVGZBDBCT8A0ABMQQ3C8GV6
920,01JCVGPJYJAPZB81K43TDMW7KV,384,2024-01-06,2024-01-15,01JCVGZBRSTDGAPA17MBRRP0WN
104,01JCVGPJXYRQMQVN1CEZ07DX19,25,2024-06-26,2024-06-27,01JCVGZBDXY0XDFV379R84VZWT
466,01JCVGPJYHXTBZ1JZXB4PCSG07,394,2023-05-15,2023-05-24,01JCVGZBRARC1RQQB6PWFJ8MG7
673,01JCVGPJZ5TTZXC07DPF4S0MMF,49,2021-12-05,2021-12-14,01JCVGZBK1TEZKCC0Q973B8QMN
72,01JCVGPJYA85B1NZ0V878H3TRJ,258,,,01JCVGZBPHD3BBXQ9XJ86P8VQ1
736,01JCVGPJYMNFA8NSGSWCQKC63Q,145,2023-10-24,2023-10-28,01JCVGZBM3FETXNY3A0TTB3KT2
467,01JCVGPJZ5TTZXC07DPF4S0MMF,42,2022-02-27,2022-03-04,01JCVGZBMGBJZ985TQC4CG05V4
266,01JCVGPJYK2RSHZAVHBG3JR24F,451,2022-11-01,2022-11-14,01JCVGZBGPXKD0K3W96H5375V3
558,01JCVGPJY93QDYBJ0EV2FXKAAB,275,,,01JCVGZBHPP0KC5NSWN9K6Y015
98,01JCVGPJY93QDYBJ0EV2FXKAAB,358,2023-11-29,2023-11-30,01JCVGZBQ61JHN8P82ETZT8Y9K
756,01JCVGPJYC703DRMSGEW1TA2F2,416,2022-10-21,2022-10-29,01JCVGZBH0BDQAG3X1Q1GKDJWJ
83,01JCVGPJYY2N2HHEQK87EQ6NFP,297,2021-12-22,2021-12-26,01JCVGZBF5MHQ90A8P30TCQ1RH
988,01JCVGPJYDM9C41N3B27YRGP9N,381,2021-12-21,2022-01-05,01JCVGZBTP45CPY0T70NHZEB7J
222,01JCVGPJYDM9C41N3B27YRGP9N,470,2022-04-05,2022-04-15,01JCVGZBKD5YZMKVQC8N0F8TKW
318,01JCVGPK02HBT2RAABKHYZ090T,444,2021-11-16,2021-11-26,01JCVGZBF635KQTPWXR4HP34EG
347,01JCVGPJYHXTBZ1JZXB4PCSG07,410,2022-04-06,2022-04-11,01JCVGZBP3S1F3Q9TAYZ1FCWQY
937,01JCVGPJYTR18Q7QY4S4T9YX7W,417,2022-07-08,2022-07-09,01JCVGZBH1AEA23FYBT3E16C5F
880,01JCVGPJZ1M39Z16X2GYK7ATSE,279,2023-01-31,2023-02-03,01JCVGZBKCC7J9VPCBCEZMMY99
822,01JCVGPJY93QDYBJ0EV2FXKAAB,199,2024-08-08,2024-08-16,01JCVGZBC6WEX3M5SE9XHBYA2B
17,01JCVGPJYJAPZB81K43TDMW7KV,325,2023-12-19,2024-01-01,01JCVGZBMP45AWQWW15EQ44A6P
835,01JCVGPJYHXTBZ1JZXB4PCSG07,375,2024-09-07,2024-09-13,01JCVGZBGATXB6SG579F6W5WR9
643,01JCVGPJY93QDYBJ0EV2FXKAAB,406,2022-10-31,2022-11-08,01JCVGZBEJ2F5EY5A21S1JK1QC
571,01JCVGPJYY2N2HHEQK87EQ6NFP,168,2021-12-02,2021-12-16,01JCVGZBANX5EKM1TFN2AB9F09
645,01JCVGPJYPD8SPVCK5VVYJG8QE,215,2023-01-06,2023-01-08,01JCVGZBR6FPVYVQ6ECADXK78K
969,01JCVGPJYPD8SPVCK5VVYJG8QE,74,2024-02-08,2024-02-09,01JCVGZBAMEZ5ZC8NXWJNRTJAF
291,01JCVGPJYPD8SPVCK5VVYJG8QE,483,2022-12-26,2022-12-31,01JCVGZBEQKJHA2BBFNG1NGACT
11,01JCVGPJZ5TTZXC07DPF4S0MMF,194,2022-06-24,2022-07-02,01JCVGZBMEJSRJRXVWNAVRVYXK
649,01JCVGPJYMNFA8NSGSWCQKC63Q,251,2022-01-16,2022-01-25,01JCVGZBM1RZ1DQYWSHEGS3DAT
805,01JCVGPJYA85B1NZ0V878H3TRJ,340,2024-04-21,2024-05-04,01JCVGZBC3GZ3K8398MB7S90J2
772,01JCVGPJY93QDYBJ0EV2FXKAAB,286,2024-09-19,2024-10-01,01JCVGZBDEHG5W8W1H1JXTKKGC
839,01JCVGPJY93QDYBJ0EV2FXKAAB,89,2023-03-09,2023-03-21,01JCVGZBPX345N6G8E84109G8N
337,01JCVGPJXYRQMQVN1CEZ07DX19,139,2022-07-15,2022-07-23,01JCVGZBMG28H9CD249ZVF7777
992,01JCVGPJZ5TTZXC07DPF4S0MMF,41,2022-07-14,2022-07-23,01JCVGZBDPTGYP6K41FGEFFQW3
676,01JCVGPJYPD8SPVCK5VVYJG8QE,282,2022-11-05,2022-11-09,01JCVGZBANDSXDFWG0TD75KM1N
15,01JCVGPJYY2N2HHEQK87EQ6NFP,419,2023-04-30,2023-05-03,01JCVGZBPGY92F2XYCQTJXYEDS
265,01JCVGPJYJAPZB81K43TDMW7KV,482,,,01JCVGZBAZS09HFB1W2ZCBDCD2
66,01JCVGPJYDM9C41N3B27YRGP9N,74,2022-02-24,2022-03-11,01JCVGZBCFVP0R648E6PFM53S2
383,01JCVGPK02HBT2RAABKHYZ090T,350,2021-11-02,2021-11-17,01JCVGZBBDCH7EDC3PRDGYK2WE
337,01JCVGPJYJAPZB81K43TDMW7KV,252,2023-07-19,2023-07-31,01JCVGZBBZ54B0SCQT0Z3H6Z9J
951,01JCVGPJYJAPZB81K43TDMW7KV,80,2024-07-28,2024-08-03,01JCVGZBAVM6GR38H4FY4EHQEJ
479,01JCVGPJYMNFA8NSGSWCQKC63Q,62,2024-07-30,2024-08-06,01JCVGZBMEJSRJRXVWNAVRVYXK
896,01JCVGPJYGMVGERRHFVGTS49JF,196,2023-02-25,2023-03-09,01JCVGZBMFWZ2PCZ1SCR2N1SDY
469,01JCVGPJYC703DRMSGEW1TA2F2,269,2024-02-23,2024-03-07,01JCVGZBP2GPXKTW1X3V8XAWGE
263,01JCVGPJYHXTBZ1JZXB4PCSG07,40,2024-07-23,2024-08-01,01JCVGZBBM37EMRZWZ3QHABPYE
562,01JCVGPJYA85B1NZ0V878H3TRJ,106,2023-09-07,2023-09-18,01JCVGZBNYN6QQNS5S0WWJ2F6B
46,01JCVGPJXYRQMQVN1CEZ07DX19,262,,,01JCVGZBK8XBS6ZC44MAWVE1MN
606,01JCVGPJYK2RSHZAVHBG3JR24F,267,2022-07-04,2022-07-05,01JCVGZBH2D0ES8K63RNRKF2VQ
40,01JCVGPJYHXTBZ1JZXB4PCSG07,80,2024-04-20,2024-05-05,01JCVGZBJS6E2RNMJ9VEC4B7E5
914,01JCVGPJYJAPZB81K43TDMW7KV,204,2024-07-13,2024-07-27,01JCVGZBHGPXP3R9DB2PP0YTB4
802,01JCVGPJYZ8QMYHNT7P6XVXW43,207,2024-07-27,2024-08-05,01JCVGZBP5CF4K4DBAV1PGC06C
960,01JCVGPJYHXTBZ1JZXB4PCSG07,93,2022-06-01,2022-06-09,01JCVGZBJT55B0JA81VWF2RSFH
249,01JCVGPJYDM9C41N3B27YRGP9N,359,2024-08-20,2024-09-01,01JCVGZBK6GHW7RD1EZZTFPYYQ
862,01JCVGPJYHXTBZ1JZXB4PCSG07,227,2024-09-29,2024-10-05,01JCVGZBM7DSWVWWPTSK64JFR8
375,01JCVGPJYDM9C41N3B27YRGP9N,152,2023-04-12,2023-04-15,01JCVGZBP538BYYFNA0YBQV1ET
279,01JCVGPJYK2RSHZAVHBG3JR24F,79,2021-11-11,2021-11-18,01JCVGZBTQ3S4ZMXNRM8Y7WD21
708,01JCVGPJYMNFA8NSGSWCQKC63Q,25,2023-08-28,2023-09-06,01JCVGZBCVAH52PTXSRT7S3HWW
488,01JCVGPJZ1M39Z16X2GYK7ATSE,332,2023-07-11,2023-07-22,01JCVGZBKDMPEP1MS11AQSM9S6
318,01JCVGPJY93QDYBJ0EV2FXKAAB,456,2024-03-18,2024-04-02,01JCVGZBPJDCT96SRW79Y1K3B2
544,01JCVGPJZ1M39Z16X2GYK7ATSE,213,2023-11-24,2023-12-09,01JCVGZBGGGRWHQQ5W5Y4152A5
405,01JCVGPJYY2N2HHEQK87EQ6NFP,113,2022-02-03,2022-02-17,01JCVGZBGBNFB9ZPVEQK3SSDJ1
16,01JCVGPJYHXTBZ1JZXB4PCSG07,49,2024-09-20,2024-09-25,01JCVGZBQ3VZW392ADSN7C2KVQ
217,01JCVGPJYJAPZB81K43TDMW7KV,447,2022-04-06,2022-04-21,01JCVGZBG2TYFPT4Z5QT11725P
812,01JCVGPJYZ8QMYHNT7P6XVXW43,99,2024-04-18,2024-05-03,01JCVGZBB4Z9FMZ5H7B0JRDGGV
597,01JCVGPJYXTQWVHXKRA2C5KNZP,72,2024-07-24,2024-08-03,01JCVGZBDQWYS3TS3YWZNBR3RS
756,01JCVGPK02HBT2RAABKHYZ090T,396,2024-07-20,2024-07-26,01JCVGZBD728E8DW03W63410FQ
905,01JCVGPJYY2N2HHEQK87EQ6NFP,404,2024-07-31,2024-08-11,01JCVGZBMW8GHM5W56QYFV022D
425,01JCVGPJYMNFA8NSGSWCQKC63Q,385,2022-12-30,2023-01-09,01JCVGZBQQ16HAJHBD7B38WJB6
334,01JCVGPK02HBT2RAABKHYZ090T,327,2023-03-17,2023-03-24,01JCVGZBC2XXRKZQ4GJ5N3P93K
892,01JCVGPK02HBT2RAABKHYZ090T,111,2024-02-13,2024-02-27,01JCVGZBPEGQRQXRHJ5KVARFT5
381,01JCVGPJYPD8SPVCK5VVYJG8QE,156,2023-03-26,2023-04-01,01JCVGZBBT5RE929CX3PTAQR85
723,01JCVGPJYY2N2HHEQK87EQ6NFP,117,2024-07-22,2024-07-29,01JCVGZBN7K86FKEYTF21G8D07
495,01JCVGPJYTR18Q7QY4S4T9YX7W,457,2023-05-17,2023-05-27,01JCVGZBPYY2ZJH17GPSZ6X383
683,01JCVGPJYDM9C41N3B27YRGP9N,488,2022-07-13,2022-07-16,01JCVGZBET2B5VH531WXKQK54K
999,01JCVGPJXYRQMQVN1CEZ07DX19,312,2022-12-01,2022-12-10,01JCVGZBCVAAB67PN25X1PZQ5B
79,01JCVGPJY93QDYBJ0EV2FXKAAB,257,2022-07-18,2022-07-25,01JCVGZBP0EXK5AT7NH1V032TV
919,01JCVGPJZ5TTZXC07DPF4S0MMF,75,2022-06-27,2022-07-08,01JCVGZBFM7Q5J7NNYHPMG4RKQ
881,01JCVGPJYDM9C41N3B27YRGP9N,226,2022-02-09,2022-02-18,01JCVGZBN9BSJRNVSMVHHA1NVK
688,01JCVGPJYGMVGERRHFVGTS49JF,291,,,01JCVGZBN6R1KBJWKWWVHG3TGG
263,01JCVGPJYXTQWVHXKRA2C5KNZP,397,2023-09-20,2023-09-29,01JCVGZBJXYW5GQJ23S9M9KD32
687,01JCVGPJZ1M39Z16X2GYK7ATSE,439,2023-06-01,2023-06-12,01JCVGZBRQ2D85XXWGBMJ2PY05
321,01JCVGPJYHXTBZ1JZXB4PCSG07,77,2022-02-23,2022-03-02,01JCVGZBH4WZP77RSYMRX7HJ6Y
641,01JCVGPJYY2N2HHEQK87EQ6NFP,63,2024-10-16,2024-10-27,01JCVGZBNKKFFKX6DSPFKZV4EQ
852,01JCVGPJYY2N2HHEQK87EQ6NFP,233,2021-12-30,2022-01-03,01JCVGZBP49QTTB9XS280ADEKK
202,01JCVGPJYK2RSHZAVHBG3JR24F,143,2024-08-23,2024-08-27,01JCVGZBJQ8HS4E32DBQSRKZ92
350,01JCVGPK02HBT2RAABKHYZ090T,494,,,01JCVGZBDM0ZZAVJTER43XEQ3K
446,01JCVGPJYXTQWVHXKRA2C5KNZP,111,2022-01-19,2022-01-24,01JCVGZBF8GY6HEJC50ZYASS8H
845,01JCVGPJYTR18Q7QY4S4T9YX7W,406,2023-01-07,2023-01-16,01JCVGZBJ74763XFQ4RX9QE8A7
465,01JCVGPJYZ8QMYHNT7P6XVXW43,92,2024-10-16,2024-10-31,01JCVGZBS6WPWSAH7AXZTXRZ2A
274,01JCVGPJYDM9C41N3B27YRGP9N,281,,,01JCVGZBJC8HT1RW9C015NX30T
768,01JCVGPJYK2RSHZAVHBG3JR24F,113,2024-02-18,2024-02-21,01JCVGZBPHE741CBTE2V4PNWFR
525,01JCVGPJZ1M39Z16X2GYK7ATSE,429,2022-02-25,2022-02-28,01JCVGZBGPXKD0K3W96H5375V3
349,01JCVGPJYK2RSHZAVHBG3JR24F,186,2021-11-07,2021-11-13,01JCVGZBAQ1SEHVQR69ZC1EJS3
180,01JCVGPJYMNFA8NSGSWCQKC63Q,146,2022-07-13,2022-07-22,01JCVGZBDFSZFS6XBJKTF7DCCE
553,01JCVGPJY93QDYBJ0EV2FXKAAB,181,2022-06-13,2022-06-20,01JCVGZBPEZCGBCDAZ6MMNF629
4,01JCVGPJZ1M39Z16X2GYK7ATSE,134,,,01JCVGZBCS3NWNCAG69YSR6BAY
321,01JCVGPK02HBT2RAABKHYZ090T,152,2024-01-12,2024-01-17,01JCVGZBEQKJHA2BBFNG1NGACT
461,01JCVGPK02HBT2RAABKHYZ090T,257,2023-10-24,2023-11-05,01JCVGZBFHBDEW9K0XZE7MC3TQ
667,01JCVGPJXYRQMQVN1CEZ07DX19,66,2022-05-12,2022-05-25,01JCVGZBKXWWYMTGHRFB8SVWSZ
202,01JCVGPJYA85B1NZ0V878H3TRJ,259,,,01JCVGZBPPKQHH232HJZQ1731Y
55,01JCVGPJYY2N2HHEQK87EQ6NFP,152,2022-09-22,2022-10-02,01JCVGZBG7C3MVQCXEVKJ1M233
874,01JCVGPJYDM9C41N3B27YRGP9N,311,2024-10-07,2024-10-19,01JCVGZBDDK3HRVXTEJV9556FH
824,01JCVGPJYJAPZB81K43TDMW7KV,323,2022-12-25,2022-12-26,01JCVGZBMA6TWEW8YZ31PRGFEA
304,01JCVGPJYJAPZB81K43TDMW7KV,285,2022-04-08,2022-04-17,01JCVGZBK4649RACB2JX75E3FG
679,01JCVGPJYPD8SPVCK5VVYJG8QE,201,2023-06-06,2023-06-11,01JCVGZBNMXK5DYQTQ51HDX64N
654,01JCVGPJZ5TTZXC07DPF4S0MMF,284,2023-01-06,2023-01-14,01JCVGZBM6STW8D2H9QSJV693W
46,01JCVGPJYK2RSHZAVHBG3JR24F,370,2023-12-03,2023-12-09,01JCVGZBPD2DGBPQBNA08DPNN5
578,01JCVGPJZ5TTZXC07DPF4S0MMF,464,2023-08-13,2023-08-27,01JCVGZBDX5YJMM4642W2HFQH0
927,01JCVGPJYZ8QMYHNT7P6XVXW43,167,2023-12-30,2024-01-02,01JCVGZBH64P3Z8J25N34R44MN
312,01JCVGPJYTR18Q7QY4S4T9YX7W,284,2022-05-14,2022-05-23,01JCVGZBDW4HSWFVXJ6G4M2BNP
855,01JCVGPJY93QDYBJ0EV2FXKAAB,60,2023-09-29,2023-10-08,01JCVGZBF6EGS4WRZ1HQXS5PD4
611,01JCVGPJYXTQWVHXKRA2C5KNZP,78,2022-09-08,2022-09-14,01JCVGZBGC1H4H4RA6CVAT445S
347,01JCVGPJZ1M39Z16X2GYK7ATSE,210,2024-06-29,2024-07-09,01JCVGZBEKWF8SB8R9XZ1PNHXM
889,01JCVGPJYTR18Q7QY4S4T9YX7W,114,,,01JCVGZBNVSRBMCVCS5G524AWR
631,01JCVGPJYGMVGERRHFVGTS49JF,312,2023-09-24,2023-09-28,01JCVGZBBJEBYDTCGF4D2MYRQ7
972,01JCVGPJZ1M39Z16X2GYK7ATSE,339,2023-07-11,2023-07-18,01JCVGZBCNG5SHB44N8Z88B2J8
434,01JCVGPJYHXTBZ1JZXB4PCSG07,412,,,01JCVGZBMNJJJFD21JY6S66CY8
204,01JCVGPJYTR18Q7QY4S4T9YX7W,329,2024-07-05,2024-07-17,01JCVGZBM4329RJNYJQF6ZV06B
868,01JCVGPJZ1M39Z16X2GYK7ATSE,339,2023-01-19,2023-01-26,01JCVGZBB12K3F7ERM2KY09KYF
361,01JCVGPJZ5TTZXC07DPF4S0MMF,315,2022-02-14,2022-02-20,01JCVGZBMVMYQH4B9TC4D10W5J
756,01JCVGPJYDM9C41N3B27YRGP9N,386,2022-06-02,2022-06-10,01JCVGZBJZHSXA338YMRVC8QV5
202,01JCVGPJYMNFA8NSGSWCQKC63Q,273,2023-07-21,2023-08-02,01JCVGZBR59GAC7BD1ANRJ3464
599,01JCVGPJYZ8QMYHNT7P6XVXW43,454,2023-06-19,2023-06-30,01JCVGZBK8XBS6ZC44MAWVE1MN
647,01JCVGPJY93QDYBJ0EV2FXKAAB,272,2024-09-08,2024-09-19,01JCVGZBR283ECNWWV3E5GV4R6
667,01JCVGPJY93QDYBJ0EV2FXKAAB,454,2022-11-26,2022-12-03,01JCVGZBRQS2MVABH6GWZV88AF
224,01JCVGPJXYRQMQVN1CEZ07DX19,175,2022-06-15,2022-06-25,01JCVGZBBRJ65ESJQDFZT2QAKF
243,01JCVGPJYK2RSHZAVHBG3JR24F,343,2023-12-02,2023-12-16,01JCVGZBRD90DZ5BHQ72N61BC8
743,01JCVGPJYHXTBZ1JZXB4PCSG07,150,2023-03-11,2023-03-19,01JCVGZBDWDFN1BG2GCNMHH8C9
176,01JCVGPJZ1M39Z16X2GYK7ATSE,460,2024-10-25,2024-10-30,01JCVGZBMSKHCV9ET1RW03S21Z
982,01JCVGPJZ0AZRGV50T85771CPV,261,2022-09-08,2022-09-11,01JCVGZBENSWW5HA2DQ6D0FKNA
338,01JCVGPJZ1M39Z16X2GYK7ATSE,149,2024-05-12,2024-05-16,01JCVGZBQ30F2Q8HVY7ZTSFEB6
597,01JCVGPK02HBT2RAABKHYZ090T,100,2024-01-29,2024-01-31,01JCVGZBNMSHRB8E189RQN2TB9
439,01JCVGPJYY2N2HHEQK87EQ6NFP,369,2024-05-04,2024-05-17,01JCVGZBRTEWQZFN0E8MGP18CS
655,01JCVGPJYXTQWVHXKRA2C5KNZP,232,2023-12-26,2023-12-30,01JCVGZBK5CNRZZ21SGZJJXKDM
396,01JCVGPJXYRQMQVN1CEZ07DX19,261,2023-02-10,2023-02-12,01JCVGZBQM44M5WFVH0QH4SWKQ
177,01JCVGPJY93QDYBJ0EV2FXKAAB,328,2023-08-26,2023-09-01,01JCVGZBQGJAEPGKRX044YCKVM
289,01JCVGPJYPD8SPVCK5VVYJG8QE,488,2023-04-06,2023-04-15,01JCVGZBGDSE1A0QFYV433Z3TG
623,01JCVGPJYXTQWVHXKRA2C5KNZP,414,2024-02-21,2024-03-04,01JCVGZBE424RJCVYPNHEKCSAZ
799,01JCVGPJYMNFA8NSGSWCQKC63Q,421,2022-07-04,2022-07-13,01JCVGZBJSARC6JZNEZRB0BZQR
316,01JCVGPJYPD8SPVCK5VVYJG8QE,400,2023-09-12,2023-09-27,01JCVGZBBSECB0SS1ZQBVQF5CX
189,01JCVGPJZ1M39Z16X2GYK7ATSE,462,2022-12-25,2023-01-01,01JCVGZBE14579X2KJJ4EW4ZHK
136,01JCVGPJYJAPZB81K43TDMW7KV,309,2023-11-09,2023-11-18,01JCVGZBFDSMX1ZM26V41TPY9Q
472,01JCVGPJYTR18Q7QY4S4T9YX7W,93,2023-06-18,2023-06-28,01JCVGZBKWZW62STR9E9VZK5ZW
83,01JCVGPJXYRQMQVN1CEZ07DX19,120,2022-02-18,2022-03-04,01JCVGZBDBCT8A0ABMQQ3C8GV6
318,01JCVGPJYDM9C41N3B27YRGP9N,110,2024-01-27,2024-02-01,01JCVGZBS2WHN3FVSXS86YKH52
769,01JCVGPJYY2N2HHEQK87EQ6NFP,168,2024-02-13,2024-02-25,01JCVGZBKQWE41MYRR1EJWW99V
324,01JCVGPJY93QDYBJ0EV2FXKAAB,389,,,01JCVGZBQDKP2BQZ4DD5S5C02Y
214,01JCVGPJYXTQWVHXKRA2C5KNZP,419,2021-12-27,2022-01-07,01JCVGZBBM37EMRZWZ3QHABPYE
944,01JCVGPJY93QDYBJ0EV2FXKAAB,52,,,01JCVGZBHZWCSM0RH8MJFY8EA2
560,01JCVGPJY93QDYBJ0EV2FXKAAB,111,2022-07-02,2022-07-16,01JCVGZBRVGW9GE4NXAJBKYVJT
533,01JCVGPJZ1M39Z16X2GYK7ATSE,453,2022-11-30,2022-12-15,01JCVGZBNTKEJPT9PSPCFBC58T
371,01JCVGPJYC703DRMSGEW1TA2F2,283,2024-09-21,2024-10-01,01JCVGZBR6FPVYVQ6ECADXK78K
351,01JCVGPJY93QDYBJ0EV2FXKAAB,155,2022-06-15,2022-06-24,01JCVGZBGVAN549PZ0ZDTXZQTD
788,01JCVGPJYPD8SPVCK5VVYJG8QE,208,2024-05-16,2024-05-24,01JCVGZBNXK3G47F4PM9TK8TWD
151,01JCVGPJY93QDYBJ0EV2FXKAAB,109,2022-01-05,2022-01-11,01JCVGZBFM5SKGGQ8XC02VVYVX
505,01JCVGPJYHXTBZ1JZXB4PCSG07,182,2022-11-26,2022-12-04,01JCVGZBDN1CY1FBB2JQ9HGGKV
556,01JCVGPJYC703DRMSGEW1TA2F2,45,,,01JCVGZBBKCC2NZ6J9G1CJZ94H
331,01JCVGPJZ5TTZXC07DPF4S0MMF,20,2024-07-05,2024-07-12,01JCVGZBKEB907GB85NFBQFDT3
344,01JCVGPJYTR18Q7QY4S4T9YX7W,403,2023-04-16,2023-04-29,01JCVGZBH9G0V23VZ78Z8NXE8Q
204,01JCVGPJYPD8SPVCK5VVYJG8QE,265,2024-04-06,2024-04-07,01JCVGZBDXY0XDFV379R84VZWT
395,01JCVGPJZ1M39Z16X2GYK7ATSE,473,,,01JCVGZBHY4Q0STN8NBK730YFA
788,01JCVGPJZ0AZRGV50T85771CPV,114,,,01JCVGZBP4C6TCHQNR4C0KGP7K
283,01JCVGPJYC703DRMSGEW1TA2F2,415,2023-11-10,2023-11-24,01JCVGZBJC8HT1RW9C015NX30T
803,01JCVGPJYDM9C41N3B27YRGP9N,174,2024-07-10,2024-07-22,01JCVGZBJY7SG5QY9T0RV0RTXW
547,01JCVGPJYXTQWVHXKRA2C5KNZP,367,2022-08-31,2022-09-09,01JCVGZBE0X4XDN6RK1SGFEMZV
17,01JCVGPJYZ8QMYHNT7P6XVXW43,240,,,01JCVGZBF8GY6HEJC50ZYASS8H
155,01JCVGPJYDM9C41N3B27YRGP9N,460,2022-12-07,2022-12-15,01JCVGZBMXRDYQJERRFNNR8BV2
103,01JCVGPJXYRQMQVN1CEZ07DX19,211,2022-12-28,2023-01-10,01JCVGZBB4Z9FMZ5H7B0JRDGGV
255,01JCVGPJYPD8SPVCK5VVYJG8QE,451,2022-06-15,2022-06-26,01JCVGZBQEG7WKYHGQ7PJ66MW1
371,01JCVGPJYK2RSHZAVHBG3JR24F,35,2022-12-27,2023-01-10,01JCVGZBM8499FN503BN5CFDCH
752,01JCVGPJZ0AZRGV50T85771CPV,361,2022-07-03,2022-07-12,01JCVGZBE14579X2KJJ4EW4ZHK
792,01JCVGPJY93QDYBJ0EV2FXKAAB,472,2024-08-19,2024-09-03,01JCVGZBR41ZG56M70P2ZHCS8B
887,01JCVGPJYGMVGERRHFVGTS49JF,69,2022-11-21,2022-11-25,01JCVGZBDBJHP4NP0WFYPZ8EB8
384,01JCVGPK02HBT2RAABKHYZ090T,142,,,01JCVGZBB0R789SD4E34S6PYPD
923,01JCVGPJYGMVGERRHFVGTS49JF,389,2022-01-30,2022-02-02,01JCVGZBDQPCS55CGEHP89QE3Z
850,01JCVGPJYDM9C41N3B27YRGP9N,329,2024-02-08,2024-02-19,01JCVGZBN2MY651Y5KQC98NECX
404,01JCVGPJYK2RSHZAVHBG3JR24F,238,2024-08-18,2024-08-26,01JCVGZBB3W9R3ERHX4QZHCNDP
234,01JCVGPJZ1M39Z16X2GYK7ATSE,396,2022-10-07,2022-10-20,01JCVGZBJXYW5GQJ23S9M9KD32
886,01JCVGPK02HBT2RAABKHYZ090T,296,2022-12-28,2022-12-30,01JCVGZBNTKEJPT9PSPCFBC58T
998,01JCVGPJZ0AZRGV50T85771CPV,290,,,01JCVGZBKX7A6KWHDQ497B5HF4
362,01JCVGPJYPD8SPVCK5VVYJG8QE,340,2021-11-29,2021-12-11,01JCVGZBN2MY651Y5KQC98NECX
293,01JCVGPJYPD8SPVCK5VVYJG8QE,481,2022-11-25,2022-12-01,01JCVGZBNNEZREX54HSMBRA3EM
282,01JCVGPJYXTQWVHXKRA2C5KNZP,195,2024-10-26,2024-11-05,01JCVGZBKFWS9TAFNCT2AZGZRA
761,01JCVGPJZ1M39Z16X2GYK7ATSE,422,2023-04-06,2023-04-13,01JCVGZBNTKEJPT9PSPCFBC58T
22,01JCVGPJXYRQMQVN1CEZ07DX19,499,2023-05-10,2023-05-12,01JCVGZBQSZMNTW2F74BB5QKTW
457,01JCVGPJYXTQWVHXKRA2C5KNZP,46,2023-10-08,2023-10-14,01JCVGZBJ9XEC8RN96NHDVGHKJ
924,01JCVGPJYMNFA8NSGSWCQKC63Q,70,2022-03-29,2022-04-13,01JCVGZBEC3F8WJSWJ67M2J0YA
811,01JCVGPJYXTQWVHXKRA2C5KNZP,49,2024-09-24,2024-10-01,01JCVGZBKXWWYMTGHRFB8SVWSZ
343,01JCVGPJYK2RSHZAVHBG3JR24F,373,2023-06-03,2023-06-06,01JCVGZBDJTER1VFEWSDQFX5QG
948,01JCVGPJYY2N2HHEQK87EQ6NFP,54,2024-05-02,2024-05-07,01JCVGZBB81WWQWEDDHW5FKXEM
704,01JCVGPJYXTQWVHXKRA2C5KNZP,150,2024-09-01,2024-09-08,01JCVGZBBT5RE929CX3PTAQR85
652,01JCVGPJZ5TTZXC07DPF4S0MMF,85,,,01JCVGZBDSAJCFEE3NXTG1T4WS
764,01JCVGPJY93QDYBJ0EV2FXKAAB,21,2024-04-08,2024-04-20,01JCVGZBGVAN549PZ0ZDTXZQTD
436,01JCVGPJZ1M39Z16X2GYK7ATSE,365,2022-03-27,2022-04-03,01JCVGZBP5CF4K4DBAV1PGC06C
451,01JCVGPK02HBT2RAABKHYZ090T,128,2023-07-23,2023-07-27,01JCVGZBD4ZKXGH536Q2XT1RQJ
539,01JCVGPK02HBT2RAABKHYZ090T,312,2022-05-19,2022-05-23,01JCVGZBNNVN0NSSCY4MV18S28
69,01JCVGPJYMNFA8NSGSWCQKC63Q,70,,,01JCVGZBJR3VJKME5DJZ3HH875
587,01JCVGPJYHXTBZ1JZXB4PCSG07,256,2023-01-22,2023-02-01,01JCVGZBNHA4R7SZKEV6VD62TH
597,01JCVGPJYK2RSHZAVHBG3JR24F,313,2024-04-07,2024-04-17,01JCVGZBCB04GBR76GBWWMNJ33
712,01JCVGPJYY2N2HHEQK87EQ6NFP,169,2023-05-30,2023-06-12,01JCVGZBBAH1FVXP3M76186D0A
994,01JCVGPJYPD8SPVCK5VVYJG8QE,350,2023-02-25,2023-03-10,01JCVGZBN94R70RC3JC3EB7S3B
152,01JCVGPJYXTQWVHXKRA2C5KNZP,364,2024-09-01,2024-09-06,01JCVGZBBBV7E87R7EJ0HZ8M5Z
47,01JCVGPJY93QDYBJ0EV2FXKAAB,166,2022-01-23,2022-02-07,01JCVGZBBA8YE81HDD3C4RBK73
347,01JCVGPJYGMVGERRHFVGTS49JF,306,2024-07-03,2024-07-14,01JCVGZBGFBPATFMB68CRBQ8YH
302,01JCVGPJYHXTBZ1JZXB4PCSG07,275,2023-10-04,2023-10-15,01JCVGZBFRWS90V7QPFHB8C4A4
443,01JCVGPK02HBT2RAABKHYZ090T,209,2022-05-24,2022-06-08,01JCVGZBKDMPEP1MS11AQSM9S6
768,01JCVGPJY93QDYBJ0EV2FXKAAB,24,2023-05-31,2023-06-05,01JCVGZBJ669D858K54WX40V9P
291,01JCVGPJYY2N2HHEQK87EQ6NFP,142,2022-06-12,2022-06-26,01JCVGZBCZKAV4YVY3AXX7J9H8
203,01JCVGPJYPD8SPVCK5VVYJG8QE,90,2024-04-06,2024-04-11,01JCVGZBDJTER1VFEWSDQFX5QG
85,01JCVGPJYK2RSHZAVHBG3JR24F,42,2022-06-02,2022-06-16,01JCVGZBGGGRWHQQ5W5Y4152A5
551,01JCVGPJYGMVGERRHFVGTS49JF,240,2024-05-22,2024-05-26,01JCVGZBKQWJGB6CRH8VJ28Q3J
620,01JCVGPJYPD8SPVCK5VVYJG8QE,50,2023-06-28,2023-07-02,01JCVGZBRRZH0PVXBYCY9VDYFG
142,01JCVGPJYZ8QMYHNT7P6XVXW43,91,2023-10-13,2023-10-22,01JCVGZBHR8CTPK5B3MTD926BZ
631,01JCVGPJY93QDYBJ0EV2FXKAAB,314,2024-04-23,2024-04-28,01JCVGZBMVNXT0H3W2FKAFDGXQ
81,01JCVGPJYY2N2HHEQK87EQ6NFP,220,2024-10-05,2024-10-17,01JCVGZBHXTCAWAV8E3A7T7Y25
524,01JCVGPJYC703DRMSGEW1TA2F2,369,2024-07-04,2024-07-12,01JCVGZBJGPY35BT5DNT95WRP9
260,01JCVGPJZ5TTZXC07DPF4S0MMF,308,2023-09-10,2023-09-15,01JCVGZBS4FSSV159CV61RTQFW
839,01JCVGPJYGMVGERRHFVGTS49JF,91,2024-09-30,2024-10-09,01JCVGZBM8499FN503BN5CFDCH
71,01JCVGPJYDM9C41N3B27YRGP9N,151,2022-07-31,2022-08-01,01JCVGZBF58D5BRK3ECFKQBTPB
880,01JCVGPJYA85B1NZ0V878H3TRJ,297,,,01JCVGZBCHWV8FJZ52F3XSE3RC
613,01JCVGPJYA85B1NZ0V878H3TRJ,362,2022-05-12,2022-05-19,01JCVGZBHT37PT4NW5ZCZ6521T
63,01JCVGPJYA85B1NZ0V878H3TRJ,457,2022-07-14,2022-07-20,01JCVGZBBDCH7EDC3PRDGYK2WE
622,01JCVGPJYA85B1NZ0V878H3TRJ,367,2023-12-11,2023-12-17,01JCVGZBN4ZDXRD127TGT8MT4B
674,01JCVGPJYY2N2HHEQK87EQ6NFP,372,2023-05-09,2023-05-18,01JCVGZBHQSWZQB3N0ZZGMVH7K
210,01JCVGPJYC703DRMSGEW1TA2F2,212,2022-01-02,2022-01-10,01JCVGZBKVPRSMQKKC9SCDPXPJ
641,01JCVGPJYY2N2HHEQK87EQ6NFP,32,2024-10-18,2024-10-22,01JCVGZBPW4ZNQRV43F7TNE4FW
612,01JCVGPJYPD8SPVCK5VVYJG8QE,434,2022-03-01,2022-03-16,01JCVGZBNAC1EJ8EEXJX7EBS7K
228,01JCVGPJYDM9C41N3B27YRGP9N,67,2024-04-26,2024-05-01,01JCVGZBCZKGNX5FFP0Q4C3XG9
802,01JCVGPJYY2N2HHEQK87EQ6NFP,483,2023-03-31,2023-04-13,01JCVGZBFPW2E369HS3ZVH1716
702,01JCVGPJYMNFA8NSGSWCQKC63Q,205,2024-07-24,2024-08-06,01JCVGZBBH5BYR07MSTNQB962K
942,01JCVGPJXYRQMQVN1CEZ07DX19,421,2024-02-03,2024-02-10,01JCVGZBNFA4XJG7YS1MJ0SXAE
504,01JCVGPJY93QDYBJ0EV2FXKAAB,20,2023-06-28,2023-07-10,01JCVGZBET2B5VH531WXKQK54K
150,01JCVGPJYA85B1NZ0V878H3TRJ,253,2023-04-08,2023-04-14,01JCVGZBJ8TQREKYZS1SADD5NQ
626,01JCVGPJYTR18Q7QY4S4T9YX7W,370,2024-04-08,2024-04-22,01JCVGZBJV2BCGM87QCF93H2XK
16,01JCVGPJZ1M39Z16X2GYK7ATSE,121,2022-12-28,2023-01-04,01JCVGZBHGPXP3R9DB2PP0YTB4
178,01JCVGPJYZ8QMYHNT7P6XVXW43,486,2024-06-24,2024-06-28,01JCVGZBD63WCHBPJ9FEVW9SSN
54,01JCVGPJXYRQMQVN1CEZ07DX19,234,2024-05-11,2024-05-19,01JCVGZBMPDN2YZRTT4KXV39BM
322,01JCVGPJYY2N2HHEQK87EQ6NFP,411,2024-08-06,2024-08-13,01JCVGZBKGWMZEMXWBASMW021A
92,01JCVGPJZ1M39Z16X2GYK7ATSE,97,2022-10-07,2022-10-16,01JCVGZBGAMB3E20VJ946STD94
681,01JCVGPJYHXTBZ1JZXB4PCSG07,439,2024-02-29,2024-03-02,01JCVGZBDYWMD2EB3VPGPKYG12
313,01JCVGPJYTR18Q7QY4S4T9YX7W,189,,,01JCVGZBNW2SWNE7WFMDN6VSC3
662,01JCVGPJXYRQMQVN1CEZ07DX19,61,2022-04-30,2022-05-15,01JCVGZBQWDGEZMW22W06ZGJ94
951,01JCVGPJYJAPZB81K43TDMW7KV,57,2022-10-11,2022-10-24,01JCVGZBDJBQNRQHQ6JE6VCS5V
287,01JCVGPJYY2N2HHEQK87EQ6NFP,384,2022-07-15,2022-07-19,01JCVGZBM2AXXW0WZ6MSKG16BM
536,01JCVGPJYGMVGERRHFVGTS49JF,203,2023-05-21,2023-05-26,01JCVGZBCN0QXREZBBYK8F2VEM
84,01JCVGPJYC703DRMSGEW1TA2F2,93,2022-10-12,2022-10-26,01JCVGZBAVM6GR38H4FY4EHQEJ
318,01JCVGPJYY2N2HHEQK87EQ6NFP,444,2021-11-20,2021-12-04,01JCVGZBJZHSXA338YMRVC8QV5
393,01JCVGPJY93QDYBJ0EV2FXKAAB,216,2021-12-09,2021-12-23,01JCVGZBRJG0431N3KXN9448RM
805,01JCVGPJYK2RSHZAVHBG3JR24F,181,2022-04-23,2022-05-02,01JCVGZBGKRZQPD7C0CA55GBZP
825,01JCVGPJY93QDYBJ0EV2FXKAAB,417,2024-11-03,2024-11-07,01JCVGZBMABPQCA631WWV1J52T
285,01JCVGPJZ5TTZXC07DPF4S0MMF,29,2022-06-09,2022-06-23,01JCVGZBK90SG0G13AZ505060H
645,01JCVGPJYPD8SPVCK5VVYJG8QE,402,2023-11-12,2023-11-19,01JCVGZBR6FPVYVQ6ECADXK78K
63,01JCVGPJYZ8QMYHNT7P6XVXW43,351,2021-12-12,2021-12-15,01JCVGZBHFCFGM64F1EGKCH0Y0
760,01JCVGPJYHXTBZ1JZXB4PCSG07,222,,,01JCVGZBHFA6JAWVEHYVW0N0SP
155,01JCVGPJXYRQMQVN1CEZ07DX19,53,2021-11-23,2021-11-26,01JCVGZBQDHDVJJST7FDN28VPN
403,01JCVGPJYGMVGERRHFVGTS49JF,313,2024-03-30,2024-03-31,01JCVGZBBDCH7EDC3PRDGYK2WE
211,01JCVGPJZ0AZRGV50T85771CPV,391,2023-04-28,2023-05-06,01JCVGZBRFNQSQBM4RSVXYRP1B
264,01JCVGPJYMNFA8NSGSWCQKC63Q,393,2023-01-23,2023-01-30,01JCVGZBHNWMWZCXFWVJJYE2RY
474,01JCVGPJYC703DRMSGEW1TA2F2,440,2024-03-02,2024-03-13,01JCVGZBQ065705Z1C2J1VC6WG
388,01JCVGPJYC703DRMSGEW1TA2F2,26,2024-10-09,2024-10-23,01JCVGZBATZG29AECBWJSFEJX3
114,01JCVGPJYPD8SPVCK5VVYJG8QE,229,2022-10-11,2022-10-19,01JCVGZBJVKF17CGFXAE3389QM
113,01JCVGPJZ5TTZXC07DPF4S0MMF,476,2022-08-30,2022-09-08,01JCVGZBFDFHXGJH97KQX7M4SX
20,01JCVGPJYXTQWVHXKRA2C5KNZP,222,2024-05-29,2024-06-09,01JCVGZBGMAXXCT33KQNKX3C1A
390,01JCVGPJZ5TTZXC07DPF4S0MMF,471,2024-06-20,2024-07-04,01JCVGZBH8VXYM2RJ3M9EE0PB3
944,01JCVGPJYY2N2HHEQK87EQ6NFP,56,2023-05-31,2023-06-12,01JCVGZBBS7Y48SYQCYJZBQ7B7
223,01JCVGPJYGMVGERRHFVGTS49JF,21,2022-02-18,2022-02-19,01JCVGZBNDZQQJHQ631S0WKC87
704,01JCVGPJYTR18Q7QY4S4T9YX7W,318,,,01JCVGZBE424RJCVYPNHEKCSAZ
334,01JCVGPJYA85B1NZ0V878H3TRJ,444,2022-07-21,2022-08-02,01JCVGZBH7EPQ17VTHJSKD9783
191,01JCVGPJY93QDYBJ0EV2FXKAAB,400,2023-03-30,2023-04-10,01JCVGZBF635KQTPWXR4HP34EG
331,01JCVGPJYK2RSHZAVHBG3JR24F,82,,,01JCVGZBANDSXDFWG0TD75KM1N
253,01JCVGPJYHXTBZ1JZXB4PCSG07,306,2022-01-26,2022-02-04,01JCVGZBF9EEGT84FPTRB29MR6
317,01JCVGPJZ0AZRGV50T85771CPV,389,2024-07-13,2024-07-18,01JCVGZBBVR3NE8JXD3KVXCY8T
293,01JCVGPJYDM9C41N3B27YRGP9N,245,2023-07-13,2023-07-28,01JCVGZBFZZ3KDKK885B72SJVH
953,01JCVGPJXYRQMQVN1CEZ07DX19,215,2022-07-14,2022-07-16,01JCVGZBGQQH2FN5YY3H2N8286
332,01JCVGPJYK2RSHZAVHBG3JR24F,447,,,01JCVGZBAWQ647AMXD5WCB9GMR
102,01JCVGPJYJAPZB81K43TDMW7KV,495,2022-11-07,2022-11-18,01JCVGZBCS3NWNCAG69YSR6BAY
552,01JCVGPJYHXTBZ1JZXB4PCSG07,211,2024-07-04,2024-07-11,01JCVGZBERSH2DRQ9BXYHVDDH5
218,01JCVGPJYY2N2HHEQK87EQ6NFP,465,2023-08-23,2023-09-03,01JCVGZBQ54D5RFF2QKAHN4MDR
888,01JCVGPJYC703DRMSGEW1TA2F2,499,2022-01-06,2022-01-10,01JCVGZBQGJAEPGKRX044YCKVM
614,01JCVGPJXYRQMQVN1CEZ07DX19,490,2022-03-06,2022-03-18,01JCVGZBQP4N2FW69FCPRBQTRE
184,01JCVGPJYGMVGERRHFVGTS49JF,374,2022-11-12,2022-11-18,01JCVGZBQB2H3W44N9D3RYM2AQ
660,01JCVGPJYK2RSHZAVHBG3JR24F,198,2024-06-04,2024-06-06,01JCVGZBBCCNPQG4EEDTTJTTX8
172,01JCVGPJYXTQWVHXKRA2C5KNZP,102,2022-12-16,2022-12-26,01JCVGZBB0R789SD4E34S6PYPD
868,01JCVGPJXYRQMQVN1CEZ07DX19,331,2022-01-24,2022-01-27,01JCVGZBMD32S8X3PCVZCQX50G
429,01JCVGPJYC703DRMSGEW1TA2F2,128,2024-08-15,2024-08-16,01JCVGZBH7EPQ17VTHJSKD9783
562,01JCVGPJYK2RSHZAVHBG3JR24F,69,2024-10-06,2024-10-17,01JCVGZBR72Y4BQDZKJ4MX0XKT
274,01JCVGPJYDM9C41N3B27YRGP9N,158,2023-04-18,2023-04-29,01JCVGZBEX8ADZDCJ8MKHYBYTA
912,01JCVGPJYA85B1NZ0V878H3TRJ,173,,,01JCVGZBMDPN0JG8KNJ5C5E0ZD
935,01JCVGPJXYRQMQVN1CEZ07DX19,92,2022-07-18,2022-07-26,01JCVGZBNG9YE38BKZ74XE1HJ1
816,01JCVGPJYPD8SPVCK5VVYJG8QE,376,2024-03-02,2024-03-16,01JCVGZBPA8N40A9ZDTAT0QB9W
307,01JCVGPJYMNFA8NSGSWCQKC63Q,92,2022-11-11,2022-11-19,01JCVGZBGKRZQPD7C0CA55GBZP
161,01JCVGPJYHXTBZ1JZXB4PCSG07,143,2024-10-04,2024-10-17,01JCVGZBPAJGTJCKD4DR2CAQXW
705,01JCVGPJXYRQMQVN1CEZ07DX19,296,2021-11-27,2021-12-07,01JCVGZBFEBB484A6A9CT4QH0D
52,01JCVGPJYTR18Q7QY4S4T9YX7W,388,,,01JCVGZBRBPSKC20HB2G3FPZQV
113,01JCVGPJYHXTBZ1JZXB4PCSG07,247,2023-08-07,2023-08-16,01JCVGZBPTRHMFYET2AMR5Z8F2
805,01JCVGPK02HBT2RAABKHYZ090T,173,2023-08-11,2023-08-17,01JCVGZBDN1CY1FBB2JQ9HGGKV
695,01JCVGPJXYRQMQVN1CEZ07DX19,60,2023-05-19,2023-05-25,01JCVGZBCB04GBR76GBWWMNJ33
77,01JCVGPJYA85B1NZ0V878H3TRJ,334,,,01JCVGZBRKRDDAPNT1E7JHPD0F
571,01JCVGPK02HBT2RAABKHYZ090T,444,2024-08-25,2024-08-29,01JCVGZBK4649RACB2JX75E3FG
54,01JCVGPJYXTQWVHXKRA2C5KNZP,53,2024-04-04,2024-04-07,01JCVGZBDTPSFZ5PSW80F56MVE
450,01JCVGPJXYRQMQVN1CEZ07DX19,364,2023-05-05,2023-05-18,01JCVGZBFJJ9ZGHBKF0P43C11Y
275,01JCVGPJYTR18Q7QY4S4T9YX7W,157,2022-06-17,2022-06-23,01JCVGZBEMT7FNW9FRXDBG27R8
355,01JCVGPJYPD8SPVCK5VVYJG8QE,358,2022-07-14,2022-07-16,01JCVGZBP976AQMEZ7H6SGBPPP
180,01JCVGPJYTR18Q7QY4S4T9YX7W,231,,,01JCVGZBHP274CVE0SH80G7E5C
885,01JCVGPJYZ8QMYHNT7P6XVXW43,439,2022-11-11,2022-11-20,01JCVGZBRTK276QCAF3Q1TCRHW
155,01JCVGPJYA85B1NZ0V878H3TRJ,214,2023-01-17,2023-01-20,01JCVGZBDM0ZZAVJTER43XEQ3K
286,01JCVGPJY93QDYBJ0EV2FXKAAB,123,2023-12-14,2023-12-17,01JCVGZBPHVV1Z1GQJJD2S5HN5
275,01JCVGPJYDM9C41N3B27YRGP9N,431,2024-05-29,2024-06-05,01JCVGZBPA3PZZ8069TC6ET827
371,01JCVGPJYXTQWVHXKRA2C5KNZP,246,2022-01-18,2022-01-28,01JCVGZBQC813JAQSEGX5GSZWN
685,01JCVGPJYK2RSHZAVHBG3JR24F,431,2024-08-10,2024-08-23,01JCVGZBJBFVZJYP0ATKJXH308
559,01JCVGPJYK2RSHZAVHBG3JR24F,129,2022-06-10,2022-06-19,01JCVGZBF9V5A43TMKC0CWRSPK
745,01JCVGPJZ0AZRGV50T85771CPV,324,,,01JCVGZBDDK3HRVXTEJV9556FH
167,01JCVGPJZ5TTZXC07DPF4S0MMF,432,2024-01-30,2024-02-09,01JCVGZBK3P6D0AKCAB076SFQ8
109,01JCVGPJZ0AZRGV50T85771CPV,261,2024-09-07,2024-09-18,01JCVGZBGZMZEV301DVVW9ZJQS
833,01JCVGPJZ1M39Z16X2GYK7ATSE,416,2023-01-19,2023-01-28,01JCVGZBPDFGMXH11ZEK8PYX0N
561,01JCVGPJXYRQMQVN1CEZ07DX19,473,2023-04-16,2023-04-19,01JCVGZBKHWF0JM5ZXNFQG3HZ3
805,01JCVGPJYTR18Q7QY4S4T9YX7W,110,2022-10-12,2022-10-27,01JCVGZBC7T17JFSDDY7HE8Z3H
465,01JCVGPJYY2N2HHEQK87EQ6NFP,249,2022-12-23,2023-01-03,01JCVGZBB0F7ST65F7TP48HZYD
164,01JCVGPJYMNFA8NSGSWCQKC63Q,317,2023-12-17,2023-12-29,01JCVGZBKM9FRMWEJ7XEBG04B5
623,01JCVGPJZ1M39Z16X2GYK7ATSE,113,2023-10-22,2023-10-27,01JCVGZBHAS92DGHY6S69XP4AN
182,01JCVGPJYHXTBZ1JZXB4PCSG07,35,2022-07-10,2022-07-17,01JCVGZBJWJ4K5Y6ENF833XFB4
461,01JCVGPJYC703DRMSGEW1TA2F2,258,2023-04-04,2023-04-07,01JCVGZBJT2ED4JRS9TPMSSHS1
333,01JCVGPJZ1M39Z16X2GYK7ATSE,92,,,01JCVGZBAHRSFFEHY5XCJX4YDG
813,01JCVGPJYMNFA8NSGSWCQKC63Q,316,2021-11-17,2021-11-27,01JCVGZBHY2VD2ASFEK97H1Z84
405,01JCVGPJYXTQWVHXKRA2C5KNZP,35,2022-05-22,2022-06-03,01JCVGZBAVM6GR38H4FY4EHQEJ
366,01JCVGPJZ0AZRGV50T85771CPV,307,2024-03-05,2024-03-17,01JCVGZBDQTYB9JF79YZ81KCXD
613,01JCVGPJYA85B1NZ0V878H3TRJ,456,2022-09-04,2022-09-10,01JCVGZBKVS9EHH7QMBMSMNQ77
13,01JCVGPJYHXTBZ1JZXB4PCSG07,272,2024-07-12,2024-07-17,01JCVGZBFHBDEW9K0XZE7MC3TQ
410,01JCVGPJYHXTBZ1JZXB4PCSG07,331,2022-02-06,2022-02-11,01JCVGZBQ8H0JG7RPH6MC5V114
273,01JCVGPJZ1M39Z16X2GYK7ATSE,222,2024-07-10,2024-07-18,01JCVGZBGKRZQPD7C0CA55GBZP
238,01JCVGPJYDM9C41N3B27YRGP9N,496,2021-12-15,2021-12-23,01JCVGZBDAM5K9XKDFHW5FGT3X
232,01JCVGPJYDM9C41N3B27YRGP9N,461,2023-12-17,2023-12-31,01JCVGZBGC1H4H4RA6CVAT445S
608,01JCVGPJZ5TTZXC07DPF4S0MMF,316,2022-10-17,2022-10-19,01JCVGZBQWHNKNGPFQMC6Z2ZS8
534,01JCVGPJYPD8SPVCK5VVYJG8QE,214,2022-03-05,2022-03-11,01JCVGZBFKPV5YYCB93A73DPKZ
879,01JCVGPJYC703DRMSGEW1TA2F2,39,2022-08-17,2022-08-31,01JCVGZBDGJSV9X0FKA369TM5P
37,01JCVGPJYHXTBZ1JZXB4PCSG07,328,2024-01-04,2024-01-17,01JCVGZBB5ZAF2FWD5W4J98HN4
953,01JCVGPJZ1M39Z16X2GYK7ATSE,201,2023-04-21,2023-04-29,01JCVGZBGTHKJXFDAJM92X2DVS
794,01JCVGPJYMNFA8NSGSWCQKC63Q,265,2022-10-16,2022-10-29,01JCVGZBN4ZDXRD127TGT8MT4B
519,01JCVGPJYPD8SPVCK5VVYJG8QE,180,2022-05-17,2022-05-26,01JCVGZBQZNVDVNN6CGBJZR34X
153,01JCVGPJYK2RSHZAVHBG3JR24F,309,2023-06-10,2023-06-23,01JCVGZBQVBZQR100SCME366P1
762,01JCVGPJZ5TTZXC07DPF4S0MMF,201,2023-05-03,2023-05-05,01JCVGZBQWHNKNGPFQMC6Z2ZS8
975,01JCVGPJYHXTBZ1JZXB4PCSG07,154,2022-06-19,2022-06-25,01JCVGZBFYX5GNAFZM2JPQ1X52
515,01JCVGPJY93QDYBJ0EV2FXKAAB,38,,,01JCVGZBQTE3C1CQ511SB58QBZ
732,01JCVGPJZ0AZRGV50T85771CPV,256,2023-09-25,2023-10-04,01JCVGZBC4GEF48WXMGK3M4D7Z
895,01JCVGPJYXTQWVHXKRA2C5KNZP,109,2022-04-05,2022-04-16,01JCVGZBFRWS90V7QPFHB8C4A4
23,01JCVGPJYXTQWVHXKRA2C5KNZP,497,2023-10-31,2023-11-01,01JCVGZBNXB2VB45VK4AKCA5FG
948,01JCVGPJYMNFA8NSGSWCQKC63Q,328,2024-01-26,2024-02-06,01JCVGZBQ060GN2BC2RN27WZ9S
974,01JCVGPJYC703DRMSGEW1TA2F2,102,2023-03-28,2023-04-06,01JCVGZBPFHMRFKYWHSKX89AXJ
347,01JCVGPJYZ8QMYHNT7P6XVXW43,427,2024-11-01,2024-11-16,01JCVGZBJS6E2RNMJ9VEC4B7E5
64,01JCVGPJYXTQWVHXKRA2C5KNZP,207,2023-05-20,2023-05-28,01JCVGZBMBZHN4C7SSXYWQCYZQ
649,01JCVGPJYY2N2HHEQK87EQ6NFP,299,2024-10-10,2024-10-18,01JCVGZBNYRN8WJ3Y149WMY4JE
572,01JCVGPJYGMVGERRHFVGTS49JF,220,2024-05-01,2024-05-16,01JCVGZBCA7C1TBBFTFXVGZS9H
550,01JCVGPJZ5TTZXC07DPF4S0MMF,273,,,01JCVGZBN81WZNK117XZSM6472
105,01JCVGPJZ1M39Z16X2GYK7ATSE,62,2023-08-06,2023-08-21,01JCVGZBMC8GTAKD3PX25H3JME
806,01JCVGPJYC703DRMSGEW1TA2F2,354,2023-06-16,2023-06-21,01JCVGZBRRAQSM84YYT0Y4B0V7
502,01JCVGPJYK2RSHZAVHBG3JR24F,194,,,01JCVGZBP5CF4K4DBAV1PGC06C
210,01JCVGPK02HBT2RAABKHYZ090T,310,2023-10-02,2023-10-15,01JCVGZBGHASC6S90V5HWFQCAK
179,01JCVGPJYMNFA8NSGSWCQKC63Q,267,2022-09-28,2022-10-01,01JCVGZBB3ZJXAYD3YARQJR4MT
236,01JCVGPJYGMVGERRHFVGTS49JF,238,2021-12-09,2021-12-14,01JCVGZBRSTDGAPA17MBRRP0WN
233,01JCVGPJYPD8SPVCK5VVYJG8QE,251,2022-05-05,2022-05-07,01JCVGZBDVR6QBCV8J6WGKGM3T
560,01JCVGPJYHXTBZ1JZXB4PCSG07,197,2023-07-21,2023-07-27,01JCVGZBM93WHXTE76G612GTBZ
606,01JCVGPJYK2RSHZAVHBG3JR24F,410,2024-09-22,2024-10-01,01JCVGZBCBQEJEKPJD5WMRM9FG
553,01JCVGPJYPD8SPVCK5VVYJG8QE,234,2023-11-28,2023-12-08,01JCVGZBTQWHP4T6GTEHAMP4CH
111,01JCVGPK02HBT2RAABKHYZ090T,199,2023-08-26,2023-09-04,01JCVGZBF635KQTPWXR4HP34EG
196,01JCVGPJXYRQMQVN1CEZ07DX19,223,2021-11-14,2021-11-17,01JCVGZBRNXN6YSD1SPKNJMCGQ
726,01JCVGPJYZ8QMYHNT7P6XVXW43,415,2024-09-26,2024-10-08,01JCVGZBDCPNVGCCWC8TSKENT9
874,01JCVGPJYZ8QMYHNT7P6XVXW43,288,2024-05-20,2024-05-25,01JCVGZBMKSE2J4K0NRVYNTMFJ
326,01JCVGPJXYRQMQVN1CEZ07DX19,212,2024-04-01,2024-04-07,01JCVGZBDH7Q3P7F3X7BCJPK8V
545,01JCVGPJY93QDYBJ0EV2FXKAAB,86,,,01JCVGZBQTDZ0JM8M9XC24SZ02
322,01JCVGPK02HBT2RAABKHYZ090T,130,2023-04-10,2023-04-15,01JCVGZBFEW9KEVCS3TDNDBAEJ
644,01JCVGPJYPD8SPVCK5VVYJG8QE,336,2024-02-28,2024-03-01,01JCVGZBM1RZ1DQYWSHEGS3DAT
693,01JCVGPJYPD8SPVCK5VVYJG8QE,224,2023-07-14,2023-07-24,01JCVGZBJ068MNYCDN0KFKQSG0
898,01JCVGPJYK2RSHZAVHBG3JR24F,119,2024-05-28,2024-06-11,01JCVGZBRPH9FYMYVC8TT9HE6Y
38,01JCVGPJZ5TTZXC07DPF4S0MMF,210,2022-05-12,2022-05-16,01JCVGZBB4Z9FMZ5H7B0JRDGGV
325,01JCVGPJZ1M39Z16X2GYK7ATSE,106,2022-01-02,2022-01-11,01JCVGZBREVZKFZYEPFE8CTE68
288,01JCVGPJYGMVGERRHFVGTS49JF,470,2023-08-22,2023-08-31,01JCVGZBEBFT2FFPHFTP388BT0
971,01JCVGPJZ5TTZXC07DPF4S0MMF,278,2023-03-28,2023-03-29,01JCVGZBNXK3G47F4PM9TK8TWD
48,01JCVGPJZ5TTZXC07DPF4S0MMF,142,2022-10-11,2022-10-17,01JCVGZBM3FETXNY3A0TTB3KT2
257,01JCVGPJYJAPZB81K43TDMW7KV,37,,,01JCVGZBMEKRCFD4455F70NXGJ
622,01JCVGPJZ0AZRGV50T85771CPV,252,2024-01-19,2024-01-31,01JCVGZBG9240VA3P6TX9ZW0Z0
3,01JCVGPJYC703DRMSGEW1TA2F2,56,2022-07-28,2022-08-09,01JCVGZBNT43TV9SQ7VYX3JX55
532,01JCVGPJYZ8QMYHNT7P6XVXW43,183,2024-10-22,2024-11-05,01JCVGZBDM9313QXX8WPZETS5T
752,01JCVGPJYK2RSHZAVHBG3JR24F,137,2022-05-01,2022-05-10,01JCVGZBN4ZDXRD127TGT8MT4B
386,01JCVGPJYXTQWVHXKRA2C5KNZP,237,2022-10-30,2022-11-05,01JCVGZBHB7A6J52SAM6X67H3W
694,01JCVGPJYZ8QMYHNT7P6XVXW43,32,2022-03-19,2022-03-31,01JCVGZBFN6TAPCQKY424ZPGVR
563,01JCVGPJXYRQMQVN1CEZ07DX19,337,2024-09-20,2024-10-05,01JCVGZBNVSRBMCVCS5G524AWR
526,01JCVGPJYDM9C41N3B27YRGP9N,227,,,01JCVGZBPQ0JYYFXQBKATFCW4M
947,01JCVGPJZ5TTZXC07DPF4S0MMF,81,2023-02-04,2023-02-17,01JCVGZBFA3SHX0J8XM733ZTKQ
795,01JCVGPJZ0AZRGV50T85771CPV,234,2023-12-17,2023-12-21,01JCVGZBHREDJQA6N6DRS3MQ3X
26,01JCVGPJYZ8QMYHNT7P6XVXW43,81,2023-05-18,2023-05-31,01JCVGZBQGZKCZK852E2PBT417
955,01JCVGPJYXTQWVHXKRA2C5KNZP,484,2022-04-18,2022-04-27,01JCVGZBNQA09BZFRES6P12BBX
849,01JCVGPJYGMVGERRHFVGTS49JF,169,2023-04-26,2023-04-29,01JCVGZBHB7A6J52SAM6X67H3W
641,01JCVGPJYJAPZB81K43TDMW7KV,214,2022-01-07,2022-01-16,01JCVGZBHHYY36XNA2FQNPV541
105,01JCVGPJZ1M39Z16X2GYK7ATSE,102,2022-03-03,2022-03-18,01JCVGZBRPZRHJE1AH3WS7AKJV
315,01JCVGPJYK2RSHZAVHBG3JR24F,279,2023-02-11,2023-02-22,01JCVGZBC8F1BV7Q007M42N88Y
944,01JCVGPJXYRQMQVN1CEZ07DX19,182,2023-05-15,2023-05-24,01JCVGZBMZD19EHWAJ5ZJ8RAQH
101,01JCVGPJY93QDYBJ0EV2FXKAAB,60,,,01JCVGZBFN6TAPCQKY424ZPGVR
146,01JCVGPJYK2RSHZAVHBG3JR24F,310,2024-08-29,2024-09-10,01JCVGZBB7H6GMCX49EZG4D56W
713,01JCVGPJZ0AZRGV50T85771CPV,33,2023-06-02,2023-06-15,01JCVGZBNQH3SXCY0G6KDPAH0B
158,01JCVGPJYTR18Q7QY4S4T9YX7W,422,2023-06-20,2023-06-25,01JCVGZBHFA6JAWVEHYVW0N0SP
171,01JCVGPJYMNFA8NSGSWCQKC63Q,444,2024-02-21,2024-03-03,01JCVGZBAMA6NHZBFA0K83VH69
630,01JCVGPJYMNFA8NSGSWCQKC63Q,167,2023-07-17,2023-07-23,01JCVGZBN8YS15E6TK3AVCYY1X
558,01JCVGPJYJAPZB81K43TDMW7KV,182,2023-11-10,2023-11-24,01JCVGZBRARC1RQQB6PWFJ8MG7
730,01JCVGPJYK2RSHZAVHBG3JR24F,33,2024-04-28,2024-05-06,01JCVGZBKYM7KH9FKTN4XG7N30
794,01JCVGPJYDM9C41N3B27YRGP9N,376,,,01JCVGZBDRVF9W95EMT681MJD1
369,01JCVGPJYY2N2HHEQK87EQ6NFP,319,2024-09-01,2024-09-15,01JCVGZBRJN2B96ZQCHDMRF51T
760,01JCVGPJZ1M39Z16X2GYK7ATSE,378,2024-10-04,2024-10-15,01JCVGZBDZV5Y3GS7SPHH5PQQM
307,01JCVGPJYY2N2HHEQK87EQ6NFP,451,2024-07-28,2024-08-07,01JCVGZBGDSN06C9YV6BE7XPEH
919,01JCVGPJYC703DRMSGEW1TA2F2,152,2022-10-14,2022-10-20,01JCVGZBAXBMRWNGCETK1MXVRW
114,01JCVGPJYJAPZB81K43TDMW7KV,268,2024-06-22,2024-06-28,01JCVGZBCZ3TVY32Y9RZ9J29H3
883,01JCVGPJYY2N2HHEQK87EQ6NFP,429,2022-03-25,2022-04-02,01JCVGZBMYXWWHKBSBT1H2C6JM
389,01JCVGPK02HBT2RAABKHYZ090T,271,2023-07-15,2023-07-17,01JCVGZBDXY0XDFV379R84VZWT
535,01JCVGPJYGMVGERRHFVGTS49JF,458,2024-02-18,2024-02-27,01JCVGZBPDFGMXH11ZEK8PYX0N
41,01JCVGPJYY2N2HHEQK87EQ6NFP,338,2022-06-02,2022-06-16,01JCVGZBF2MQR6PTRA1DATMBK9
228,01JCVGPJZ0AZRGV50T85771CPV,492,2022-01-26,2022-01-30,01JCVGZBCRRVRTY22M2ZEGDZ0Y
755,01JCVGPK02HBT2RAABKHYZ090T,429,2024-09-24,2024-09-30,01JCVGZBKGWMZEMXWBASMW021A
289,01JCVGPK02HBT2RAABKHYZ090T,459,2024-02-29,2024-03-11,01JCVGZBP0EXK5AT7NH1V032TV
776,01JCVGPJYGMVGERRHFVGTS49JF,327,2024-01-10,2024-01-11,01JCVGZBJYFG6GF9WJYSZ9BTGB
166,01JCVGPJZ0AZRGV50T85771CPV,259,2024-11-12,2024-11-16,01JCVGZBD5CS910901VN7BVJC5
115,01JCVGPJXYRQMQVN1CEZ07DX19,318,2023-05-03,2023-05-17,01JCVGZBRA1Q2TCGTMREFJNNCC
490,01JCVGPJY93QDYBJ0EV2FXKAAB,293,2023-10-07,2023-10-16,01JCVGZBNR9Q53GRZT0J5G7PTZ
191,01JCVGPJYDM9C41N3B27YRGP9N,362,2023-01-21,2023-01-29,01JCVGZBAMEZ5ZC8NXWJNRTJAF
712,01JCVGPJYGMVGERRHFVGTS49JF,150,2021-11-27,2021-12-10,01JCVGZBBH5BYR07MSTNQB962K
241,01JCVGPJYZ8QMYHNT7P6XVXW43,198,2022-06-19,2022-06-30,01JCVGZBTNVQW9WN3E8M2RKEF2
38,01JCVGPJYGMVGERRHFVGTS49JF,187,,,01JCVGZBJ6QSHJYBXENP0Z08MS
52,01JCVGPJYJAPZB81K43TDMW7KV,342,2022-09-18,2022-09-27,01JCVGZBM2W73GKS1KZ3YTVZH3
104,01JCVGPJYC703DRMSGEW1TA2F2,64,2022-10-18,2022-11-02,01JCVGZBCR3Y9MTDMBKHFEWP1B
125,01JCVGPJYMNFA8NSGSWCQKC63Q,200,,,01JCVGZBCVAAB67PN25X1PZQ5B
517,01JCVGPJYZ8QMYHNT7P6XVXW43,211,2022-03-09,2022-03-17,01JCVGZBCHWV8FJZ52F3XSE3RC
317,01JCVGPJYGMVGERRHFVGTS49JF,106,2024-06-29,2024-07-12,01JCVGZBMCVGQ7P88CBYY2F9CP
143,01JCVGPJYPD8SPVCK5VVYJG8QE,222,2023-12-31,2024-01-13,01JCVGZBN1GMKE8W4MNR5TMT78
367,01JCVGPJYGMVGERRHFVGTS49JF,153,2023-12-16,2023-12-31,01JCVGZBNBW5KWGHN44WNH8B3B
249,01JCVGPJYA85B1NZ0V878H3TRJ,182,2022-07-18,2022-07-19,01JCVGZBMYFN6NQFNSQ100BQBW
443,01JCVGPJY93QDYBJ0EV2FXKAAB,120,2022-12-13,2022-12-20,01JCVGZBCNG5SHB44N8Z88B2J8
72,01JCVGPJYK2RSHZAVHBG3JR24F,208,2022-08-30,2022-09-06,01JCVGZBBGT11R6834AE5PH453
713,01JCVGPJYHXTBZ1JZXB4PCSG07,486,2022-10-18,2022-10-21,01JCVGZBHKM2JYDBJBGF7C087A
607,01JCVGPK02HBT2RAABKHYZ090T,56,2024-01-15,2024-01-17,01JCVGZBNNH2E6GR2EV57VR94Q
866,01JCVGPJZ5TTZXC07DPF4S0MMF,467,2024-04-30,2024-05-07,01JCVGZBQA3W8CPJHTS6SPTMXQ
750,01JCVGPJYA85B1NZ0V878H3TRJ,43,2023-08-16,2023-08-17,01JCVGZBPE9FCETBXZ5VCAS16C
696,01JCVGPJZ1M39Z16X2GYK7ATSE,427,2022-02-17,2022-03-02,01JCVGZBBKCC2NZ6J9G1CJZ94H
553,01JCVGPJYDM9C41N3B27YRGP9N,381,2021-11-14,2021-11-26,01JCVGZBQ7Q177ZDX3XS5127YY
340,01JCVGPJZ5TTZXC07DPF4S0MMF,136,2024-09-23,2024-10-01,01JCVGZBB27CYNW67G6J9R5DYA
238,01JCVGPJYGMVGERRHFVGTS49JF,259,2022-07-28,2022-08-12,01JCVGZBG2TYFPT4Z5QT11725P
533,01JCVGPJYMNFA8NSGSWCQKC63Q,46,2023-07-20,2023-07-24,01JCVGZBH0BDQAG3X1Q1GKDJWJ
361,01JCVGPJYJAPZB81K43TDMW7KV,334,2022-06-20,2022-07-03,01JCVGZBDYSF6H2ZH6PYY23K6C
767,01JCVGPJYY2N2HHEQK87EQ6NFP,463,2023-09-17,2023-09-22,01JCVGZBNVQSKTD4Q10GSYFCV2
620,01JCVGPJYK2RSHZAVHBG3JR24F,232,2023-07-22,2023-07-25,01JCVGZBDFZYX189E33G5Q4H2G
644,01JCVGPJYZ8QMYHNT7P6XVXW43,411,,,01JCVGZBGNSX3XVVXQH7DW6FXA
351,01JCVGPJYTR18Q7QY4S4T9YX7W,323,2021-12-23,2022-01-05,01JCVGZBEYA6EAF5YB84RGYG3M
266,01JCVGPJYPD8SPVCK5VVYJG8QE,300,2024-10-23,2024-11-02,01JCVGZBRQ2D85XXWGBMJ2PY05
794,01JCVGPJZ5TTZXC07DPF4S0MMF,267,2022-03-22,2022-03-31,01JCVGZBGF0THSRABA6Y9GEPZE
189,01JCVGPJYZ8QMYHNT7P6XVXW43,255,2023-11-29,2023-11-30,01JCVGZBGATXB6SG579F6W5WR9
710,01JCVGPK02HBT2RAABKHYZ090T,95,2022-02-05,2022-02-06,01JCVGZBCS3NWNCAG69YSR6BAY
487,01JCVGPJYDM9C41N3B27YRGP9N,73,2023-08-31,2023-09-12,01JCVGZBHKCK4AB7BBH79PXNQ3
878,01JCVGPJZ5TTZXC07DPF4S0MMF,374,2023-02-03,2023-02-15,01JCVGZBN1GMKE8W4MNR5TMT78
67,01JCVGPJYXTQWVHXKRA2C5KNZP,266,2022-03-17,2022-03-26,01JCVGZBFXHPZPP7F4WJNXD86N
466,01JCVGPJYA85B1NZ0V878H3TRJ,29,2022-03-07,2022-03-13,01JCVGZBG3GHDR7VKV2JZS4M13
80,01JCVGPJYXTQWVHXKRA2C5KNZP,68,,,01JCVGZBNH10069Y05C8DTJVHX
942,01JCVGPJY93QDYBJ0EV2FXKAAB,240,2021-12-14,2021-12-25,01JCVGZBGC73AZKCF15CC1ADYR
216,01JCVGPJYXTQWVHXKRA2C5KNZP,454,2022-08-17,2022-08-29,01JCVGZBF4QHHKQ20SQH81K1QQ
980,01JCVGPJZ1M39Z16X2GYK7ATSE,269,2022-09-09,2022-09-21,01JCVGZBPA8N40A9ZDTAT0QB9W
73,01JCVGPJZ0AZRGV50T85771CPV,182,2024-10-14,2024-10-21,01JCVGZBGATXB6SG579F6W5WR9
42,01JCVGPJYGMVGERRHFVGTS49JF,370,2022-01-24,2022-02-01,01JCVGZBNXK3G47F4PM9TK8TWD
433,01JCVGPJYZ8QMYHNT7P6XVXW43,162,,,01JCVGZBQ54D5RFF2QKAHN4MDR
257,01JCVGPJYDM9C41N3B27YRGP9N,101,2022-12-09,2022-12-19,01JCVGZBP8QDW5AJEENSTADZFY
40,01JCVGPJZ0AZRGV50T85771CPV,128,2022-12-18,2023-01-01,01JCVGZBQWHNKNGPFQMC6Z2ZS8
248,01JCVGPJYJAPZB81K43TDMW7KV,60,2023-12-17,2023-12-31,01JCVGZBAM0CCC00G22J3SZ08C
470,01JCVGPJZ5TTZXC07DPF4S0MMF,442,2022-08-30,2022-09-14,01JCVGZBRN3QVQVFWAYB5TYDJ8
747,01JCVGPJZ5TTZXC07DPF4S0MMF,285,2024-09-19,2024-10-01,01JCVGZBC2XXRKZQ4GJ5N3P93K
169,01JCVGPJYXTQWVHXKRA2C5KNZP,248,2024-06-24,2024-07-06,01JCVGZBQP4N2FW69FCPRBQTRE
110,01JCVGPJYA85B1NZ0V878H3TRJ,319,2023-12-11,2023-12-22,01JCVGZBNTKEJPT9PSPCFBC58T
875,01JCVGPJYXTQWVHXKRA2C5KNZP,494,2024-01-13,2024-01-22,01JCVGZBCDE7BBKYP4VN4ACPJ4
145,01JCVGPJXYRQMQVN1CEZ07DX19,245,2022-04-26,2022-04-30,01JCVGZBB7H6GMCX49EZG4D56W
638,01JCVGPJYGMVGERRHFVGTS49JF,127,2024-02-09,2024-02-13,01JCVGZBH6GWPQ2C3MDM1HPRFV
711,01JCVGPJYGMVGERRHFVGTS49JF,384,,,01JCVGZBFYJJ33DFD0XDFKG19K
311,01JCVGPJYTR18Q7QY4S4T9YX7W,419,2022-06-23,2022-07-01,01JCVGZBRTEWQZFN0E8MGP18CS
898,01JCVGPJYDM9C41N3B27YRGP9N,88,2022-08-18,2022-09-02,01JCVGZBQNXJXGGGQZKF84BCS4
307,01JCVGPJYXTQWVHXKRA2C5KNZP,56,2024-06-13,2024-06-15,01JCVGZBMDXAWBN0TTBP21MZK9
875,01JCVGPJZ1M39Z16X2GYK7ATSE,452,2023-04-04,2023-04-06,01JCVGZBKYM7KH9FKTN4XG7N30
652,01JCVGPJYZ8QMYHNT7P6XVXW43,188,2024-02-07,2024-02-21,01JCVGZBMW8GHM5W56QYFV022D
249,01JCVGPJYZ8QMYHNT7P6XVXW43,291,2023-07-02,2023-07-17,01JCVGZBK9WWRCQ8ZEYDA3CJQ9
552,01JCVGPJYC703DRMSGEW1TA2F2,85,2022-01-12,2022-01-19,01JCVGZBNEFVBQWC27WHSBWVQA
210,01JCVGPJYTR18Q7QY4S4T9YX7W,479,2021-11-26,2021-12-01,01JCVGZBG4440229YYYT6A9SVX
917,01JCVGPJYGMVGERRHFVGTS49JF,346,2024-06-04,2024-06-12,01JCVGZBMC8GTAKD3PX25H3JME
718,01JCVGPJZ1M39Z16X2GYK7ATSE,311,2021-12-05,2021-12-10,01JCVGZBBMH0W7ANSQDT31CX59
150,01JCVGPJYA85B1NZ0V878H3TRJ,206,2023-01-04,2023-01-05,01JCVGZBBJ1NQD6QVJJFT5C91K
363,01JCVGPJYMNFA8NSGSWCQKC63Q,158,2023-08-13,2023-08-18,01JCVGZBH8VXYM2RJ3M9EE0PB3
797,01JCVGPJYY2N2HHEQK87EQ6NFP,178,2023-01-04,2023-01-18,01JCVGZBGTEEEWT1MFAPZ6Z3Y6
680,01JCVGPJZ0AZRGV50T85771CPV,164,2022-01-03,2022-01-06,01JCVGZBF6EGS4WRZ1HQXS5PD4
182,01JCVGPK02HBT2RAABKHYZ090T,206,2024-08-14,2024-08-17,01JCVGZBBJEBYDTCGF4D2MYRQ7
55,01JCVGPJYTR18Q7QY4S4T9YX7W,91,2023-03-03,2023-03-08,01JCVGZBQRXAZARFKRMYB8MJ1C
880,01JCVGPJYC703DRMSGEW1TA2F2,384,2023-03-19,2023-03-24,01JCVGZBKRX5VXJSN0GA4PZRYK
351,01JCVGPK02HBT2RAABKHYZ090T,305,2021-12-05,2021-12-20,01JCVGZBQSZMNTW2F74BB5QKTW
552,01JCVGPJZ1M39Z16X2GYK7ATSE,31,2024-01-11,2024-01-18,01JCVGZBRHJQ3JSZKNSHJAD0GT
903,01JCVGPJYC703DRMSGEW1TA2F2,197,2022-10-03,2022-10-13,01JCVGZBPKTJCFSBQMV04667WK
876,01JCVGPJYJAPZB81K43TDMW7KV,265,2024-08-16,2024-08-31,01JCVGZBK21VQA5CM933BWTQSV
903,01JCVGPJYGMVGERRHFVGTS49JF,207,,,01JCVGZBQ47HXE34RQY104E8EB
444,01JCVGPJYXTQWVHXKRA2C5KNZP,285,2023-05-09,2023-05-22,01JCVGZBH4WZP77RSYMRX7HJ6Y
385,01JCVGPJXYRQMQVN1CEZ07DX19,49,2021-12-30,2022-01-13,01JCVGZBQ28JRVPASMH4CCWXDN
998,01JCVGPJYPD8SPVCK5VVYJG8QE,393,2023-10-12,2023-10-25,01JCVGZBBH5BYR07MSTNQB962K
812,01JCVGPJYJAPZB81K43TDMW7KV,254,2023-09-06,2023-09-08,01JCVGZBQ28JRVPASMH4CCWXDN
562,01JCVGPJXYRQMQVN1CEZ07DX19,481,2023-07-09,2023-07-23,01JCVGZBHJDM2NFCJ7SP8GNZG3
509,01JCVGPJYPD8SPVCK5VVYJG8QE,95,,,01JCVGZBREVZKFZYEPFE8CTE68
115,01JCVGPJYA85B1NZ0V878H3TRJ,343,2022-12-26,2023-01-03,01JCVGZBR2WNVKYWQFS2QR1XMA
381,01JCVGPJYGMVGERRHFVGTS49JF,457,,,01JCVGZBE8SXKA0AG64TV4Z1MK
896,01JCVGPJYDM9C41N3B27YRGP9N,140,,,01JCVGZBECX48NHY4FA21XR553
918,01JCVGPJYJAPZB81K43TDMW7KV,377,2023-12-03,2023-12-14,01JCVGZBMSKHCV9ET1RW03S21Z
98,01JCVGPJYTR18Q7QY4S4T9YX7W,161,2022-05-22,2022-05-24,01JCVGZBKCC7J9VPCBCEZMMY99
654,01JCVGPJYGMVGERRHFVGTS49JF,183,2022-08-06,2022-08-11,01JCVGZBR6RM2BFF0YR7ZRRKGM
937,01JCVGPK02HBT2RAABKHYZ090T,286,2024-04-21,2024-05-04,01JCVGZBP13EZTP6FG14R79FQS
598,01JCVGPJYHXTBZ1JZXB4PCSG07,114,2024-06-01,2024-06-05,01JCVGZBBSECB0SS1ZQBVQF5CX
309,01JCVGPK02HBT2RAABKHYZ090T,241,,,01JCVGZBGQG9K9XR76T0JNM0R1
513,01JCVGPJYK2RSHZAVHBG3JR24F,267,2023-02-05,2023-02-08,01JCVGZBPGY92F2XYCQTJXYEDS
668,01JCVGPJYHXTBZ1JZXB4PCSG07,174,2021-11-14,2021-11-20,01JCVGZBPT1BRXMMDSJAEWP6SA
371,01JCVGPJYMNFA8NSGSWCQKC63Q,81,2022-07-27,2022-08-11,01JCVGZBR92DSD3G3YDZWJ17F0
39,01JCVGPJZ1M39Z16X2GYK7ATSE,265,,,01JCVGZBQ9C2TRXW0VC6HG6KZV
674,01JCVGPJYA85B1NZ0V878H3TRJ,123,2024-03-22,2024-03-30,01JCVGZBHCAF378H6RPA4YBWT9
919,01JCVGPJYA85B1NZ0V878H3TRJ,207,2023-08-01,2023-08-08,01JCVGZBQTE3C1CQ511SB58QBZ
386,01JCVGPJYJAPZB81K43TDMW7KV,397,2024-10-13,2024-10-21,01JCVGZBF9V5A43TMKC0CWRSPK
437,01JCVGPJZ1M39Z16X2GYK7ATSE,120,2024-08-07,2024-08-14,01JCVGZBRMZBS2NCH2SHEF7974
716,01JCVGPJYMNFA8NSGSWCQKC63Q,30,2022-03-03,2022-03-10,01JCVGZBB4VZ7PKEH0GBAVATJ1
398,01JCVGPJYA85B1NZ0V878H3TRJ,246,2023-10-26,2023-10-29,01JCVGZBR4ZQEEVKP3BASZ2VCA
951,01JCVGPJYHXTBZ1JZXB4PCSG07,99,2023-06-19,2023-06-23,01JCVGZBNT43TV9SQ7VYX3JX55
28,01JCVGPJZ5TTZXC07DPF4S0MMF,279,2024-02-15,2024-02-16,01JCVGZBNNH2E6GR2EV57VR94Q
31,01JCVGPJYJAPZB81K43TDMW7KV,448,2024-07-10,2024-07-19,01JCVGZBASZ86DJN6MARPJ6AQB
658,01JCVGPJZ1M39Z16X2GYK7ATSE,320,2022-10-15,2022-10-24,01JCVGZBPWVA5PSMVEJAA6F6E0
401,01JCVGPJYZ8QMYHNT7P6XVXW43,365,2024-06-23,2024-07-05,01JCVGZBDCPNVGCCWC8TSKENT9
289,01JCVGPJXYRQMQVN1CEZ07DX19,166,,,01JCVGZBN4ZDXRD127TGT8MT4B
837,01JCVGPJZ1M39Z16X2GYK7ATSE,199,2023-01-18,2023-02-02,01JCVGZBFPW2E369HS3ZVH1716
683,01JCVGPJYZ8QMYHNT7P6XVXW43,212,2023-02-01,2023-02-07,01JCVGZBGX55DVPT3444XGT0PM
2,01JCVGPJYGMVGERRHFVGTS49JF,373,2024-05-14,2024-05-23,01JCVGZBG43J6B8TQ0GH7T2928
305,01JCVGPJZ5TTZXC07DPF4S0MMF,273,2021-11-08,2021-11-09,01JCVGZBQFPT1ZGBXSWJKNQ8S3
628,01JCVGPJYMNFA8NSGSWCQKC63Q,223,2024-06-29,2024-07-09,01JCVGZBKJJSTZFRKW77SPZNJK
459,01JCVGPJYGMVGERRHFVGTS49JF,68,2022-08-20,2022-08-22,01JCVGZBQQKFZAC9QFWMBNB8KE
599,01JCVGPJXYRQMQVN1CEZ07DX19,335,2024-02-09,2024-02-23,01JCVGZBGHASC6S90V5HWFQCAK
811,01JCVGPJYC703DRMSGEW1TA2F2,410,2022-02-03,2022-02-13,01JCVGZBJXM8NFA834P9HNXHT3
176,01JCVGPJXYRQMQVN1CEZ07DX19,150,2024-07-23,2024-07-30,01JCVGZBJWJ4K5Y6ENF833XFB4
461,01JCVGPJYHXTBZ1JZXB4PCSG07,129,2024-11-04,2024-11-08,01JCVGZBF9EEGT84FPTRB29MR6
733,01JCVGPJYMNFA8NSGSWCQKC63Q,33,2022-11-01,2022-11-07,01JCVGZBJVKF17CGFXAE3389QM
652,01JCVGPJYPD8SPVCK5VVYJG8QE,357,2024-09-30,2024-10-13,01JCVGZBKSA0BV18VGN01WDVHG
8,01JCVGPJYY2N2HHEQK87EQ6NFP,318,2023-05-21,2023-05-22,01JCVGZBQNXJXGGGQZKF84BCS4
99,01JCVGPJZ0AZRGV50T85771CPV,46,2023-07-29,2023-08-11,01JCVGZBDFZYX189E33G5Q4H2G
263,01JCVGPJZ5TTZXC07DPF4S0MMF,253,2022-10-20,2022-10-25,01JCVGZBQKB5JGENYK2PMTQYBK
426,01JCVGPJXYRQMQVN1CEZ07DX19,215,2022-06-28,2022-07-05,01JCVGZBGZMZEV301DVVW9ZJQS
274,01JCVGPJYZ8QMYHNT7P6XVXW43,188,2023-03-30,2023-04-12,01JCVGZBHCVR3RAAFB1FG8HZJQ
801,01JCVGPJYA85B1NZ0V878H3TRJ,57,,,01JCVGZBD728E8DW03W63410FQ
30,01JCVGPJYA85B1NZ0V878H3TRJ,431,2023-10-19,2023-10-20,01JCVGZBHNWMWZCXFWVJJYE2RY
166,01JCVGPJYDM9C41N3B27YRGP9N,298,2024-01-13,2024-01-20,01JCVGZBPJ0EKDH3CR7PSD70DT
713,01JCVGPJZ1M39Z16X2GYK7ATSE,318,2024-06-28,2024-07-09,01JCVGZBDCAVF4FN999MEEC3Z4
737,01JCVGPJYMNFA8NSGSWCQKC63Q,161,2023-07-12,2023-07-24,01JCVGZBKJT5NF8VHQTXRHPCKX
150,01JCVGPJYA85B1NZ0V878H3TRJ,254,2023-06-11,2023-06-23,01JCVGZBC9EV4CZNYKDNMEGA6C
945,01JCVGPJYXTQWVHXKRA2C5KNZP,387,2023-01-10,2023-01-13,01JCVGZBKC1CTD3F5RXSKC4GK5
888,01JCVGPJYHXTBZ1JZXB4PCSG07,190,2023-05-19,2023-06-03,01JCVGZBNJ245CBAKY4HTTD65X
555,01JCVGPJYDM9C41N3B27YRGP9N,461,2024-03-11,2024-03-17,01JCVGZBR2FXZ2S2W8EBQ3TDGN
188,01JCVGPJZ1M39Z16X2GYK7ATSE,288,2024-07-30,2024-08-14,01JCVGZBQ1MG4SAC7K8CN5CD2R
366,01JCVGPJYPD8SPVCK5VVYJG8QE,146,2024-06-13,2024-06-23,01JCVGZBR8ZJQDPKZA1JZPM61R
618,01JCVGPJYJAPZB81K43TDMW7KV,37,2022-01-02,2022-01-10,01JCVGZBP976AQMEZ7H6SGBPPP
938,01JCVGPJZ5TTZXC07DPF4S0MMF,96,2023-06-18,2023-07-02,01JCVGZBC8W8M9E6DNB84ETGVE
297,01JCVGPJYC703DRMSGEW1TA2F2,226,2021-11-21,2021-12-03,01JCVGZBNFXQXTBKQYHWES1AH0
22,01JCVGPJYY2N2HHEQK87EQ6NFP,267,2023-02-04,2023-02-17,01JCVGZBHP274CVE0SH80G7E5C
325,01JCVGPJYY2N2HHEQK87EQ6NFP,348,2023-08-08,2023-08-18,01JCVGZBHMVJ2M5MDJ24YTC25E
405,01JCVGPJYHXTBZ1JZXB4PCSG07,294,2023-02-10,2023-02-22,01JCVGZBMM8RZX0KP3RZSAAKN1
366,01JCVGPJYJAPZB81K43TDMW7KV,467,2022-07-03,2022-07-07,01JCVGZBPEGQRQXRHJ5KVARFT5
91,01JCVGPJYZ8QMYHNT7P6XVXW43,167,2024-09-04,2024-09-19,01JCVGZBRZNZF5P6NP7Z5QX8W0
247,01JCVGPJYHXTBZ1JZXB4PCSG07,350,2021-11-08,2021-11-12,01JCVGZBNRMS13FR64TWPZGGT0
61,01JCVGPJYDM9C41N3B27YRGP9N,138,,,01JCVGZBQ2G4VXZKMX226BBST2
426,01JCVGPJXYRQMQVN1CEZ07DX19,68,2024-05-04,2024-05-07,01JCVGZBHHYY36XNA2FQNPV541
629,01JCVGPJZ5TTZXC07DPF4S0MMF,340,2023-01-15,2023-01-24,01JCVGZBP8QDW5AJEENSTADZFY
483,01JCVGPJYPD8SPVCK5VVYJG8QE,110,2023-02-12,2023-02-23,01JCVGZBJWJ4K5Y6ENF833XFB4
677,01JCVGPJYJAPZB81K43TDMW7KV,257,2023-06-08,2023-06-21,01JCVGZBGATXB6SG579F6W5WR9
139,01JCVGPJYXTQWVHXKRA2C5KNZP,237,2023-11-19,2023-11-20,01JCVGZBGQG9K9XR76T0JNM0R1
346,01JCVGPJYXTQWVHXKRA2C5KNZP,462,2022-02-10,2022-02-20,01JCVGZBKYM7KH9FKTN4XG7N30
592,01JCVGPJZ1M39Z16X2GYK7ATSE,178,2024-11-03,2024-11-11,01JCVGZBM0Q4QAGJDN3MJG0G1R
657,01JCVGPJYDM9C41N3B27YRGP9N,285,2023-07-03,2023-07-10,01JCVGZBHNYJ5AAGPJ7RY2F07C
536,01JCVGPJYHXTBZ1JZXB4PCSG07,295,2022-09-04,2022-09-14,01JCVGZBQ5GVH6VFX9WS43RHRD
124,01JCVGPJYDM9C41N3B27YRGP9N,207,2022-08-02,2022-08-08,01JCVGZBM1GMJNE96T27YJBPT4
94,01JCVGPJYHXTBZ1JZXB4PCSG07,326,2022-01-28,2022-02-04,01JCVGZBP87VBZTG9P0DS65G26
522,01JCVGPJYJAPZB81K43TDMW7KV,449,2023-07-04,2023-07-12,01JCVGZBCMJKENQ82DTN3MVWYA
312,01JCVGPK02HBT2RAABKHYZ090T,320,2024-05-16,2024-05-30,01JCVGZBFS3B8AXXD17F6CP17S
940,01JCVGPJZ1M39Z16X2GYK7ATSE,247,2022-03-26,2022-03-30,01JCVGZBRPZRHJE1AH3WS7AKJV
232,01JCVGPJYZ8QMYHNT7P6XVXW43,278,2023-04-18,2023-04-25,01JCVGZBJYFG6GF9WJYSZ9BTGB
428,01JCVGPJYTR18Q7QY4S4T9YX7W,184,2022-10-17,2022-10-21,01JCVGZBB4VZ7PKEH0GBAVATJ1
770,01JCVGPJYJAPZB81K43TDMW7KV,304,2024-06-11,2024-06-17,01JCVGZBJD928Q1ACKWGQR3QM9
617,01JCVGPJZ0AZRGV50T85771CPV,98,2024-01-12,2024-01-17,01JCVGZBFRWS90V7QPFHB8C4A4
446,01JCVGPJYA85B1NZ0V878H3TRJ,234,2024-03-28,2024-04-02,01JCVGZBEPSDABV4NN815QXW2X
935,01JCVGPJYDM9C41N3B27YRGP9N,109,,,01JCVGZBH4WZP77RSYMRX7HJ6Y
238,01JCVGPJYC703DRMSGEW1TA2F2,354,2023-04-24,2023-05-07,01JCVGZBFDSMX1ZM26V41TPY9Q
382,01JCVGPJYMNFA8NSGSWCQKC63Q,386,2021-12-30,2022-01-10,01JCVGZBR2WNVKYWQFS2QR1XMA
268,01JCVGPJZ1M39Z16X2GYK7ATSE,258,2022-07-02,2022-07-13,01JCVGZBRGAVGZPMWGBDT86KQQ
133,01JCVGPJZ1M39Z16X2GYK7ATSE,49,2023-02-27,2023-03-02,01JCVGZBN8YS15E6TK3AVCYY1X
744,01JCVGPJYGMVGERRHFVGTS49JF,368,,,01JCVGZBPBB1AYSB8PKQ3M8TW8
662,01JCVGPJYMNFA8NSGSWCQKC63Q,334,2022-10-11,2022-10-13,01JCVGZBKP0N9GPABVD1HBM032
230,01JCVGPJY93QDYBJ0EV2FXKAAB,264,2023-07-07,2023-07-19,01JCVGZBB3ZJXAYD3YARQJR4MT
847,01JCVGPJYXTQWVHXKRA2C5KNZP,151,2021-12-04,2021-12-16,01JCVGZBHXRVX07W831C6ER26Z
944,01JCVGPJYGMVGERRHFVGTS49JF,379,2022-08-22,2022-08-31,01JCVGZBR359WN4Y9C9JPDBDCC
488,01JCVGPJZ1M39Z16X2GYK7ATSE,347,2021-11-24,2021-11-29,01JCVGZBF3Z3JN5S6PAX12743S
392,01JCVGPJYY2N2HHEQK87EQ6NFP,56,,,01JCVGZBHB42CTHBHQJJKFNSJ9
990,01JCVGPJY93QDYBJ0EV2FXKAAB,147,2023-01-21,2023-01-24,01JCVGZBFM5SKGGQ8XC02VVYVX
