id_incendio,hectareas_quemadas,motivo,fecha
01JCVGZBAE9AMB8QCR6SZY1NQJ,6568,Incendios provocados (piromanía),2024-02-08
01JCVGZBAFNN74D9KCE69QJMT3,6995,Deforestación ilegal,2024-10-17
01JCVGZBAFNN74D9KCE69QJMT3,6995,Deforestación ilegal,2024-10-18
01JCVGZBAGQ6JVVANGBJ85GDCM,9896,Cigarrillos mal apagados,2022-07-27
01JCVGZBAHRSFFEHY5XCJX4YDG,4875,Olas de calor extremas,2024-11-09
01JCVGZBAJFGYN1HD1AJ7BF78R,399,Rayos,2022-09-29
01JCVGZBAKVZBA93BDD54E9A4A,9784,Cigarrillos mal apagados,2023-12-07
01JCVGZBAMA6NHZBFA0K83VH69,5797,Incendios provocados (piromanía),2022-05-03
01JCVGZBAM0CCC00G22J3SZ08C,8051,Incendios provocados (piromanía),2023-08-03
01JCVGZBAMEZ5ZC8NXWJNRTJAF,990,Incendios provocados (piromanía),
01JCVGZBANDSXDFWG0TD75KM1N,7744,Cigarrillos mal apagados,
01JCVGZBANX5EKM1TFN2AB9F09,4895,Deforestación ilegal,2023-12-17
01JCVGZBANX5EKM1TFN2AB9F09,4895,Deforestación ilegal,2023-12-18
01JCVGZBAP6649H2SV04AKK00B,1122,Cigarrillos mal apagados,2022-12-13
01JCVGZBAP6649H2SV04AKK00B,1122,Cigarrillos mal apagados,2022-12-14
01JCVGZBAQ1SEHVQR69ZC1EJS3,1807,calor,2022-12-03
01JCVGZBARH9SYAEHJG11XXF88,7829,Olas de calor extremas,2024-02-25
01JCVGZBARP4352C67B2JEPS0G,6148,Rayos,2022-12-01
01JCVGZBARP4352C67B2JEPS0G,6148,Rayos,2022-12-02
01JCVGZBARP4352C67B2JEPS0G,6148,Rayos,2022-12-03
01JCVGZBASZ86DJN6MARPJ6AQB,8573,Rayos,2024-10-03
01JCVGZBASZ86DJN6MARPJ6AQB,8573,Rayos,2024-10-02
01JCVGZBASZ86DJN6MARPJ6AQB,8573,Rayos,2024-10-02
01JCVGZBASYHJJW1ZTPVJSRJVN,9700,Cigarrillos mal apagados,2023-11-30
01JCVGZBATZG29AECBWJSFEJX3,4016,calor,2022-05-11
01JCVGZBAVM6GR38H4FY4EHQEJ,6425,Olas de calor extremas,2023-11-14
01JCVGZBAWQ647AMXD5WCB9GMR,4113,Cigarrillos mal apagados,2022-11-07
01JCVGZBAWQ647AMXD5WCB9GMR,4113,Cigarrillos mal apagados,2022-11-09
01JCVGZBAX1A1JTB34KBP2HKAA,1817,Incendios provocados (piromanía),
01JCVGZBAXBMRWNGCETK1MXVRW,6959,Fogatas mal apagadas,2022-12-14
01JCVGZBAY01HXPVM83JPR4XYW,7081,Rayos,2023-06-25
01JCVGZBAY2EGASKPSFHQ4TP7Q,4808,Cigarrillos mal apagados,2022-01-28
01JCVGZBAZT1CNB8DQXZT1ZTD9,5476,Olas de calor extremas,2024-05-02
01JCVGZBAZS09HFB1W2ZCBDCD2,7980,Olas de calor extremas,2024-07-14
01JCVGZBB0R789SD4E34S6PYPD,5975,Cigarrillos mal apagados,2022-05-05
01JCVGZBB036G64WN2T46KHQVP,8909,Fallas eléctricas,2023-01-20
01JCVGZBB0F7ST65F7TP48HZYD,6551,Deforestación ilegal,2024-03-23
01JCVGZBB12K3F7ERM2KY09KYF,9736,Rayos,2024-05-05
01JCVGZBB28EWYV2XNVH7A82DH,5064,Fogatas mal apagadas,2024-09-23
01JCVGZBB27CYNW67G6J9R5DYA,5882,Olas de calor extremas,2023-06-12
01JCVGZBB27CYNW67G6J9R5DYA,5882,Olas de calor extremas,2023-06-12
01JCVGZBB27CYNW67G6J9R5DYA,5882,Olas de calor extremas,2023-06-10
01JCVGZBB27CYNW67G6J9R5DYA,5882,Olas de calor extremas,2023-06-12
01JCVGZBB3W9R3ERHX4QZHCNDP,9038,Deforestación ilegal,2023-03-02
01JCVGZBB3ZJXAYD3YARQJR4MT,3918,Olas de calor extremas,2022-02-17
01JCVGZBB4Z9FMZ5H7B0JRDGGV,578,Cigarrillos mal apagados,2023-06-03
01JCVGZBB4QHFGCN7JHPSMM15R,4722,Fogatas mal apagadas,2023-07-27
01JCVGZBB4VZ7PKEH0GBAVATJ1,2473,Olas de calor extremas,2023-04-19
01JCVGZBB4VZ7PKEH0GBAVATJ1,2473,Olas de calor extremas,2023-04-18
01JCVGZBB5ZAF2FWD5W4J98HN4,6317,calor,2024-07-20
01JCVGZBB6KV68VJ0NVT7AFKYM,4829,Rayos,2022-11-29
01JCVGZBB7H6GMCX49EZG4D56W,5629,Cigarrillos mal apagados,2022-03-16
01JCVGZBB8NE5Q3WB4YZ4K5ETC,3782,Rayos,2024-07-20
01JCVGZBB8T34G8T8ZSN3PKN8E,9992,Fogatas mal apagadas,2024-07-10
01JCVGZBB8T34G8T8ZSN3PKN8E,9992,Fogatas mal apagadas,2024-07-11
01JCVGZBB81WWQWEDDHW5FKXEM,8567,Fogatas mal apagadas,2024-03-11
01JCVGZBB81WWQWEDDHW5FKXEM,8567,Fogatas mal apagadas,2024-03-11
01JCVGZBB9Z2TKHRR050VEMBKP,3971,Fogatas mal apagadas,2022-11-27
01JCVGZBB93F07HRYS4XMEQ9GE,1940,Cigarrillos mal apagados,2023-03-26
01JCVGZBBA8YE81HDD3C4RBK73,8672,Cigarrillos mal apagados,
01JCVGZBBAH1FVXP3M76186D0A,9344,Olas de calor extremas,2022-03-18
01JCVGZBBA1QZQFKK4MN8BM6Q8,3189,Deforestación ilegal,
01JCVGZBBBV7E87R7EJ0HZ8M5Z,412,Olas de calor extremas,2022-03-07
01JCVGZBBBD9KXR8188DNED374,5669,calor,2022-04-18
01JCVGZBBC92BJSD4GD7YG6DBX,8854,Olas de calor extremas,2024-09-18
01JCVGZBBCKYMHF8NMHVS42QGK,8494,Rayos,2024-07-08
01JCVGZBBCKYMHF8NMHVS42QGK,8494,Rayos,2024-07-06
01JCVGZBBCCNPQG4EEDTTJTTX8,407,Incendios provocados (piromanía),2021-12-05
01JCVGZBBDCH7EDC3PRDGYK2WE,3858,Deforestación ilegal,2023-10-09
01JCVGZBBD32EC3WXCGCXEJ740,9330,Cigarrillos mal apagados,2022-10-24
01JCVGZBBECR8NK5ZDE35W03B9,2693,Rayos,2024-05-07
01JCVGZBBEYBH9ZQVKCJEWD7SQ,6485,Rayos,2022-03-12
01JCVGZBBEYBH9ZQVKCJEWD7SQ,6485,Rayos,2022-03-12
01JCVGZBBEYBH9ZQVKCJEWD7SQ,6485,Rayos,2022-03-12
01JCVGZBBEYBH9ZQVKCJEWD7SQ,6485,Rayos,2022-03-12
01JCVGZBBF6BCCKWJHNK61CPP4,6409,Incendios provocados (piromanía),2024-05-31
01JCVGZBBFVA0D8EKRYPX63WB1,3253,Fallas eléctricas,2023-10-17
01JCVGZBBGT11R6834AE5PH453,2538,Olas de calor extremas,2024-06-16
01JCVGZBBG0Y7ZAPNXTR5CME9Y,4699,Fallas eléctricas,
01JCVGZBBG0Y7ZAPNXTR5CME9Y,4699,Fallas eléctricas,
01JCVGZBBG0Y7ZAPNXTR5CME9Y,4699,Fallas eléctricas,
01JCVGZBBH5BYR07MSTNQB962K,8465,Fogatas mal apagadas,2022-11-08
01JCVGZBBJ1NQD6QVJJFT5C91K,6404,Fallas eléctricas,2022-08-26
01JCVGZBBJ1NQD6QVJJFT5C91K,6404,Fallas eléctricas,2022-08-26
01JCVGZBBJEBYDTCGF4D2MYRQ7,4418,Rayos,2023-09-15
01JCVGZBBKABCXP7HNKP2VSD7F,465,calor,2024-03-11
01JCVGZBBKCC2NZ6J9G1CJZ94H,4847,Fallas eléctricas,2024-04-04
01JCVGZBBM37EMRZWZ3QHABPYE,184,Fallas eléctricas,2023-02-11
01JCVGZBBMH0W7ANSQDT31CX59,8074,Fallas eléctricas,2022-11-18
01JCVGZBBMH0W7ANSQDT31CX59,8074,Fallas eléctricas,2022-11-19
01JCVGZBBMH0W7ANSQDT31CX59,8074,Fallas eléctricas,2022-11-18
01JCVGZBBN7ZFMMWN4VBH9BQFA,7512,Olas de calor extremas,2024-10-15
01JCVGZBBNVW4SVDPR33GW5Z05,6862,Olas de calor extremas,2022-03-06
01JCVGZBBPGGBXNQCWESV51GYC,2622,Olas de calor extremas,2022-01-17
01JCVGZBBPMKQAJKAQ0G94TVW4,9798,Fogatas mal apagadas,2024-11-13
01JCVGZBBPG4HMD8F36N03FHFX,6378,calor,2023-09-06
01JCVGZBBPG4HMD8F36N03FHFX,6378,calor,2023-09-08
01JCVGZBBQ27Z2WXPXMV3HNFPH,709,Olas de calor extremas,2023-03-16
01JCVGZBBQ27Z2WXPXMV3HNFPH,709,Olas de calor extremas,2023-03-16
01JCVGZBBQ9FG4KA0Y8YAH87JB,9228,Fogatas mal apagadas,2023-05-09
01JCVGZBBRJ65ESJQDFZT2QAKF,3040,Cigarrillos mal apagados,2023-04-23
01JCVGZBBR1FDWY3MW1X683WSZ,3015,Fallas eléctricas,
01JCVGZBBR1FDWY3MW1X683WSZ,3015,Fallas eléctricas,
01JCVGZBBR0SP3BSHW6NY9CCN5,4452,Olas de calor extremas,2024-11-11
01JCVGZBBR0SP3BSHW6NY9CCN5,4452,Olas de calor extremas,2024-11-11
01JCVGZBBSECB0SS1ZQBVQF5CX,6924,Olas de calor extremas,2024-03-24
01JCVGZBBS7Y48SYQCYJZBQ7B7,7411,Fogatas mal apagadas,2022-10-28
01JCVGZBBT5RE929CX3PTAQR85,9239,Deforestación ilegal,2024-11-04
01JCVGZBBTF0DF2SQXTGR52Y5V,4829,Fallas eléctricas,2024-02-14
01JCVGZBBVR3NE8JXD3KVXCY8T,8128,Deforestación ilegal,2024-01-12
01JCVGZBBWESNJJQVVN54NGCCE,7522,Rayos,2022-08-05
01JCVGZBBWESNJJQVVN54NGCCE,7522,Rayos,2022-08-05
01JCVGZBBWESNJJQVVN54NGCCE,7522,Rayos,2022-08-07
01JCVGZBBWTRRFFDBZS5GT6HKC,4168,Cigarrillos mal apagados,2022-10-18
01JCVGZBBXJSF7FEYZR7ZQY052,6403,calor,
01JCVGZBBX3BJKVG76CWX74JW0,7653,Fallas eléctricas,2022-05-06
01JCVGZBBX7B0NKNRDFMJ1M3H7,7105,Incendios provocados (piromanía),2023-09-27
01JCVGZBBYDT6CY2PYQKTK72W2,582,Deforestación ilegal,2024-10-14
01JCVGZBBY3CVVAVTQYAEFNVMW,124,Incendios provocados (piromanía),2022-01-15
01JCVGZBBZQJQ31P2SQVV6Y4MF,7073,Rayos,2022-06-26
01JCVGZBBZQJQ31P2SQVV6Y4MF,7073,Rayos,2022-06-25
01JCVGZBBZ54B0SCQT0Z3H6Z9J,114,Fogatas mal apagadas,2024-06-09
01JCVGZBC0H3AV7W9WRXHBXMW7,1167,calor,2024-06-06
01JCVGZBC007CPDY3SEZS15J58,8690,Fallas eléctricas,2023-07-21
01JCVGZBC1PEEQ4N40SRC3HPD3,8437,calor,2023-08-12
01JCVGZBC18NEESCVFXCX74SEZ,8850,Fallas eléctricas,2024-08-04
01JCVGZBC2MPH5DTBQFWBV8AHC,9682,calor,2023-09-03
01JCVGZBC2MPH5DTBQFWBV8AHC,9682,calor,2023-09-05
01JCVGZBC2MPH5DTBQFWBV8AHC,9682,calor,2023-09-04
01JCVGZBC2XXRKZQ4GJ5N3P93K,6015,Rayos,
01JCVGZBC3WY8475CBQQW7EF6P,5277,Fogatas mal apagadas,2022-01-25
01JCVGZBC3GZ3K8398MB7S90J2,715,Deforestación ilegal,
01JCVGZBC4EYREW74Y435480W8,754,Incendios provocados (piromanía),2022-04-15
01JCVGZBC4EYREW74Y435480W8,754,Incendios provocados (piromanía),2022-04-16
01JCVGZBC4EYREW74Y435480W8,754,Incendios provocados (piromanía),2022-04-16
01JCVGZBC4EYREW74Y435480W8,754,Incendios provocados (piromanía),2022-04-16
01JCVGZBC4EYREW74Y435480W8,754,Incendios provocados (piromanía),2022-04-16
01JCVGZBC4EYREW74Y435480W8,754,Incendios provocados (piromanía),2022-04-15
01JCVGZBC40JP7F1XFSAJMWF9M,2479,calor,2023-04-11
01JCVGZBC40JP7F1XFSAJMWF9M,2479,calor,2023-04-11
01JCVGZBC40JP7F1XFSAJMWF9M,2479,calor,2023-04-11
01JCVGZBC4GEF48WXMGK3M4D7Z,9270,Incendios provocados (piromanía),2023-08-25
01JCVGZBC51VY0AC04WFP61AWB,6834,Incendios provocados (piromanía),2024-08-04
01JCVGZBC6P9YBT5YQRGDPJKDD,3565,Fogatas mal apagadas,2024-03-06
01JCVGZBC6P9YBT5YQRGDPJKDD,3565,Fogatas mal apagadas,2024-03-06
01JCVGZBC6WEX3M5SE9XHBYA2B,4890,Olas de calor extremas,2024-07-26
01JCVGZBC7T17JFSDDY7HE8Z3H,5933,Fogatas mal apagadas,2023-12-22
01JCVGZBC7YSMK2K51B85BKQDC,2174,Cigarrillos mal apagados,2024-09-24
01JCVGZBC8W8M9E6DNB84ETGVE,4877,Rayos,2023-04-14
01JCVGZBC8W8M9E6DNB84ETGVE,4877,Rayos,2023-04-13
01JCVGZBC85Z42MPB12JYAEWE4,8513,Deforestación ilegal,2024-02-29
01JCVGZBC8F1BV7Q007M42N88Y,266,Fallas eléctricas,2024-11-10
01JCVGZBC9EV4CZNYKDNMEGA6C,3451,Deforestación ilegal,2022-09-03
01JCVGZBC9EV4CZNYKDNMEGA6C,3451,Deforestación ilegal,2022-09-05
01JCVGZBC9EV4CZNYKDNMEGA6C,3451,Deforestación ilegal,2022-09-05
01JCVGZBC9EV4CZNYKDNMEGA6C,3451,Deforestación ilegal,2022-09-04
01JCVGZBC9G3NYYFFJX841M9C2,1262,Fogatas mal apagadas,2023-07-06
01JCVGZBC9C7A7HK8CWQ161Y66,9817,Deforestación ilegal,
01JCVGZBCA2EZYJZ6X3T3X2J6Z,2047,Fallas eléctricas,2022-12-07
01JCVGZBCA7C1TBBFTFXVGZS9H,8452,Fogatas mal apagadas,
01JCVGZBCBQEJEKPJD5WMRM9FG,6249,calor,2022-12-28
01JCVGZBCBQEJEKPJD5WMRM9FG,6249,calor,2022-12-27
01JCVGZBCBQEJEKPJD5WMRM9FG,6249,calor,2022-12-29
01JCVGZBCBQEJEKPJD5WMRM9FG,6249,calor,2022-12-27
01JCVGZBCB04GBR76GBWWMNJ33,6618,Cigarrillos mal apagados,2024-09-07
01JCVGZBCCV1JKRXV62Z8KMC3H,2216,calor,2024-09-30
01JCVGZBCC7NG56PJY6EWJ8C00,9161,Olas de calor extremas,2023-06-05
01JCVGZBCD44K8SYAKPYQ0SX85,3506,Rayos,2023-06-09
01JCVGZBCDE7BBKYP4VN4ACPJ4,2418,Cigarrillos mal apagados,2024-09-02
01JCVGZBCE4C61HRS6DPKKEPV0,1075,Fallas eléctricas,2022-01-07
01JCVGZBCFVP0R648E6PFM53S2,4710,Olas de calor extremas,2022-02-04
01JCVGZBCFVP0R648E6PFM53S2,4710,Olas de calor extremas,2022-02-03
01JCVGZBCFVP0R648E6PFM53S2,4710,Olas de calor extremas,2022-02-03
01JCVGZBCGXAZ84F25SSB37YAW,1049,Fallas eléctricas,2024-03-08
01JCVGZBCGEZZK2H2SCE1TDM0P,7021,Fogatas mal apagadas,2022-12-25
01JCVGZBCH4WK9F0AWMGMBX507,1069,Fallas eléctricas,2022-01-05
01JCVGZBCHWV8FJZ52F3XSE3RC,6916,calor,
01JCVGZBCJYD74QF8RCV1A9FMA,5036,Incendios provocados (piromanía),2023-12-07
01JCVGZBCJYD74QF8RCV1A9FMA,5036,Incendios provocados (piromanía),2023-12-07
01JCVGZBCJYD74QF8RCV1A9FMA,5036,Incendios provocados (piromanía),2023-12-06
01JCVGZBCJYD74QF8RCV1A9FMA,5036,Incendios provocados (piromanía),2023-12-05
01JCVGZBCK9YMWGH4QAQPNBDY7,335,Cigarrillos mal apagados,2022-04-20
01JCVGZBCKQ67BQKSY5SZEBGAZ,6612,Deforestación ilegal,2022-09-11
01JCVGZBCM5Q4CAF1K9RAN0SQR,2615,Cigarrillos mal apagados,2022-10-03
01JCVGZBCMJKENQ82DTN3MVWYA,6594,calor,2021-11-03
01JCVGZBCNK0JSE00M3D3FGX33,512,Cigarrillos mal apagados,2023-03-18
01JCVGZBCNG5SHB44N8Z88B2J8,2952,calor,2024-08-09
01JCVGZBCN0QXREZBBYK8F2VEM,3608,Rayos,2022-11-02
01JCVGZBCPJG25PBBV43X022S9,7510,Fogatas mal apagadas,2022-06-16
01JCVGZBCPT0VRMFQGJXNHNCAQ,8666,Deforestación ilegal,2022-03-03
01JCVGZBCQ0MPPHNG8QSP8ZM94,1824,calor,2024-04-21
01JCVGZBCR3Y9MTDMBKHFEWP1B,8230,Fallas eléctricas,2022-08-05
01JCVGZBCR3Y9MTDMBKHFEWP1B,8230,Fallas eléctricas,2022-08-04
01JCVGZBCRRVRTY22M2ZEGDZ0Y,425,Deforestación ilegal,
01JCVGZBCS3NWNCAG69YSR6BAY,2866,Incendios provocados (piromanía),2024-05-08
01JCVGZBCT29EC52RFW63PQSMN,4426,Cigarrillos mal apagados,2022-05-03
01JCVGZBCVAAB67PN25X1PZQ5B,6334,Cigarrillos mal apagados,2023-05-30
01JCVGZBCVAH52PTXSRT7S3HWW,8116,Deforestación ilegal,2023-04-11
01JCVGZBCV08W4BSXCY16TZNYK,5513,Fallas eléctricas,2023-07-30
01JCVGZBCWSFY2AMYCQP547BMV,6730,Deforestación ilegal,
01JCVGZBCXNVNX0TG9N7BCF5BG,3976,Cigarrillos mal apagados,2024-04-11
01JCVGZBCXBWWACJPY84Z4G3FA,6588,Fogatas mal apagadas,2023-04-05
01JCVGZBCYF0X8F2SYNETBDXC2,4544,Fallas eléctricas,2024-11-01
01JCVGZBCZKAV4YVY3AXX7J9H8,6271,Fogatas mal apagadas,2023-01-20
01JCVGZBCZKGNX5FFP0Q4C3XG9,4940,Fogatas mal apagadas,
01JCVGZBCZ3TVY32Y9RZ9J29H3,517,Fogatas mal apagadas,2023-10-05
01JCVGZBD0SR9HDRMCW82PBMJ1,6442,Deforestación ilegal,2022-05-24
01JCVGZBD0SR9HDRMCW82PBMJ1,6442,Deforestación ilegal,2022-05-24
01JCVGZBD0SR9HDRMCW82PBMJ1,6442,Deforestación ilegal,2022-05-24
01JCVGZBD0SR9HDRMCW82PBMJ1,6442,Deforestación ilegal,2022-05-22
01JCVGZBD0NX114QF96P3CEEKB,3494,calor,
01JCVGZBD1YZM5VE7C9290Y6HC,2894,Fogatas mal apagadas,2022-04-02
01JCVGZBD1YZM5VE7C9290Y6HC,2894,Fogatas mal apagadas,2022-04-01
01JCVGZBD2ZGXGNB5Z8PT1SQ4Z,6856,Cigarrillos mal apagados,
01JCVGZBD2ZGXGNB5Z8PT1SQ4Z,6856,Cigarrillos mal apagados,
01JCVGZBD30Y57WH09QHQJ1772,7167,Olas de calor extremas,2023-05-30
01JCVGZBD30Y57WH09QHQJ1772,7167,Olas de calor extremas,2023-05-30
01JCVGZBD30Y57WH09QHQJ1772,7167,Olas de calor extremas,2023-05-29
01JCVGZBD4RXAHTPYSZ4V8XST6,2241,Fogatas mal apagadas,2024-08-16
01JCVGZBD4ZKXGH536Q2XT1RQJ,8524,calor,
01JCVGZBD5CS910901VN7BVJC5,3701,Rayos,2022-01-15
01JCVGZBD63WCHBPJ9FEVW9SSN,5952,calor,2024-09-15
01JCVGZBD728E8DW03W63410FQ,3383,Fallas eléctricas,2024-10-11
01JCVGZBD728E8DW03W63410FQ,3383,Fallas eléctricas,2024-10-11
01JCVGZBD8VEB5R56DTHSQCRNW,3903,Fallas eléctricas,2024-03-25
01JCVGZBD86NZQ9JGXQ0MFMMHQ,3989,Incendios provocados (piromanía),
01JCVGZBD8CQZ7CM9PXVTCQ21T,2813,Fallas eléctricas,2022-07-25
01JCVGZBD909K57GHHF6XZ15NE,6455,Incendios provocados (piromanía),2023-05-02
01JCVGZBD909K57GHHF6XZ15NE,6455,Incendios provocados (piromanía),2023-04-30
01JCVGZBD9ETQK6ZBRE0FSYD3Q,3135,Fogatas mal apagadas,2023-07-16
01JCVGZBD9XDY8AYPV1Y8RXB6K,7214,Cigarrillos mal apagados,2023-05-07
01JCVGZBDAAQB2NDJ3ZWK3NZBA,9410,Olas de calor extremas,2023-09-13
01JCVGZBDAM5K9XKDFHW5FGT3X,4500,calor,2023-12-19
01JCVGZBDBJG771PMTX0D2DPKV,3476,Rayos,2023-01-25
01JCVGZBDBCT8A0ABMQQ3C8GV6,7968,Rayos,
01JCVGZBDBJHP4NP0WFYPZ8EB8,4996,Fogatas mal apagadas,2021-11-21
01JCVGZBDCK84BD9YHAY6G2FWA,5165,Deforestación ilegal,2023-07-12
01JCVGZBDCK84BD9YHAY6G2FWA,5165,Deforestación ilegal,2023-07-12
01JCVGZBDCAVF4FN999MEEC3Z4,3038,calor,2022-01-26
01JCVGZBDCPNVGCCWC8TSKENT9,8929,calor,2023-03-26
01JCVGZBDDK3HRVXTEJV9556FH,3509,Fogatas mal apagadas,2024-03-20
01JCVGZBDEHG5W8W1H1JXTKKGC,6992,Deforestación ilegal,2023-10-18
01JCVGZBDFSZFS6XBJKTF7DCCE,3215,Fallas eléctricas,2023-11-04
01JCVGZBDFZYX189E33G5Q4H2G,2178,Cigarrillos mal apagados,2023-05-28
01JCVGZBDG49263EDPA7G22NTV,3576,Deforestación ilegal,2024-07-16
01JCVGZBDGJSV9X0FKA369TM5P,1824,Fogatas mal apagadas,
01JCVGZBDGJFT6WG0EBKANB03R,4084,Incendios provocados (piromanía),2022-10-27
01JCVGZBDH7Q3P7F3X7BCJPK8V,769,Cigarrillos mal apagados,2022-05-17
01JCVGZBDH54GWVZHXA563V0EX,2492,Rayos,2022-02-26
01JCVGZBDH54GWVZHXA563V0EX,2492,Rayos,2022-02-27
01JCVGZBDJTER1VFEWSDQFX5QG,3965,Fallas eléctricas,2023-08-06
01JCVGZBDJE31EA8HPFKMFJ4S1,4116,Olas de calor extremas,2024-06-05
01JCVGZBDJE31EA8HPFKMFJ4S1,4116,Olas de calor extremas,2024-06-06
01JCVGZBDJE31EA8HPFKMFJ4S1,4116,Olas de calor extremas,2024-06-06
01JCVGZBDJBQNRQHQ6JE6VCS5V,7838,Deforestación ilegal,2023-03-10
01JCVGZBDJBQNRQHQ6JE6VCS5V,7838,Deforestación ilegal,2023-03-10
01JCVGZBDKFHFCN8997456ZBD1,9342,Cigarrillos mal apagados,2023-11-08
01JCVGZBDKFHFCN8997456ZBD1,9342,Cigarrillos mal apagados,2023-11-08
01JCVGZBDK39D9V4B1773PD2P7,1127,Deforestación ilegal,2023-11-13
01JCVGZBDMYMGGZHVQSMV3D1M8,1832,Rayos,2022-10-20
01JCVGZBDM0ZZAVJTER43XEQ3K,4366,Rayos,
01JCVGZBDM9313QXX8WPZETS5T,1084,Rayos,2022-09-03
01JCVGZBDNDB34RAW83Q7WMZWG,1779,Fogatas mal apagadas,2023-12-04
01JCVGZBDN1CY1FBB2JQ9HGGKV,2463,Cigarrillos mal apagados,
01JCVGZBDNAAD8JS9DABXN83J0,6430,Fallas eléctricas,2023-11-08
01JCVGZBDNAAD8JS9DABXN83J0,6430,Fallas eléctricas,2023-11-08
01JCVGZBDPTGYP6K41FGEFFQW3,3360,Fogatas mal apagadas,2022-04-22
01JCVGZBDPTGYP6K41FGEFFQW3,3360,Fogatas mal apagadas,2022-04-22
01JCVGZBDPJ4NDAKYMN8P3HXXA,6862,Rayos,2024-07-04
01JCVGZBDQTYB9JF79YZ81KCXD,7008,Cigarrillos mal apagados,2024-04-12
01JCVGZBDQPCS55CGEHP89QE3Z,8934,Fogatas mal apagadas,2024-05-30
01JCVGZBDQPCS55CGEHP89QE3Z,8934,Fogatas mal apagadas,2024-05-30
01JCVGZBDQWYS3TS3YWZNBR3RS,307,Cigarrillos mal apagados,2023-03-16
01JCVGZBDRVF9W95EMT681MJD1,6360,Cigarrillos mal apagados,2022-08-02
01JCVGZBDRVF9W95EMT681MJD1,6360,Cigarrillos mal apagados,2022-08-01
01JCVGZBDRQ3ZDGJ2YSJ7775QH,8491,Olas de calor extremas,2021-11-20
01JCVGZBDS3TS31BCZR7XGYY2M,3231,Incendios provocados (piromanía),2022-07-05
01JCVGZBDSAJCFEE3NXTG1T4WS,7222,calor,
01JCVGZBDSAJCFEE3NXTG1T4WS,7222,calor,
01JCVGZBDS12DH6S0XFP8BF174,2778,calor,2022-02-22
01JCVGZBDTPSFZ5PSW80F56MVE,7552,Fogatas mal apagadas,2023-10-04
01JCVGZBDTY5JYPN1CCPDYX6FT,1631,Fallas eléctricas,2024-07-10
01JCVGZBDVMCGXXXDQYBKTB0W9,7826,Rayos,2023-07-02
01JCVGZBDVMCGXXXDQYBKTB0W9,7826,Rayos,2023-07-03
01JCVGZBDVR6QBCV8J6WGKGM3T,8592,Deforestación ilegal,2023-08-23
01JCVGZBDW4HSWFVXJ6G4M2BNP,2671,Fallas eléctricas,2022-02-15
01JCVGZBDWDFN1BG2GCNMHH8C9,2772,Olas de calor extremas,2023-03-03
01JCVGZBDX5YJMM4642W2HFQH0,2384,Incendios provocados (piromanía),2022-06-07
01JCVGZBDX5YJMM4642W2HFQH0,2384,Incendios provocados (piromanía),2022-06-07
01JCVGZBDXY0XDFV379R84VZWT,4836,Fogatas mal apagadas,2023-12-20
01JCVGZBDYSF6H2ZH6PYY23K6C,1083,Incendios provocados (piromanía),2023-03-24
01JCVGZBDYNWA5KP651FGP4D4Z,3831,Cigarrillos mal apagados,2024-09-18
01JCVGZBDYWMD2EB3VPGPKYG12,6522,calor,2022-09-08
01JCVGZBDZECJ95F93421AR5EY,1007,calor,2023-06-24
01JCVGZBDZV5Y3GS7SPHH5PQQM,392,Fallas eléctricas,2023-10-19
01JCVGZBDZV5Y3GS7SPHH5PQQM,392,Fallas eléctricas,2023-10-18
01JCVGZBDZYNTVQJSX50BWJED5,5346,Incendios provocados (piromanía),2021-12-29
01JCVGZBE0QPSQMT2QZTY3HXMM,6429,Rayos,2021-12-07
01JCVGZBE0X4XDN6RK1SGFEMZV,4624,Fogatas mal apagadas,2024-05-23
01JCVGZBE0X4XDN6RK1SGFEMZV,4624,Fogatas mal apagadas,2024-05-21
01JCVGZBE0X4XDN6RK1SGFEMZV,4624,Fogatas mal apagadas,2024-05-22
01JCVGZBE19NA5DYC8DGXVYFQD,5262,Incendios provocados (piromanía),2024-03-04
01JCVGZBE14579X2KJJ4EW4ZHK,4863,Fogatas mal apagadas,2024-03-30
01JCVGZBE25R1PTYWZMSSN2CH3,4975,calor,2022-02-12
01JCVGZBE25R1PTYWZMSSN2CH3,4975,calor,2022-02-11
01JCVGZBE3SQWJTNSZ2WZ7EVRG,3462,calor,2024-11-03
01JCVGZBE424RJCVYPNHEKCSAZ,9391,Fallas eléctricas,
01JCVGZBE4P617BFTTCVKNRA25,3691,Olas de calor extremas,2023-11-21
01JCVGZBE5PP27655V0M9TCW1A,5067,Deforestación ilegal,2023-09-11
01JCVGZBE61Y8N99CD087RFAJV,9494,Incendios provocados (piromanía),2024-03-02
01JCVGZBE61Y8N99CD087RFAJV,9494,Incendios provocados (piromanía),2024-02-29
01JCVGZBE8SXKA0AG64TV4Z1MK,132,Fallas eléctricas,2024-07-14
01JCVGZBE8SXKA0AG64TV4Z1MK,132,Fallas eléctricas,2024-07-13
01JCVGZBE9R130ZA39YMXDQ5Q3,5856,Incendios provocados (piromanía),2024-02-22
01JCVGZBE9R130ZA39YMXDQ5Q3,5856,Incendios provocados (piromanía),2024-02-20
01JCVGZBEAQEYY5T50G7CQHY65,717,Incendios provocados (piromanía),2022-06-10
01JCVGZBEAQEYY5T50G7CQHY65,717,Incendios provocados (piromanía),2022-06-11
01JCVGZBEBFT2FFPHFTP388BT0,8595,Olas de calor extremas,2024-03-30
01JCVGZBEBFT2FFPHFTP388BT0,8595,Olas de calor extremas,2024-03-30
01JCVGZBEC3F8WJSWJ67M2J0YA,8244,Deforestación ilegal,2024-07-10
01JCVGZBECX48NHY4FA21XR553,7414,Fallas eléctricas,2024-04-18
01JCVGZBEDADBCW906DBWR6QMK,359,Fallas eléctricas,2023-07-22
01JCVGZBEDADBCW906DBWR6QMK,359,Fallas eléctricas,2023-07-21
01JCVGZBEDADBCW906DBWR6QMK,359,Fallas eléctricas,2023-07-21
01JCVGZBEDADBCW906DBWR6QMK,359,Fallas eléctricas,2023-07-21
01JCVGZBEEKA6NEFSZTT1EDJYQ,9878,Rayos,2024-05-16
01JCVGZBEF6RREBY1SZ1581QQJ,3093,Incendios provocados (piromanía),2022-06-29
01JCVGZBEF6RREBY1SZ1581QQJ,3093,Incendios provocados (piromanía),2022-06-28
01JCVGZBEGA54JGWKZFPFYXXXM,2955,Deforestación ilegal,2022-06-26
01JCVGZBEHTZ8NT5W0VCZHTV8B,7796,Cigarrillos mal apagados,2024-04-22
01JCVGZBEJ2F5EY5A21S1JK1QC,6210,Incendios provocados (piromanía),2022-04-14
01JCVGZBEKWF8SB8R9XZ1PNHXM,5760,Olas de calor extremas,2023-08-28
01JCVGZBEMT7FNW9FRXDBG27R8,6182,Cigarrillos mal apagados,2024-11-13
01JCVGZBEMJ48JP6X07G3NZ6Z1,3074,Cigarrillos mal apagados,2023-03-03
01JCVGZBENSWW5HA2DQ6D0FKNA,563,Fallas eléctricas,2023-07-01
01JCVGZBENSWW5HA2DQ6D0FKNA,563,Fallas eléctricas,2023-07-01
01JCVGZBEPSDABV4NN815QXW2X,6865,Fogatas mal apagadas,2022-07-13
01JCVGZBEP2HJM92T5N3PQFCES,4945,Rayos,2022-02-15
01JCVGZBEQKJHA2BBFNG1NGACT,4206,Cigarrillos mal apagados,2024-03-22
01JCVGZBERSH2DRQ9BXYHVDDH5,5654,calor,2021-11-09
01JCVGZBERMMAZRYE98PJ9H9S5,8126,Fogatas mal apagadas,2022-01-23
01JCVGZBES3Z000BZNGC01E6HY,3189,Rayos,2022-07-14
01JCVGZBESXCVW1BX0R363WPGA,6678,Incendios provocados (piromanía),2023-05-29
01JCVGZBETN5PRGR331JZBCN9K,7350,Cigarrillos mal apagados,2023-01-18
01JCVGZBET2B5VH531WXKQK54K,22,Fallas eléctricas,2023-04-28
01JCVGZBET2B5VH531WXKQK54K,22,Fallas eléctricas,2023-04-29
01JCVGZBET2B5VH531WXKQK54K,22,Fallas eléctricas,2023-04-27
01JCVGZBEV1KHNEBQF2FX464D9,5534,Cigarrillos mal apagados,2021-12-31
01JCVGZBEWV8EYPDFDKM9ASSPA,3612,Deforestación ilegal,2023-11-11
01JCVGZBEWV8EYPDFDKM9ASSPA,3612,Deforestación ilegal,2023-11-09
01JCVGZBEX8ADZDCJ8MKHYBYTA,5140,calor,2021-12-22
01JCVGZBEYA6EAF5YB84RGYG3M,8345,Fogatas mal apagadas,2023-10-09
01JCVGZBEYH19G79JDA871A9MP,1279,Deforestación ilegal,2021-12-08
01JCVGZBEZJ7X6HDPGNMASA494,3629,Incendios provocados (piromanía),
01JCVGZBEZAYWKCTRFYMDVRXEC,2058,Olas de calor extremas,2023-09-30
01JCVGZBF0BAY75S9W52XHSG6P,6246,Rayos,
01JCVGZBF063FPW42Y56KVTC99,1481,calor,2023-02-21
01JCVGZBF063FPW42Y56KVTC99,1481,calor,2023-02-23
01JCVGZBF0SWK6D5E41FWAWD7Q,5747,Rayos,2021-12-09
01JCVGZBF19GZ7DVXH7DR2JTJP,5525,Fogatas mal apagadas,2023-09-16
01JCVGZBF1R1B3C47FVT41EGNY,694,Olas de calor extremas,2023-12-11
01JCVGZBF1R1B3C47FVT41EGNY,694,Olas de calor extremas,2023-12-10
01JCVGZBF1R1B3C47FVT41EGNY,694,Olas de calor extremas,2023-12-10
01JCVGZBF2MQR6PTRA1DATMBK9,160,Deforestación ilegal,2021-11-02
01JCVGZBF2632SQM1CTF8ADF0X,2330,Incendios provocados (piromanía),2021-11-30
01JCVGZBF3Z3JN5S6PAX12743S,4132,Fallas eléctricas,2022-01-29
01JCVGZBF319HQVTXT8R3BVRJP,8846,Cigarrillos mal apagados,2022-11-08
01JCVGZBF319HQVTXT8R3BVRJP,8846,Cigarrillos mal apagados,2022-11-08
01JCVGZBF4QHHKQ20SQH81K1QQ,6303,calor,2023-04-14
01JCVGZBF4DF3MXXTSWP1BGNZS,4407,Rayos,2023-02-16
01JCVGZBF4DF3MXXTSWP1BGNZS,4407,Rayos,2023-02-17
01JCVGZBF4GJF29NWRWK5QHPN1,8545,Olas de calor extremas,2024-03-23
01JCVGZBF58D5BRK3ECFKQBTPB,8322,Fallas eléctricas,2024-02-10
01JCVGZBF5MHQ90A8P30TCQ1RH,7074,Fogatas mal apagadas,2024-02-12
01JCVGZBF635KQTPWXR4HP34EG,8541,Deforestación ilegal,2024-09-03
01JCVGZBF6EGS4WRZ1HQXS5PD4,1973,Deforestación ilegal,2023-06-24
01JCVGZBF6EGS4WRZ1HQXS5PD4,1973,Deforestación ilegal,2023-06-24
01JCVGZBF6EGS4WRZ1HQXS5PD4,1973,Deforestación ilegal,2023-06-24
01JCVGZBF7CP2SVE5C16NZ8M9F,9918,Fallas eléctricas,2023-08-25
01JCVGZBF7CP2SVE5C16NZ8M9F,9918,Fallas eléctricas,2023-08-26
01JCVGZBF7SFFY5C7GWDGFPHH1,4849,Fogatas mal apagadas,2022-02-09
01JCVGZBF7SFFY5C7GWDGFPHH1,4849,Fogatas mal apagadas,2022-02-10
01JCVGZBF832XQQD4EBKXC1VR9,5183,Incendios provocados (piromanía),2023-11-06
01JCVGZBF8KF494QV8E03VMAXN,8231,Rayos,
01JCVGZBF8GY6HEJC50ZYASS8H,2975,Fallas eléctricas,2023-07-14
01JCVGZBF9EEGT84FPTRB29MR6,7696,Olas de calor extremas,2023-06-16
01JCVGZBF9V5A43TMKC0CWRSPK,6173,Deforestación ilegal,
01JCVGZBFA3SHX0J8XM733ZTKQ,6264,calor,2024-07-23
01JCVGZBFAZS1BHNP4BY4WR3ZJ,3117,calor,2021-11-30
01JCVGZBFB9FS7K3HH5YMC750G,2943,calor,
01JCVGZBFBRGGM6G2X8VGW00TY,5717,Olas de calor extremas,2022-05-31
01JCVGZBFBRGGM6G2X8VGW00TY,5717,Olas de calor extremas,2022-05-29
01JCVGZBFBRGGM6G2X8VGW00TY,5717,Olas de calor extremas,2022-05-31
01JCVGZBFCF0MVPGRRZABCJ4DZ,8919,Deforestación ilegal,2024-04-23
01JCVGZBFCD6Q7Y6W4JYMNPHQ0,9255,Rayos,2023-12-15
01JCVGZBFDFHXGJH97KQX7M4SX,3131,Fallas eléctricas,2023-07-14
01JCVGZBFDSMX1ZM26V41TPY9Q,4309,Rayos,2022-03-26
01JCVGZBFDSMX1ZM26V41TPY9Q,4309,Rayos,2022-03-26
01JCVGZBFEW9KEVCS3TDNDBAEJ,5352,Cigarrillos mal apagados,2024-11-01
01JCVGZBFEBB484A6A9CT4QH0D,6335,Fogatas mal apagadas,2022-06-25
01JCVGZBFFFQWW2A3R3AJQT27M,7482,Fogatas mal apagadas,2021-11-27
01JCVGZBFF4VR8KB39J2051FSK,4579,Incendios provocados (piromanía),2024-03-02
01JCVGZBFGAQPMEDQE50AB8XDF,6855,Fallas eléctricas,
01JCVGZBFGPT084Q09KA0ZPNQ0,5552,Fogatas mal apagadas,
01JCVGZBFGXHKX4C49B6A5HZ1D,3889,Olas de calor extremas,2022-10-11
01JCVGZBFHZRVYMG4JJ4AW0844,611,Cigarrillos mal apagados,2023-04-08
01JCVGZBFHBDEW9K0XZE7MC3TQ,4597,Fallas eléctricas,2022-09-05
01JCVGZBFJJ9ZGHBKF0P43C11Y,9379,Fogatas mal apagadas,2023-09-02
01JCVGZBFJ9YFKRM0G8K6P2KGT,9521,calor,2022-12-11
01JCVGZBFJ9YFKRM0G8K6P2KGT,9521,calor,2022-12-12
01JCVGZBFKJQ31V1JFKGKHZ012,5040,Deforestación ilegal,2023-06-13
01JCVGZBFKJQ31V1JFKGKHZ012,5040,Deforestación ilegal,2023-06-11
01JCVGZBFKBNYSGRSK3FD29ZDR,9970,Cigarrillos mal apagados,2023-11-06
01JCVGZBFKPV5YYCB93A73DPKZ,5499,Fallas eléctricas,
01JCVGZBFM5SKGGQ8XC02VVYVX,516,Fallas eléctricas,2024-10-15
01JCVGZBFM7Q5J7NNYHPMG4RKQ,6549,Fogatas mal apagadas,2023-01-11
01JCVGZBFN6TAPCQKY424ZPGVR,4325,Olas de calor extremas,2022-08-29
01JCVGZBFPXQ7PP622KK8YPN5C,7715,calor,
01JCVGZBFPW2E369HS3ZVH1716,9987,Rayos,2023-05-04
01JCVGZBFQ0G41T04AX5HHGAZ3,7788,Olas de calor extremas,2022-11-08
01JCVGZBFRWS90V7QPFHB8C4A4,1625,Fogatas mal apagadas,2023-11-11
01JCVGZBFS3B8AXXD17F6CP17S,4902,Cigarrillos mal apagados,2023-03-07
01JCVGZBFTDHZ27BES25Y0C1C4,3153,Olas de calor extremas,2024-04-01
01JCVGZBFVDCXX6N4G8D6BCN5S,7326,Fogatas mal apagadas,2024-03-09
01JCVGZBFVDCXX6N4G8D6BCN5S,7326,Fogatas mal apagadas,2024-03-09
01JCVGZBFW5F8FW3ZA60QSM3AD,7494,Incendios provocados (piromanía),2023-06-28
01JCVGZBFXHPZPP7F4WJNXD86N,4234,Cigarrillos mal apagados,2022-07-08
01JCVGZBFYX5GNAFZM2JPQ1X52,5971,Deforestación ilegal,2023-10-14
01JCVGZBFYX5GNAFZM2JPQ1X52,5971,Deforestación ilegal,2023-10-14
01JCVGZBFYX5GNAFZM2JPQ1X52,5971,Deforestación ilegal,2023-10-15
01JCVGZBFYJJ33DFD0XDFKG19K,1347,Olas de calor extremas,2021-12-23
01JCVGZBFYG2ZCEG11991C9F9N,8585,Rayos,2024-07-25
01JCVGZBFZ343675R6YHPN64MB,4284,Rayos,2023-03-18
01JCVGZBFZ343675R6YHPN64MB,4284,Rayos,2023-03-18
01JCVGZBFZZ3KDKK885B72SJVH,2054,Olas de calor extremas,2023-10-19
01JCVGZBG0DS6VEH8EBY20Z10A,4060,Fallas eléctricas,2022-08-21
01JCVGZBG13BWW61GBDNSVT4G5,551,Cigarrillos mal apagados,2024-04-21
01JCVGZBG13BWW61GBDNSVT4G5,551,Cigarrillos mal apagados,2024-04-21
01JCVGZBG2TYFPT4Z5QT11725P,4327,Cigarrillos mal apagados,2023-05-15
01JCVGZBG2TYFPT4Z5QT11725P,4327,Cigarrillos mal apagados,2023-05-13
01JCVGZBG2TYFPT4Z5QT11725P,4327,Cigarrillos mal apagados,2023-05-15
01JCVGZBG2X14MXP78NCNGRDHC,9163,Olas de calor extremas,2022-03-16
01JCVGZBG3GHDR7VKV2JZS4M13,7030,Fogatas mal apagadas,2024-09-20
01JCVGZBG3QSB4QGYWZF6DEF2D,9452,Deforestación ilegal,2023-10-12
01JCVGZBG4440229YYYT6A9SVX,3141,Rayos,2022-03-03
01JCVGZBG43J6B8TQ0GH7T2928,4732,Fogatas mal apagadas,2024-08-22
01JCVGZBG4YYZ8XKKSYPEXKQXB,9078,Rayos,2021-12-15
01JCVGZBG4YYZ8XKKSYPEXKQXB,9078,Rayos,2021-12-15
01JCVGZBG5SYB38WSP5T98RJZ2,1456,Fogatas mal apagadas,
01JCVGZBG5SYB38WSP5T98RJZ2,1456,Fogatas mal apagadas,
01JCVGZBG5SYB38WSP5T98RJZ2,1456,Fogatas mal apagadas,
01JCVGZBG5SYB38WSP5T98RJZ2,1456,Fogatas mal apagadas,
01JCVGZBG506WJYH3DWH54G9KY,9832,Fogatas mal apagadas,2024-06-01
01JCVGZBG6FW5SPSGF1XR3M09W,8486,Deforestación ilegal,2022-09-24
01JCVGZBG6W324JMR14677SF0P,6984,Cigarrillos mal apagados,2024-07-30
01JCVGZBG7NAGPYZ17HANED98N,632,Deforestación ilegal,2022-05-30
01JCVGZBG7C3MVQCXEVKJ1M233,4006,Olas de calor extremas,2023-03-01
01JCVGZBG8B4BHD1RG9N1B99DV,6053,Fogatas mal apagadas,
01JCVGZBG8R1NV8CJ6BN8K6GTR,3021,Cigarrillos mal apagados,2024-02-11
01JCVGZBG9YPA1B91RND7Y8RQ4,328,Fogatas mal apagadas,
01JCVGZBG9240VA3P6TX9ZW0Z0,3718,Fogatas mal apagadas,2023-06-06
01JCVGZBG9240VA3P6TX9ZW0Z0,3718,Fogatas mal apagadas,2023-06-07
01JCVGZBG9AWE2V5MRGXRTG6TA,7890,Fogatas mal apagadas,2024-09-30
01JCVGZBGANA8VENPJ7ESZ1XJQ,7642,Rayos,2023-01-31
01JCVGZBGAMB3E20VJ946STD94,6958,Olas de calor extremas,
01JCVGZBGATXB6SG579F6W5WR9,4679,Fallas eléctricas,2024-10-01
01JCVGZBGATXB6SG579F6W5WR9,4679,Fallas eléctricas,2024-09-30
01JCVGZBGBNFB9ZPVEQK3SSDJ1,2400,Rayos,2022-01-19
01JCVGZBGC73AZKCF15CC1ADYR,8096,Fogatas mal apagadas,
01JCVGZBGCWEKN5Y6MX7H2EM36,4276,Fallas eléctricas,2024-10-14
01JCVGZBGC1H4H4RA6CVAT445S,2347,calor,2023-11-21
01JCVGZBGDSN06C9YV6BE7XPEH,4588,Fogatas mal apagadas,2022-09-10
01JCVGZBGDSN06C9YV6BE7XPEH,4588,Fogatas mal apagadas,2022-09-09
01JCVGZBGDSN06C9YV6BE7XPEH,4588,Fogatas mal apagadas,2022-09-11
01JCVGZBGDSE1A0QFYV433Z3TG,1669,Deforestación ilegal,2023-03-11
01JCVGZBGE0N82WBVTN22DQZVW,9681,Deforestación ilegal,2021-12-19
01JCVGZBGE75NCW1XQW574AH7B,2939,Deforestación ilegal,2024-02-01
01JCVGZBGE75NCW1XQW574AH7B,2939,Deforestación ilegal,2024-02-01
01JCVGZBGF0THSRABA6Y9GEPZE,8481,Cigarrillos mal apagados,2023-08-05
01JCVGZBGFBPATFMB68CRBQ8YH,1404,Incendios provocados (piromanía),2023-02-26
01JCVGZBGFBPATFMB68CRBQ8YH,1404,Incendios provocados (piromanía),2023-02-25
01JCVGZBGG0TTEJKV62K5M4TDQ,504,Olas de calor extremas,2022-10-04
01JCVGZBGGSHFQTYQQE8XEKD8Z,1547,Rayos,
01JCVGZBGGGRWHQQ5W5Y4152A5,7836,calor,2022-08-02
01JCVGZBGHT5HKN7MND9XVYVHJ,5719,Fogatas mal apagadas,2024-09-08
01JCVGZBGH01D3AQGGTJH6YZ4Y,4168,calor,2024-07-08
01JCVGZBGHASC6S90V5HWFQCAK,8454,Cigarrillos mal apagados,2023-07-30
01JCVGZBGJTEQ54F6VSXS285ET,2957,Incendios provocados (piromanía),2021-12-22
01JCVGZBGJWZN0C97NT9MFKQZJ,5850,Rayos,2024-11-04
01JCVGZBGKRZQPD7C0CA55GBZP,2855,Cigarrillos mal apagados,2023-06-29
01JCVGZBGKRZQPD7C0CA55GBZP,2855,Cigarrillos mal apagados,2023-06-29
01JCVGZBGKRWAMSADVMA2BJMD7,9224,Olas de calor extremas,2023-09-26
01JCVGZBGMAXXCT33KQNKX3C1A,521,Deforestación ilegal,2022-06-09
01JCVGZBGM66BT09DW97R85EBT,3727,Fogatas mal apagadas,2024-03-21
01JCVGZBGN9H88M62TKSGAG69S,2208,Fallas eléctricas,2024-10-14
01JCVGZBGN3PWHPNMER4CRBYYF,7417,Rayos,2022-04-14
01JCVGZBGNSX3XVVXQH7DW6FXA,1819,Fogatas mal apagadas,2021-12-22
01JCVGZBGNSX3XVVXQH7DW6FXA,1819,Fogatas mal apagadas,2021-12-23
01JCVGZBGNSX3XVVXQH7DW6FXA,1819,Fogatas mal apagadas,2021-12-22
01JCVGZBGPXKD0K3W96H5375V3,4292,Incendios provocados (piromanía),2023-09-28
01JCVGZBGPA24ZR7W98YN6Y86S,1376,Incendios provocados (piromanía),2023-01-03
01JCVGZBGPA24ZR7W98YN6Y86S,1376,Incendios provocados (piromanía),2023-01-03
01JCVGZBGQG9K9XR76T0JNM0R1,5639,Fogatas mal apagadas,
01JCVGZBGQQH2FN5YY3H2N8286,2749,Cigarrillos mal apagados,2021-11-23
01JCVGZBGRTGTRJRY0TZTS3C0G,9593,Fogatas mal apagadas,2023-03-09
01JCVGZBGRTGTRJRY0TZTS3C0G,9593,Fogatas mal apagadas,2023-03-08
01JCVGZBGRTGTRJRY0TZTS3C0G,9593,Fogatas mal apagadas,2023-03-08
01JCVGZBGR1XZC1ZSY46JGP9ZZ,832,Incendios provocados (piromanía),2023-07-02
01JCVGZBGRK6M42XSTR4YDE8B7,7043,Cigarrillos mal apagados,2022-01-22
01JCVGZBGS23H7QZQB6S74DTKE,4525,Deforestación ilegal,2024-08-28
01JCVGZBGSFBA59NHMTNBJ7SR6,1054,Cigarrillos mal apagados,2022-11-18
01JCVGZBGSFBA59NHMTNBJ7SR6,1054,Cigarrillos mal apagados,2022-11-20
01JCVGZBGTHKJXFDAJM92X2DVS,3503,calor,2022-03-05
01JCVGZBGTHKJXFDAJM92X2DVS,3503,calor,2022-03-05
01JCVGZBGTEEEWT1MFAPZ6Z3Y6,6901,Deforestación ilegal,2023-06-25
01JCVGZBGTEEEWT1MFAPZ6Z3Y6,6901,Deforestación ilegal,2023-06-25
01JCVGZBGTEEEWT1MFAPZ6Z3Y6,6901,Deforestación ilegal,2023-06-24
01JCVGZBGV7NKAWE70EBKRXC5E,5535,Cigarrillos mal apagados,2023-10-17
01JCVGZBGVAN549PZ0ZDTXZQTD,353,Fogatas mal apagadas,2024-07-17
01JCVGZBGWRRK9AYM09EVDKHME,2072,Rayos,2023-02-09
01JCVGZBGX55DVPT3444XGT0PM,8015,Incendios provocados (piromanía),2024-03-06
01JCVGZBGYQVCK35TVEKAW74X4,4016,Fallas eléctricas,2022-03-03
01JCVGZBGYQVCK35TVEKAW74X4,4016,Fallas eléctricas,2022-03-01
01JCVGZBGZMZEV301DVVW9ZJQS,6760,Deforestación ilegal,2024-02-28
01JCVGZBGZMZEV301DVVW9ZJQS,6760,Deforestación ilegal,2024-03-01
01JCVGZBH0SW6M2SRV0P05KZE3,1038,Deforestación ilegal,2024-08-03
01JCVGZBH0BDQAG3X1Q1GKDJWJ,6802,Fogatas mal apagadas,2023-04-21
01JCVGZBH1P218QESAK5JD6HST,7927,Fogatas mal apagadas,2024-05-20
01JCVGZBH1P218QESAK5JD6HST,7927,Fogatas mal apagadas,2024-05-20
01JCVGZBH1AEA23FYBT3E16C5F,2354,Deforestación ilegal,2023-02-02
01JCVGZBH1AEA23FYBT3E16C5F,2354,Deforestación ilegal,2023-02-01
01JCVGZBH1AEA23FYBT3E16C5F,2354,Deforestación ilegal,2023-02-01
01JCVGZBH2D0ES8K63RNRKF2VQ,5651,Cigarrillos mal apagados,2024-08-15
01JCVGZBH3JPD6TSF38E73XNNY,359,Cigarrillos mal apagados,2023-04-29
01JCVGZBH3JPD6TSF38E73XNNY,359,Cigarrillos mal apagados,2023-04-28
01JCVGZBH3JPD6TSF38E73XNNY,359,Cigarrillos mal apagados,2023-04-30
01JCVGZBH3JPD6TSF38E73XNNY,359,Cigarrillos mal apagados,2023-04-28
01JCVGZBH4WZP77RSYMRX7HJ6Y,9258,calor,2022-01-06
01JCVGZBH5WCRBYTFXAN3TTSCP,9121,Rayos,2021-12-22
01JCVGZBH6GWPQ2C3MDM1HPRFV,4070,Fogatas mal apagadas,2022-12-29
01JCVGZBH6VNADVGFQ4ANT5JSA,8553,Fogatas mal apagadas,2022-06-27
01JCVGZBH6VNADVGFQ4ANT5JSA,8553,Fogatas mal apagadas,2022-06-28
01JCVGZBH64P3Z8J25N34R44MN,3022,calor,2023-02-26
01JCVGZBH64P3Z8J25N34R44MN,3022,calor,2023-02-24
01JCVGZBH7EPQ17VTHJSKD9783,6162,Deforestación ilegal,2024-06-24
01JCVGZBH7EPQ17VTHJSKD9783,6162,Deforestación ilegal,2024-06-24
01JCVGZBH7SQP2S4ZVK7ZMKSVN,2250,Fallas eléctricas,2024-11-05
01JCVGZBH84KJDK4X6QNJTW1KV,1324,Deforestación ilegal,2022-02-14
01JCVGZBH8VXYM2RJ3M9EE0PB3,1411,Incendios provocados (piromanía),2022-05-09
01JCVGZBH9RCB5BKMM1APERRZ0,8075,Incendios provocados (piromanía),2024-07-18
01JCVGZBH9K6RCQ6S66MV83YZ2,4999,Fallas eléctricas,2024-03-30
01JCVGZBH9G0V23VZ78Z8NXE8Q,6196,Deforestación ilegal,2024-06-28
01JCVGZBHAS92DGHY6S69XP4AN,1175,Rayos,2022-01-23
01JCVGZBHAK46QJVCQ369MNTF0,5451,Deforestación ilegal,2021-11-06
01JCVGZBHAK46QJVCQ369MNTF0,5451,Deforestación ilegal,2021-11-05
01JCVGZBHB42CTHBHQJJKFNSJ9,5213,Cigarrillos mal apagados,2024-04-18
01JCVGZBHB7A6J52SAM6X67H3W,7781,Fogatas mal apagadas,2024-10-06
01JCVGZBHB7A6J52SAM6X67H3W,7781,Fogatas mal apagadas,2024-10-07
01JCVGZBHCAF378H6RPA4YBWT9,682,Fallas eléctricas,2024-02-07
01JCVGZBHCB156E8HWKCGRMK52,1830,Deforestación ilegal,2021-11-07
01JCVGZBHCVR3RAAFB1FG8HZJQ,8364,Deforestación ilegal,2024-06-26
01JCVGZBHCVR3RAAFB1FG8HZJQ,8364,Deforestación ilegal,2024-06-26
01JCVGZBHD3K3B6SK76Q5GFE2Q,3460,Cigarrillos mal apagados,2024-03-05
01JCVGZBHD82Y7ZMZGYYHMHVE5,3922,Olas de calor extremas,2023-02-25
01JCVGZBHEYJ7BGRQT9F3461TX,1935,calor,2021-12-02
01JCVGZBHE4KTDAZ5AK3X3N28Q,4944,Deforestación ilegal,2024-11-01
01JCVGZBHFY0YGREFBVS7CMD1G,4430,Rayos,2023-03-27
01JCVGZBHFCFGM64F1EGKCH0Y0,1948,Olas de calor extremas,2023-04-27
01JCVGZBHFA6JAWVEHYVW0N0SP,5179,calor,2023-08-30
01JCVGZBHG3XKSV785KV2KEP23,3201,calor,2022-03-19
01JCVGZBHGPXP3R9DB2PP0YTB4,792,Deforestación ilegal,
01JCVGZBHHD9AREE146TMBN5A2,2636,Olas de calor extremas,2022-10-23
01JCVGZBHHD9AREE146TMBN5A2,2636,Olas de calor extremas,2022-10-25
01JCVGZBHHD9AREE146TMBN5A2,2636,Olas de calor extremas,2022-10-24
01JCVGZBHHYY36XNA2FQNPV541,9718,Fogatas mal apagadas,2023-10-23
01JCVGZBHHYY36XNA2FQNPV541,9718,Fogatas mal apagadas,2023-10-25
01JCVGZBHHNWW3Q8EZ8GCNDG52,9093,Fogatas mal apagadas,2022-12-27
01JCVGZBHHNWW3Q8EZ8GCNDG52,9093,Fogatas mal apagadas,2022-12-27
01JCVGZBHJDM2NFCJ7SP8GNZG3,5013,calor,2022-10-11
01JCVGZBHJ3WQGF4W5Z6PKVEBR,3038,Deforestación ilegal,
01JCVGZBHKM2JYDBJBGF7C087A,8986,Rayos,2022-07-07
01JCVGZBHK3RMVSHC1TA10FMBA,927,Fallas eléctricas,2023-07-19
01JCVGZBHKCK4AB7BBH79PXNQ3,3966,calor,2023-09-14
01JCVGZBHMVJ2M5MDJ24YTC25E,138,Incendios provocados (piromanía),2022-02-20
01JCVGZBHMVJ2M5MDJ24YTC25E,138,Incendios provocados (piromanía),2022-02-21
01JCVGZBHM93R4HYCTN5Q90ZBC,9142,Incendios provocados (piromanía),2024-06-15
01JCVGZBHNYJ5AAGPJ7RY2F07C,4522,Olas de calor extremas,2021-12-09
01JCVGZBHNFMNZZGZVRPH174YT,7516,calor,2022-11-09
01JCVGZBHNFMNZZGZVRPH174YT,7516,calor,2022-11-09
01JCVGZBHNFMNZZGZVRPH174YT,7516,calor,2022-11-10
01JCVGZBHNFMNZZGZVRPH174YT,7516,calor,2022-11-09
01JCVGZBHNWMWZCXFWVJJYE2RY,9508,Fogatas mal apagadas,
01JCVGZBHNWMWZCXFWVJJYE2RY,9508,Fogatas mal apagadas,
01JCVGZBHNWMWZCXFWVJJYE2RY,9508,Fogatas mal apagadas,
01JCVGZBHPP0KC5NSWN9K6Y015,6265,Olas de calor extremas,2023-11-20
01JCVGZBHP274CVE0SH80G7E5C,8483,Incendios provocados (piromanía),2024-07-21
01JCVGZBHQSWZQB3N0ZZGMVH7K,2737,Incendios provocados (piromanía),2024-06-10
01JCVGZBHQCR0G2R5CP2B59WBW,3660,Cigarrillos mal apagados,
01JCVGZBHQCR0G2R5CP2B59WBW,3660,Cigarrillos mal apagados,
01JCVGZBHRGXZ4WQ995T677T2M,8153,Fallas eléctricas,2024-10-04
01JCVGZBHREDJQA6N6DRS3MQ3X,8752,Deforestación ilegal,2023-12-25
01JCVGZBHR8CTPK5B3MTD926BZ,2824,Olas de calor extremas,2022-11-29
01JCVGZBHSD7RRN6CP3Q62YKEM,3828,Incendios provocados (piromanía),2024-05-30
01JCVGZBHSD7RRN6CP3Q62YKEM,3828,Incendios provocados (piromanía),2024-05-30
01JCVGZBHSFPJGRGPR8J5PZKFY,5295,Fallas eléctricas,2022-05-29
01JCVGZBHSFPJGRGPR8J5PZKFY,5295,Fallas eléctricas,2022-05-28
01JCVGZBHT37PT4NW5ZCZ6521T,4302,calor,2023-05-22
01JCVGZBHTZXBH482H570EQSH8,5453,Cigarrillos mal apagados,2023-08-29
01JCVGZBHT0SQT7SC260GXDN4C,8842,Fallas eléctricas,2022-11-24
01JCVGZBHT0SQT7SC260GXDN4C,8842,Fallas eléctricas,2022-11-24
01JCVGZBHT0SQT7SC260GXDN4C,8842,Fallas eléctricas,2022-11-25
01JCVGZBHV6XJP1HP78MRDSRHE,5438,Cigarrillos mal apagados,2024-02-08
01JCVGZBHV6DP7VB2S48H9ET60,5048,Deforestación ilegal,2022-05-24
01JCVGZBHV6DP7VB2S48H9ET60,5048,Deforestación ilegal,2022-05-24
01JCVGZBHWZE07HAJ5YHNY9FM9,7198,Fallas eléctricas,2024-08-13
01JCVGZBHWZE07HAJ5YHNY9FM9,7198,Fallas eléctricas,2024-08-13
01JCVGZBHWARAQWMK2XVGP81RC,865,Cigarrillos mal apagados,2024-04-09
01JCVGZBHXRVX07W831C6ER26Z,1606,Cigarrillos mal apagados,2023-11-27
01JCVGZBHXRVX07W831C6ER26Z,1606,Cigarrillos mal apagados,2023-11-27
01JCVGZBHX751GZYQ07XD2R09G,9545,Rayos,2023-06-25
01JCVGZBHXTCAWAV8E3A7T7Y25,8122,Incendios provocados (piromanía),2024-04-02
01JCVGZBHY2VD2ASFEK97H1Z84,1017,Incendios provocados (piromanía),2023-10-12
01JCVGZBHY2VD2ASFEK97H1Z84,1017,Incendios provocados (piromanía),2023-10-10
01JCVGZBHY4Q0STN8NBK730YFA,1114,Fogatas mal apagadas,2022-02-18
01JCVGZBHZ7FFQG2XC9HDGNNQR,4821,calor,2023-06-23
01JCVGZBHZ7FFQG2XC9HDGNNQR,4821,calor,2023-06-24
01JCVGZBHZWCSM0RH8MJFY8EA2,787,Rayos,2023-12-11
01JCVGZBJ0JZ6VJ7RJB15V9ZTX,5595,Rayos,2024-06-01
01JCVGZBJ09SFR5PHSWPEM56BD,2545,Rayos,2022-05-29
01JCVGZBJ068MNYCDN0KFKQSG0,9469,calor,2024-05-20
01JCVGZBJ10HE0AG33793YK7EK,5693,Fogatas mal apagadas,2022-01-22
01JCVGZBJ15MNBVRFHZ9Y09DP0,9954,Cigarrillos mal apagados,2022-01-27
01JCVGZBJ15MNBVRFHZ9Y09DP0,9954,Cigarrillos mal apagados,2022-01-28
01JCVGZBJ2V5YCGRS0783ARDE7,7397,Fogatas mal apagadas,
01JCVGZBJ2V5YCGRS0783ARDE7,7397,Fogatas mal apagadas,
01JCVGZBJ2V5YCGRS0783ARDE7,7397,Fogatas mal apagadas,
01JCVGZBJ311X83A1Q636AGGQ6,1889,Olas de calor extremas,2024-02-01
01JCVGZBJ4ZJCSSZAEA1PRPEA5,2600,Olas de calor extremas,
01JCVGZBJ4QWXM7BE15XS6R037,3516,Olas de calor extremas,2023-12-31
01JCVGZBJ45T4Q7YRYW6PVWJHY,6343,Fogatas mal apagadas,2024-03-11
01JCVGZBJ5Q4HAPB2C8V3P94J4,6957,Deforestación ilegal,2023-09-10
01JCVGZBJ53300HEC3DG9PXVXF,3898,Fogatas mal apagadas,2023-12-21
01JCVGZBJ6SW7PARJCRNRG5P9K,3359,Fallas eléctricas,2022-07-17
01JCVGZBJ669D858K54WX40V9P,1380,Deforestación ilegal,
01JCVGZBJ6QSHJYBXENP0Z08MS,3369,Fogatas mal apagadas,2022-11-21
01JCVGZBJ7X2YWEJ3GPTBCMZS9,614,Deforestación ilegal,
01JCVGZBJ7X2YWEJ3GPTBCMZS9,614,Deforestación ilegal,
01JCVGZBJ7X2YWEJ3GPTBCMZS9,614,Deforestación ilegal,
01JCVGZBJ74763XFQ4RX9QE8A7,1645,Fallas eléctricas,2022-03-24
01JCVGZBJ74763XFQ4RX9QE8A7,1645,Fallas eléctricas,2022-03-22
01JCVGZBJ7SM0TSNKQZBD8P9VG,7492,Fallas eléctricas,
01JCVGZBJ855Q457E1MXKBV5T0,9781,Deforestación ilegal,2023-09-07
01JCVGZBJ8Q0MAZ11PMMXV47YY,4763,Incendios provocados (piromanía),2024-11-02
01JCVGZBJ8TQREKYZS1SADD5NQ,5309,calor,2022-11-06
01JCVGZBJ9TQFAK9QRZRA76YQP,6400,Olas de calor extremas,
01JCVGZBJ9XEC8RN96NHDVGHKJ,4182,Olas de calor extremas,2024-09-29
01JCVGZBJ9XEC8RN96NHDVGHKJ,4182,Olas de calor extremas,2024-09-30
01JCVGZBJA78A8383YZPBZD0GW,688,Olas de calor extremas,2024-10-02
01JCVGZBJA90EJJKZRCAFB4JCH,9881,Deforestación ilegal,2024-06-21
01JCVGZBJA90EJJKZRCAFB4JCH,9881,Deforestación ilegal,2024-06-21
01JCVGZBJAJWWY37GQ099DCSQC,7396,Rayos,2024-08-04
01JCVGZBJBFVZJYP0ATKJXH308,2821,Deforestación ilegal,2024-10-17
01JCVGZBJBCH40ZA8GRM0HXVVP,417,Cigarrillos mal apagados,2024-06-20
01JCVGZBJBMYWS9N5EG7S08GNJ,593,Incendios provocados (piromanía),2022-04-30
01JCVGZBJC8HT1RW9C015NX30T,7782,Fallas eléctricas,2024-03-24
01JCVGZBJCKKA00A0DRWA8V4XZ,1175,Fallas eléctricas,2022-05-22
01JCVGZBJCKKA00A0DRWA8V4XZ,1175,Fallas eléctricas,2022-05-23
01JCVGZBJDE4HVX909Y92QZXA2,425,Cigarrillos mal apagados,2023-02-21
01JCVGZBJDE4HVX909Y92QZXA2,425,Cigarrillos mal apagados,2023-02-22
01JCVGZBJDDSWT6SD75MGHFDKV,4233,Fallas eléctricas,2022-09-03
01JCVGZBJDDSWT6SD75MGHFDKV,4233,Fallas eléctricas,2022-09-03
01JCVGZBJDDSWT6SD75MGHFDKV,4233,Fallas eléctricas,2022-09-02
01JCVGZBJD928Q1ACKWGQR3QM9,5809,Rayos,
01JCVGZBJD928Q1ACKWGQR3QM9,5809,Rayos,
01JCVGZBJEGNCFY39MSRBAP9DT,9968,Cigarrillos mal apagados,2023-02-28
01JCVGZBJEGNCFY39MSRBAP9DT,9968,Cigarrillos mal apagados,2023-03-01
01JCVGZBJECCXMHTWH05SZH9WQ,3375,Cigarrillos mal apagados,2021-11-28
01JCVGZBJECCXMHTWH05SZH9WQ,3375,Cigarrillos mal apagados,2021-11-27
01JCVGZBJFEAPYP9K9CWEK0A19,9172,Olas de calor extremas,2023-04-04
01JCVGZBJF26GHH8VVXWK04778,7678,Incendios provocados (piromanía),2024-04-28
01JCVGZBJGPY35BT5DNT95WRP9,6356,Fallas eléctricas,2022-07-18
01JCVGZBJG0VQTW5M6RVNPZ9C5,1440,Cigarrillos mal apagados,2023-10-10
01JCVGZBJG0VQTW5M6RVNPZ9C5,1440,Cigarrillos mal apagados,2023-10-12
01JCVGZBJG0VQTW5M6RVNPZ9C5,1440,Cigarrillos mal apagados,2023-10-12
01JCVGZBJG0VQTW5M6RVNPZ9C5,1440,Cigarrillos mal apagados,2023-10-11
01JCVGZBJHVMS6TE83CPJY5AVE,2790,Olas de calor extremas,2022-11-15
01JCVGZBJJSYEK7FEJH9DK5ZRX,9490,Fallas eléctricas,2024-05-17
01JCVGZBJM26GTXB036KX6YAR0,6251,Rayos,2024-02-29
01JCVGZBJNZ339S3QQMMNY8KA3,1461,Olas de calor extremas,2024-10-11
01JCVGZBJPHQ0SSTMTYZ8S38Z3,4590,Incendios provocados (piromanía),2024-10-18
01JCVGZBJQ8YSFG7H2Z7071AJP,8523,Fogatas mal apagadas,2024-03-02
01JCVGZBJQ8YSFG7H2Z7071AJP,8523,Fogatas mal apagadas,2024-03-02
01JCVGZBJQ8HS4E32DBQSRKZ92,1950,Rayos,2024-10-14
01JCVGZBJR3VJKME5DJZ3HH875,3222,Fallas eléctricas,2024-09-14
01JCVGZBJR3VJKME5DJZ3HH875,3222,Fallas eléctricas,2024-09-14
01JCVGZBJR3VJKME5DJZ3HH875,3222,Fallas eléctricas,2024-09-16
01JCVGZBJRBY0NWMVNFY1SZPHN,6815,Cigarrillos mal apagados,2022-05-02
01JCVGZBJR4CK63G1ZSS9SEY0Z,2309,Olas de calor extremas,2024-02-17
01JCVGZBJSARC6JZNEZRB0BZQR,7902,calor,2024-01-14
01JCVGZBJSN0YENNDCEB55EJR7,2605,Incendios provocados (piromanía),
01JCVGZBJS6E2RNMJ9VEC4B7E5,524,Incendios provocados (piromanía),2022-06-07
01JCVGZBJT55B0JA81VWF2RSFH,3878,calor,
01JCVGZBJT55B0JA81VWF2RSFH,3878,calor,
01JCVGZBJT2ED4JRS9TPMSSHS1,9141,Fogatas mal apagadas,2023-07-17
01JCVGZBJVRAMG789HE8YMB2GS,607,calor,2022-12-18
01JCVGZBJV2BCGM87QCF93H2XK,1994,Fogatas mal apagadas,2023-04-30
01JCVGZBJV2BCGM87QCF93H2XK,1994,Fogatas mal apagadas,2023-05-02
01JCVGZBJVKF17CGFXAE3389QM,7390,Fallas eléctricas,2022-06-07
01JCVGZBJWJ4K5Y6ENF833XFB4,5644,Olas de calor extremas,2024-02-23
01JCVGZBJW9HC16Z4D86B653RF,6336,Deforestación ilegal,2023-03-22
01JCVGZBJXM8NFA834P9HNXHT3,6291,calor,2024-05-20
01JCVGZBJXYW5GQJ23S9M9KD32,8848,Olas de calor extremas,2023-09-09
01JCVGZBJY87TM4XMS22QQTRXB,4678,Deforestación ilegal,2024-10-06
01JCVGZBJY87TM4XMS22QQTRXB,4678,Deforestación ilegal,2024-10-07
01JCVGZBJY87TM4XMS22QQTRXB,4678,Deforestación ilegal,2024-10-06
01JCVGZBJY87TM4XMS22QQTRXB,4678,Deforestación ilegal,2024-10-05
01JCVGZBJY7SG5QY9T0RV0RTXW,5467,Olas de calor extremas,
01JCVGZBJY7SG5QY9T0RV0RTXW,5467,Olas de calor extremas,
01JCVGZBJYFG6GF9WJYSZ9BTGB,8469,Incendios provocados (piromanía),2022-10-30
01JCVGZBJZHSXA338YMRVC8QV5,3950,Cigarrillos mal apagados,2021-12-28
01JCVGZBJZATZ2QS23VJFYCQ1G,3994,Fallas eléctricas,2023-11-27
01JCVGZBK04WECMM45FA844QYY,7369,Rayos,2024-02-15
01JCVGZBK0X32JS3SQ0ZWSXEYT,7282,calor,2024-05-07
01JCVGZBK0AF585M197M0A20GJ,5128,Deforestación ilegal,2022-05-30
01JCVGZBK1TSYX9BYGEWP557BC,7378,Fogatas mal apagadas,2021-11-03
01JCVGZBK1TEZKCC0Q973B8QMN,1091,Incendios provocados (piromanía),2021-11-15
01JCVGZBK2XDN4F8KX4XD19J9K,9039,calor,2023-10-10
01JCVGZBK21VQA5CM933BWTQSV,5325,Cigarrillos mal apagados,2021-12-18
01JCVGZBK3KH8078S1Z42E4ZN7,4081,Rayos,2022-09-23
01JCVGZBK3P6D0AKCAB076SFQ8,4814,Deforestación ilegal,2024-05-30
01JCVGZBK3P6D0AKCAB076SFQ8,4814,Deforestación ilegal,2024-05-31
01JCVGZBK3AVJ6T58NXYZKVWRC,624,Rayos,2023-04-25
01JCVGZBK3AVJ6T58NXYZKVWRC,624,Rayos,2023-04-24
01JCVGZBK3AVJ6T58NXYZKVWRC,624,Rayos,2023-04-24
01JCVGZBK4EV5BGQPQBSMBKA9G,8626,Fogatas mal apagadas,2023-05-15
01JCVGZBK4649RACB2JX75E3FG,4914,Deforestación ilegal,2022-10-15
01JCVGZBK5CNRZZ21SGZJJXKDM,361,Rayos,2023-04-13
01JCVGZBK55BM1TYA9SWNS06P1,4536,calor,
01JCVGZBK5FV5T8VTT4FQA4ZJA,5159,Fallas eléctricas,2022-08-28
01JCVGZBK6PF1WT56J905P1K8Z,8652,Olas de calor extremas,2023-12-23
01JCVGZBK6PF1WT56J905P1K8Z,8652,Olas de calor extremas,2023-12-24
01JCVGZBK6GHW7RD1EZZTFPYYQ,1731,Rayos,2023-02-16
01JCVGZBK62CV06WQM1D77WTHA,8468,Olas de calor extremas,2022-09-28
01JCVGZBK62CV06WQM1D77WTHA,8468,Olas de calor extremas,2022-09-28
01JCVGZBK7Y6Z51A9SPSY5XM9E,2377,calor,2023-02-13
01JCVGZBK72N92JJ8TAEACWRBJ,2815,Deforestación ilegal,2022-11-01
01JCVGZBK8XBS6ZC44MAWVE1MN,4330,Rayos,
01JCVGZBK85XAFPQ6VTSMGKTB3,2835,Olas de calor extremas,
01JCVGZBK8MDE46SVH672N37T0,5505,Rayos,2023-08-15
01JCVGZBK9WWRCQ8ZEYDA3CJQ9,2989,Deforestación ilegal,2023-04-29
01JCVGZBK90SG0G13AZ505060H,2706,Olas de calor extremas,
01JCVGZBK90SG0G13AZ505060H,2706,Olas de calor extremas,
01JCVGZBK90SG0G13AZ505060H,2706,Olas de calor extremas,
01JCVGZBK90SG0G13AZ505060H,2706,Olas de calor extremas,
01JCVGZBKACRQHWPEMR3CJQSCR,4131,Cigarrillos mal apagados,2022-01-28
01JCVGZBKACRQHWPEMR3CJQSCR,4131,Cigarrillos mal apagados,2022-01-28
01JCVGZBKA6551J88MFRYMDGXF,4845,Incendios provocados (piromanía),2023-10-22
01JCVGZBKANX1H0J97PN79GB08,3417,Incendios provocados (piromanía),
01JCVGZBKBD04PHBMN0NKS9GK1,927,Cigarrillos mal apagados,2024-09-20
01JCVGZBKB0Y3PW59CCRN44PJM,8934,Olas de calor extremas,2024-01-06
01JCVGZBKBZDYXQ8VFDH5HC9SF,9308,Cigarrillos mal apagados,2024-07-06
01JCVGZBKCC7J9VPCBCEZMMY99,2684,Cigarrillos mal apagados,2024-08-03
01JCVGZBKC1CTD3F5RXSKC4GK5,459,Olas de calor extremas,2021-11-19
01JCVGZBKCH8FR5JD7GZRY75ZR,793,Fallas eléctricas,2022-07-26
01JCVGZBKDMPEP1MS11AQSM9S6,9752,Rayos,2023-02-26
01JCVGZBKDMPEP1MS11AQSM9S6,9752,Rayos,2023-02-25
01JCVGZBKDMPEP1MS11AQSM9S6,9752,Rayos,2023-02-26
01JCVGZBKD5YZMKVQC8N0F8TKW,1980,Fallas eléctricas,2024-08-09
01JCVGZBKEVH8W3VZEY58RN5MN,7475,calor,
01JCVGZBKEB907GB85NFBQFDT3,297,Deforestación ilegal,2022-11-07
01JCVGZBKEVS0JJH7Z4ZZ0HGP4,4346,Incendios provocados (piromanía),2024-03-30
01JCVGZBKFWS9TAFNCT2AZGZRA,2531,Incendios provocados (piromanía),2022-02-24
01JCVGZBKFWS9TAFNCT2AZGZRA,2531,Incendios provocados (piromanía),2022-02-24
01JCVGZBKFM8ZE2ZTY8NEEE62Z,8132,calor,2023-11-13
01JCVGZBKGDNZY63Z1QHNE3W28,7861,Fogatas mal apagadas,2023-05-31
01JCVGZBKGWMZEMXWBASMW021A,6843,Cigarrillos mal apagados,2024-10-22
01JCVGZBKGYKZFAV4C64WQJ5DV,5911,Cigarrillos mal apagados,2024-01-02
01JCVGZBKHWF0JM5ZXNFQG3HZ3,9678,Fogatas mal apagadas,2023-06-17
01JCVGZBKHWF0JM5ZXNFQG3HZ3,9678,Fogatas mal apagadas,2023-06-16
01JCVGZBKHWF0JM5ZXNFQG3HZ3,9678,Fogatas mal apagadas,2023-06-18
01JCVGZBKJWS45966VW5TZCBVP,1329,Fallas eléctricas,2023-08-17
01JCVGZBKJT5NF8VHQTXRHPCKX,6672,Deforestación ilegal,2021-12-21
01JCVGZBKJJSTZFRKW77SPZNJK,7460,Cigarrillos mal apagados,2022-05-04
01JCVGZBKKXM7NF7JP7GX6V0XP,3749,Olas de calor extremas,2022-06-15
01JCVGZBKKXM7NF7JP7GX6V0XP,3749,Olas de calor extremas,2022-06-16
01JCVGZBKK8G3ZVV2SMCE8KBAY,5685,calor,2022-05-30
01JCVGZBKM9FRMWEJ7XEBG04B5,2960,calor,2023-01-19
01JCVGZBKMBN8KXJJ1ZGN3WFYB,5624,Olas de calor extremas,2022-10-11
01JCVGZBKMC4Q9TK4X5A22PM3V,8284,Cigarrillos mal apagados,2022-09-19
01JCVGZBKMC4Q9TK4X5A22PM3V,8284,Cigarrillos mal apagados,2022-09-19
01JCVGZBKNPP13E9N6BZHG86BQ,1658,Deforestación ilegal,2022-09-03
01JCVGZBKNPP13E9N6BZHG86BQ,1658,Deforestación ilegal,2022-09-02
01JCVGZBKN13TZENX4THMMGDWQ,8717,Cigarrillos mal apagados,2022-09-28
01JCVGZBKP0N9GPABVD1HBM032,1792,Fallas eléctricas,2024-05-17
01JCVGZBKP2YEHPGQJ6VZ4ENNG,1438,Deforestación ilegal,2022-11-04
01JCVGZBKPB4HQZ7SH5ZDHCZMR,3004,Fogatas mal apagadas,2023-05-29
01JCVGZBKPB4HQZ7SH5ZDHCZMR,3004,Fogatas mal apagadas,2023-05-28
01JCVGZBKQWJGB6CRH8VJ28Q3J,2507,Deforestación ilegal,2022-11-12
01JCVGZBKQWJGB6CRH8VJ28Q3J,2507,Deforestación ilegal,2022-11-11
01JCVGZBKQWE41MYRR1EJWW99V,5436,Fallas eléctricas,2023-06-06
01JCVGZBKQWE41MYRR1EJWW99V,5436,Fallas eléctricas,2023-06-05
01JCVGZBKRDWYSSQYPDH9F7X66,9361,Fogatas mal apagadas,2022-08-06
01JCVGZBKRMVBVS9E7QA7BZFM3,1484,Rayos,
01JCVGZBKRX5VXJSN0GA4PZRYK,4104,Fallas eléctricas,2022-07-15
01JCVGZBKRX5VXJSN0GA4PZRYK,4104,Fallas eléctricas,2022-07-17
01JCVGZBKS95KW23WM87DYAYE1,7196,Cigarrillos mal apagados,2023-09-09
01JCVGZBKSA0BV18VGN01WDVHG,3748,Rayos,2023-01-02
01JCVGZBKS6RCR9D8TAMZ71EG7,7806,Fallas eléctricas,2023-01-27
01JCVGZBKTM8PXF8VGTJY0Z5Y3,2880,Olas de calor extremas,2023-10-15
01JCVGZBKTAY2QTDG4BDADX39D,9967,Cigarrillos mal apagados,2021-11-10
01JCVGZBKTAY2QTDG4BDADX39D,9967,Cigarrillos mal apagados,2021-11-10
01JCVGZBKVS9EHH7QMBMSMNQ77,2141,calor,2023-08-31
01JCVGZBKV2XD81XE6X6SKGC34,6865,Fallas eléctricas,2024-03-29
01JCVGZBKVPRSMQKKC9SCDPXPJ,4905,Rayos,2024-05-09
01JCVGZBKVPRSMQKKC9SCDPXPJ,4905,Rayos,2024-05-09
01JCVGZBKW6MQXRGP43HP29TVW,4205,Olas de calor extremas,2023-01-05
01JCVGZBKW6MQXRGP43HP29TVW,4205,Olas de calor extremas,2023-01-06
01JCVGZBKW6MQXRGP43HP29TVW,4205,Olas de calor extremas,2023-01-05
01JCVGZBKWZW62STR9E9VZK5ZW,7285,Rayos,
01JCVGZBKWZW62STR9E9VZK5ZW,7285,Rayos,
01JCVGZBKW4RYG28PW1C1X2DJG,7697,Fallas eléctricas,2023-09-11
01JCVGZBKXWWYMTGHRFB8SVWSZ,1309,calor,2023-10-13
01JCVGZBKX7A6KWHDQ497B5HF4,4879,Cigarrillos mal apagados,2024-04-26
01JCVGZBKYM7KH9FKTN4XG7N30,7160,Cigarrillos mal apagados,2023-02-02
01JCVGZBKYM7KH9FKTN4XG7N30,7160,Cigarrillos mal apagados,2023-02-02
01JCVGZBKZT0K5GNS2GMZ8V37X,2784,calor,
01JCVGZBM0JYGK88YPVWHAN0D9,609,Rayos,2024-11-07
01JCVGZBM0Q4QAGJDN3MJG0G1R,3412,Fallas eléctricas,2023-09-18
01JCVGZBM1GMJNE96T27YJBPT4,4926,Fallas eléctricas,2023-08-11
01JCVGZBM1GMJNE96T27YJBPT4,4926,Fallas eléctricas,2023-08-11
01JCVGZBM1RZ1DQYWSHEGS3DAT,75,Fogatas mal apagadas,2024-10-25
01JCVGZBM1H35J8AP7G00KHCWH,8103,Fallas eléctricas,2024-07-27
01JCVGZBM2W73GKS1KZ3YTVZH3,4127,Rayos,2024-09-24
01JCVGZBM2AXXW0WZ6MSKG16BM,5827,Fogatas mal apagadas,2022-11-03
01JCVGZBM2PQ7SGFB8E89SQ8TT,2026,Deforestación ilegal,2022-02-03
01JCVGZBM3FETXNY3A0TTB3KT2,2047,Olas de calor extremas,
01JCVGZBM35YCT8CJ6RTJCXX65,9218,Rayos,
01JCVGZBM3Z261V4M0T77B9WVG,8236,Cigarrillos mal apagados,2024-08-11
01JCVGZBM4329RJNYJQF6ZV06B,822,Fallas eléctricas,
01JCVGZBM4VAV3SFNW0Y8NF6S4,4112,Deforestación ilegal,
01JCVGZBM4VAV3SFNW0Y8NF6S4,4112,Deforestación ilegal,
01JCVGZBM4VAV3SFNW0Y8NF6S4,4112,Deforestación ilegal,
01JCVGZBM4X68FFWZF7X0GB00N,521,Deforestación ilegal,
01JCVGZBM4X68FFWZF7X0GB00N,521,Deforestación ilegal,
01JCVGZBM50E00YAFDQSGSCYQD,1333,Deforestación ilegal,2022-09-19
01JCVGZBM50E00YAFDQSGSCYQD,1333,Deforestación ilegal,2022-09-19
01JCVGZBM568D05B3JKPCAY3FJ,5515,Fallas eléctricas,2022-02-22
01JCVGZBM66TMMY09ZYCFPGET5,3396,calor,
01JCVGZBM66TMMY09ZYCFPGET5,3396,calor,
01JCVGZBM6K5SKP2MAJ9F8344G,219,Olas de calor extremas,2022-05-31
01JCVGZBM6STW8D2H9QSJV693W,3737,Rayos,2022-06-29
01JCVGZBM7R4NTT8C28TF4BH9Y,5279,Deforestación ilegal,2023-11-09
01JCVGZBM7DSWVWWPTSK64JFR8,6765,calor,2022-02-21
01JCVGZBM86AADW6DVFC9Z5YBF,7986,Rayos,2022-07-01
01JCVGZBM8WSXV1KPQZB8KS413,1551,Incendios provocados (piromanía),2022-03-01
01JCVGZBM8499FN503BN5CFDCH,3203,Incendios provocados (piromanía),2021-12-23
01JCVGZBM8499FN503BN5CFDCH,3203,Incendios provocados (piromanía),2021-12-23
01JCVGZBM93WHXTE76G612GTBZ,8567,calor,2024-10-23
01JCVGZBM93WHXTE76G612GTBZ,8567,calor,2024-10-22
01JCVGZBM9NJWH884FZFAYSJ6B,7375,Olas de calor extremas,2024-05-12
01JCVGZBMA6TWEW8YZ31PRGFEA,6619,Fogatas mal apagadas,2022-02-21
01JCVGZBMA5J3F0WKEBQQY3PPT,7625,Rayos,2024-10-28
01JCVGZBMA5J3F0WKEBQQY3PPT,7625,Rayos,2024-10-28
01JCVGZBMABPQCA631WWV1J52T,5320,Olas de calor extremas,
01JCVGZBMABPQCA631WWV1J52T,5320,Olas de calor extremas,
01JCVGZBMBZHN4C7SSXYWQCYZQ,4075,Deforestación ilegal,2022-07-27
01JCVGZBMBV9KFKQXWRJT926ZS,2196,Olas de calor extremas,2022-08-03
01JCVGZBMCVGQ7P88CBYY2F9CP,2766,Fogatas mal apagadas,2023-08-19
01JCVGZBMC8GTAKD3PX25H3JME,4231,Fallas eléctricas,2023-06-22
01JCVGZBMC46PR25AKK5T3ETNB,6128,Cigarrillos mal apagados,2024-10-17
01JCVGZBMC46PR25AKK5T3ETNB,6128,Cigarrillos mal apagados,2024-10-19
01JCVGZBMDPN0JG8KNJ5C5E0ZD,1428,Rayos,2024-10-15
01JCVGZBMDPN0JG8KNJ5C5E0ZD,1428,Rayos,2024-10-15
01JCVGZBMDPN0JG8KNJ5C5E0ZD,1428,Rayos,2024-10-15
01JCVGZBMD32S8X3PCVZCQX50G,5701,Incendios provocados (piromanía),2022-01-28
01JCVGZBMD32S8X3PCVZCQX50G,5701,Incendios provocados (piromanía),2022-01-28
01JCVGZBMDXAWBN0TTBP21MZK9,6705,Fallas eléctricas,
01JCVGZBMEKRCFD4455F70NXGJ,6903,calor,2022-05-02
01JCVGZBMEKRCFD4455F70NXGJ,6903,calor,2022-05-03
01JCVGZBMEKRCFD4455F70NXGJ,6903,calor,2022-05-04
01JCVGZBMEJSRJRXVWNAVRVYXK,9196,Fogatas mal apagadas,2022-04-07
01JCVGZBMEKKF1PJM790KR774A,3739,Fogatas mal apagadas,2023-01-27
01JCVGZBMF7ME5ESAZFH6ZTP9G,432,calor,2023-05-16
01JCVGZBMFWZ2PCZ1SCR2N1SDY,4866,Incendios provocados (piromanía),
01JCVGZBMGBJZ985TQC4CG05V4,8544,Olas de calor extremas,2023-09-14
01JCVGZBMGN2N3VCM5S85C0RY9,8661,Incendios provocados (piromanía),2023-05-24
01JCVGZBMG28H9CD249ZVF7777,2288,Fogatas mal apagadas,2022-04-17
01JCVGZBMHJV31B2QDAR9CZ973,3275,calor,2024-11-12
01JCVGZBMJNMSG2FH27VWEDK5Q,5496,Rayos,2023-02-04
01JCVGZBMJR77EX0E3ZJP0GH7E,5830,calor,2022-06-03
01JCVGZBMJE3FHHKC5CQBQANSE,4315,Fallas eléctricas,2024-06-28
01JCVGZBMKJHBZXXWZWHB97NK5,9641,calor,2023-07-23
01JCVGZBMKSE2J4K0NRVYNTMFJ,3010,calor,2023-08-22
01JCVGZBMM8RZX0KP3RZSAAKN1,7433,Fallas eléctricas,2024-01-22
01JCVGZBMM8RZX0KP3RZSAAKN1,7433,Fallas eléctricas,2024-01-23
01JCVGZBMM2WEZ7C3BEQ0KY0XN,9436,Fogatas mal apagadas,2024-06-19
01JCVGZBMM2WEZ7C3BEQ0KY0XN,9436,Fogatas mal apagadas,2024-06-17
01JCVGZBMM2WEZ7C3BEQ0KY0XN,9436,Fogatas mal apagadas,2024-06-19
01JCVGZBMN5JBTN6R15KHEF7TG,7003,Olas de calor extremas,2022-08-19
01JCVGZBMNVFSFQ38HMM2XQ07B,3908,Rayos,2024-10-25
01JCVGZBMNJJJFD21JY6S66CY8,1799,Cigarrillos mal apagados,
01JCVGZBMPDN2YZRTT4KXV39BM,4625,Cigarrillos mal apagados,2024-05-16
01JCVGZBMPDN2YZRTT4KXV39BM,4625,Cigarrillos mal apagados,2024-05-15
01JCVGZBMPDN2YZRTT4KXV39BM,4625,Cigarrillos mal apagados,2024-05-14
01JCVGZBMPS5610SSW8XVGTRCF,2924,Fallas eléctricas,
01JCVGZBMPS5610SSW8XVGTRCF,2924,Fallas eléctricas,
01JCVGZBMP45AWQWW15EQ44A6P,5318,Fallas eléctricas,2022-01-10
01JCVGZBMQJWTRF1T14MGHH4KY,1205,Incendios provocados (piromanía),2023-09-08
01JCVGZBMQJWTRF1T14MGHH4KY,1205,Incendios provocados (piromanía),2023-09-06
01JCVGZBMQQNAFMHVGJZ6C04FH,8688,calor,2024-03-18
01JCVGZBMQZV153V8JEEZ0WAE2,525,Deforestación ilegal,2023-08-29
01JCVGZBMRCM8EQNYSNMMR68QG,7778,Rayos,2021-11-05
01JCVGZBMRP2C9GN6Z56Y0RAPN,7569,calor,2022-06-20
01JCVGZBMSQ26BJ8H53SK131EV,5547,Olas de calor extremas,2024-07-07
01JCVGZBMSEMGQBE6HVC8WMG3P,9939,Olas de calor extremas,2024-08-16
01JCVGZBMSEMGQBE6HVC8WMG3P,9939,Olas de calor extremas,2024-08-17
01JCVGZBMSKHCV9ET1RW03S21Z,8525,Olas de calor extremas,2024-07-26
01JCVGZBMT4N9HREZNS1ZQD1T7,5433,Deforestación ilegal,2023-06-24
01JCVGZBMT4N9HREZNS1ZQD1T7,5433,Deforestación ilegal,2023-06-24
01JCVGZBMTFVRD5XGW3FXPZGRX,6022,Olas de calor extremas,2024-01-18
01JCVGZBMVNXT0H3W2FKAFDGXQ,8218,Rayos,2023-08-22
01JCVGZBMVNXT0H3W2FKAFDGXQ,8218,Rayos,2023-08-24
01JCVGZBMVNXT0H3W2FKAFDGXQ,8218,Rayos,2023-08-24
01JCVGZBMVMYQH4B9TC4D10W5J,8,Incendios provocados (piromanía),2023-04-11
01JCVGZBMW7P1N05M0ZQM32M5N,9495,Rayos,2023-09-25
01JCVGZBMW7P1N05M0ZQM32M5N,9495,Rayos,2023-09-26
01JCVGZBMW8GHM5W56QYFV022D,6538,Fallas eléctricas,2022-02-14
01JCVGZBMXRDYQJERRFNNR8BV2,8763,Incendios provocados (piromanía),2022-08-21
01JCVGZBMXH6CC9WP46C73A4S1,793,Olas de calor extremas,2022-05-05
01JCVGZBMYXWWHKBSBT1H2C6JM,2215,Fogatas mal apagadas,2023-04-24
01JCVGZBMY6ETFTMEHCFBQJKJW,3223,Rayos,2022-05-03
01JCVGZBMYFN6NQFNSQ100BQBW,3974,Incendios provocados (piromanía),2023-04-20
01JCVGZBMZD19EHWAJ5ZJ8RAQH,8787,Rayos,2022-05-09
01JCVGZBMZ3BKET1YEZK53ZE0M,9297,Incendios provocados (piromanía),2024-01-17
01JCVGZBMZ3BKET1YEZK53ZE0M,9297,Incendios provocados (piromanía),2024-01-18
01JCVGZBN0F9Q1ZCSFX916CWR6,6112,Olas de calor extremas,2022-09-17
01JCVGZBN0N6B9N4ESD78A5TPH,6821,Cigarrillos mal apagados,2023-06-27
01JCVGZBN0QGCN122JK2Q63R2X,5041,Olas de calor extremas,2024-10-13
01JCVGZBN14WDZ5GJ53H1NKSP4,967,Rayos,2024-03-11
01JCVGZBN14WDZ5GJ53H1NKSP4,967,Rayos,2024-03-10
01JCVGZBN1GMKE8W4MNR5TMT78,7839,Deforestación ilegal,2022-01-16
01JCVGZBN20V29M57TGZPVZFT2,9374,Olas de calor extremas,2024-09-21
01JCVGZBN2BW5EPRAJFVSZ6XN7,1897,Deforestación ilegal,2022-04-20
01JCVGZBN2BW5EPRAJFVSZ6XN7,1897,Deforestación ilegal,2022-04-22
01JCVGZBN2MY651Y5KQC98NECX,5436,Rayos,2024-08-01
01JCVGZBN3R8037JXTJBRE4Q8N,3249,Fallas eléctricas,2023-01-13
01JCVGZBN4ZDXRD127TGT8MT4B,4163,calor,2023-01-16
01JCVGZBN4ZDXRD127TGT8MT4B,4163,calor,2023-01-15
01JCVGZBN57NNYKQA4BZNPP3GW,5502,Fogatas mal apagadas,2024-10-07
01JCVGZBN57NNYKQA4BZNPP3GW,5502,Fogatas mal apagadas,2024-10-05
01JCVGZBN57NNYKQA4BZNPP3GW,5502,Fogatas mal apagadas,2024-10-05
01JCVGZBN57NNYKQA4BZNPP3GW,5502,Fogatas mal apagadas,2024-10-06
01JCVGZBN57NNYKQA4BZNPP3GW,5502,Fogatas mal apagadas,2024-10-05
01JCVGZBN57NNYKQA4BZNPP3GW,5502,Fogatas mal apagadas,2024-10-07
01JCVGZBN6R1KBJWKWWVHG3TGG,6278,Incendios provocados (piromanía),2023-05-09
01JCVGZBN6R1KBJWKWWVHG3TGG,6278,Incendios provocados (piromanía),2023-05-10
01JCVGZBN65Q1W93YTQ7F9M1K0,775,calor,2022-11-20
01JCVGZBN6PSW16TYGRE9KKQYJ,9142,calor,2024-05-17
01JCVGZBN7K86FKEYTF21G8D07,3028,Olas de calor extremas,2024-02-21
01JCVGZBN7YAE4032JBTPGB3F9,9706,calor,
01JCVGZBN7YAE4032JBTPGB3F9,9706,calor,
01JCVGZBN7SZAAQVRFXBA0EZJC,935,Incendios provocados (piromanía),2022-06-23
01JCVGZBN81WZNK117XZSM6472,135,Fogatas mal apagadas,2022-11-29
01JCVGZBN8YS15E6TK3AVCYY1X,7933,Olas de calor extremas,2024-03-22
01JCVGZBN94R70RC3JC3EB7S3B,8499,Deforestación ilegal,2022-04-04
01JCVGZBN95AEFYRQS0ZGDEMJT,9870,Deforestación ilegal,2023-06-07
01JCVGZBN9BSJRNVSMVHHA1NVK,1356,calor,2022-02-06
01JCVGZBNAY17RM24GX0T0TPCT,6853,Incendios provocados (piromanía),2023-11-04
01JCVGZBNAC1EJ8EEXJX7EBS7K,1977,Incendios provocados (piromanía),2023-02-07
01JCVGZBNAC1EJ8EEXJX7EBS7K,1977,Incendios provocados (piromanía),2023-02-07
01JCVGZBNAC1EJ8EEXJX7EBS7K,1977,Incendios provocados (piromanía),2023-02-05
01JCVGZBNBCJTA8PBMB95193S0,4945,Deforestación ilegal,2023-07-04
01JCVGZBNBBYNR4N18M4BN10HH,8463,Deforestación ilegal,2024-02-09
01JCVGZBNBW5KWGHN44WNH8B3B,5373,Rayos,2022-01-15
01JCVGZBNBW5KWGHN44WNH8B3B,5373,Rayos,2022-01-15
01JCVGZBNC34MK2YAW3BAAQQRS,6196,Cigarrillos mal apagados,2023-01-17
01JCVGZBNCFP43KNHXVG943GMF,2646,Deforestación ilegal,2022-11-16
01JCVGZBND1XXFMKDDRTHAW1KK,6105,Deforestación ilegal,2023-04-22
01JCVGZBNDZQQJHQ631S0WKC87,9904,Incendios provocados (piromanía),2022-12-12
01JCVGZBNDD6K6V1T1ZS2BM5H3,8869,calor,2023-12-30
01JCVGZBNDD6K6V1T1ZS2BM5H3,8869,calor,2023-12-31
01JCVGZBNEJKV96361HXSQNX0Y,3454,calor,2024-10-25
01JCVGZBNEFVBQWC27WHSBWVQA,6086,Rayos,2022-11-15
01JCVGZBNEVZZ7KN9PK4MJR8B5,7137,Incendios provocados (piromanía),
01JCVGZBNFA4XJG7YS1MJ0SXAE,9569,Cigarrillos mal apagados,2024-09-09
01JCVGZBNFXQXTBKQYHWES1AH0,806,Fogatas mal apagadas,2023-05-07
01JCVGZBNG6D74G8Q5GS55KCZQ,309,Fallas eléctricas,2022-10-15
01JCVGZBNG6D74G8Q5GS55KCZQ,309,Fallas eléctricas,2022-10-17
01JCVGZBNG8E9X52QJ1HNCJF1W,5902,Incendios provocados (piromanía),2024-03-06
01JCVGZBNG9YE38BKZ74XE1HJ1,5171,Olas de calor extremas,2024-01-16
01JCVGZBNG9YE38BKZ74XE1HJ1,5171,Olas de calor extremas,2024-01-15
01JCVGZBNHA4R7SZKEV6VD62TH,5829,calor,2024-03-11
01JCVGZBNH10069Y05C8DTJVHX,9991,Cigarrillos mal apagados,2022-11-12
01JCVGZBNHBFAZWQ8G0N6QYEE3,9142,calor,
01JCVGZBNJAZ5PJ04ZKGNBVV4T,4733,Deforestación ilegal,2023-03-19
01JCVGZBNJ245CBAKY4HTTD65X,48,calor,2022-05-31
01JCVGZBNJBNE8R01Z0TFVTBNJ,5811,Fogatas mal apagadas,2024-07-20
01JCVGZBNKKFFKX6DSPFKZV4EQ,9163,Deforestación ilegal,2023-01-23
01JCVGZBNK0SYPM71AGWBXNZPX,6343,Deforestación ilegal,2024-07-04
01JCVGZBNMXK5DYQTQ51HDX64N,7109,Deforestación ilegal,2022-10-20
01JCVGZBNMSHRB8E189RQN2TB9,2392,Fogatas mal apagadas,
01JCVGZBNMCC8MN0A472DY9PT8,1605,Fogatas mal apagadas,2022-05-27
01JCVGZBNNH2E6GR2EV57VR94Q,9883,Deforestación ilegal,2021-12-08
01JCVGZBNNH2E6GR2EV57VR94Q,9883,Deforestación ilegal,2021-12-08
01JCVGZBNNH2E6GR2EV57VR94Q,9883,Deforestación ilegal,2021-12-10
01JCVGZBNNEZREX54HSMBRA3EM,6328,Fogatas mal apagadas,2023-05-26
01JCVGZBNNVN0NSSCY4MV18S28,5851,Fallas eléctricas,2023-11-04
01JCVGZBNPM7D7R6N24S8A3XZC,648,Cigarrillos mal apagados,2022-03-25
01JCVGZBNPM7D7R6N24S8A3XZC,648,Cigarrillos mal apagados,2022-03-24
01JCVGZBNP3RZ5DY59CFEWN55R,3492,Cigarrillos mal apagados,2024-11-06
01JCVGZBNQA09BZFRES6P12BBX,537,Fogatas mal apagadas,2022-04-14
01JCVGZBNQH3SXCY0G6KDPAH0B,8415,Rayos,
01JCVGZBNQ1BRNGQ6HM5DW24WG,7535,Olas de calor extremas,2021-11-06
01JCVGZBNQ1BRNGQ6HM5DW24WG,7535,Olas de calor extremas,2021-11-05
01JCVGZBNRNAKTD55Q0HVZCNFM,3275,Fallas eléctricas,2024-03-10
01JCVGZBNRNAKTD55Q0HVZCNFM,3275,Fallas eléctricas,2024-03-10
01JCVGZBNR9Q53GRZT0J5G7PTZ,5771,Fallas eléctricas,2024-02-24
01JCVGZBNRMS13FR64TWPZGGT0,9880,Deforestación ilegal,2024-01-06
01JCVGZBNSHNH60Z8KTHZKS26N,2394,Incendios provocados (piromanía),2022-11-21
01JCVGZBNSHNH60Z8KTHZKS26N,2394,Incendios provocados (piromanía),2022-11-21
01JCVGZBNSW271YR3DEW3XYV65,5705,Incendios provocados (piromanía),
01JCVGZBNTKEJPT9PSPCFBC58T,1426,Incendios provocados (piromanía),2023-10-02
01JCVGZBNT43TV9SQ7VYX3JX55,407,Rayos,2023-10-09
01JCVGZBNVZWGWRQPTPV4GW886,1296,Incendios provocados (piromanía),2023-04-18
01JCVGZBNVQSKTD4Q10GSYFCV2,3815,Olas de calor extremas,
01JCVGZBNVQSKTD4Q10GSYFCV2,3815,Olas de calor extremas,
01JCVGZBNVQSKTD4Q10GSYFCV2,3815,Olas de calor extremas,
01JCVGZBNVSRBMCVCS5G524AWR,8699,Deforestación ilegal,2024-06-26
01JCVGZBNVSRBMCVCS5G524AWR,8699,Deforestación ilegal,2024-06-25
01JCVGZBNW70TTZKPHQZSXWR9C,7705,calor,2022-01-28
01JCVGZBNW2SWNE7WFMDN6VSC3,555,Fogatas mal apagadas,2024-07-01
01JCVGZBNWTCCMV7SP5RT0C8P2,782,Olas de calor extremas,2022-12-19
01JCVGZBNXB2VB45VK4AKCA5FG,1911,Deforestación ilegal,2024-11-06
01JCVGZBNXK3G47F4PM9TK8TWD,9127,Fallas eléctricas,2023-05-10
01JCVGZBNXK3G47F4PM9TK8TWD,9127,Fallas eléctricas,2023-05-11
01JCVGZBNYC0YHXQAZG9D06JYN,9921,Fallas eléctricas,2023-04-19
01JCVGZBNYN6QQNS5S0WWJ2F6B,6068,Olas de calor extremas,2023-12-15
01JCVGZBNYRN8WJ3Y149WMY4JE,3610,calor,2024-02-21
01JCVGZBNZYTSX1Y1HFGAJZYH6,435,calor,2023-05-01
01JCVGZBNZHKR18B17FR5V1XQV,5783,Olas de calor extremas,2023-01-26
01JCVGZBP0EXK5AT7NH1V032TV,1328,Incendios provocados (piromanía),2024-08-26
01JCVGZBP0YF9KJ1Z6JAW8NFHH,5702,Deforestación ilegal,2022-12-24
01JCVGZBP1WASWMAN8CSYT4ZC5,2539,Fogatas mal apagadas,2023-06-28
01JCVGZBP13EZTP6FG14R79FQS,9851,calor,2023-12-25
01JCVGZBP1K0AG0436T8HV94J6,1703,Incendios provocados (piromanía),2024-05-28
01JCVGZBP2GPXKTW1X3V8XAWGE,9945,calor,2022-04-20
01JCVGZBP264BXX6FZQMSBA4MT,8400,Incendios provocados (piromanía),
01JCVGZBP264BXX6FZQMSBA4MT,8400,Incendios provocados (piromanía),
01JCVGZBP3K5BDRPY6Z8RRCK3H,8736,Fogatas mal apagadas,2022-05-06
01JCVGZBP3S1F3Q9TAYZ1FCWQY,2126,Fogatas mal apagadas,2021-11-07
01JCVGZBP4C6TCHQNR4C0KGP7K,849,Cigarrillos mal apagados,2023-03-03
01JCVGZBP42453ZMN3DB86QB2B,7120,Incendios provocados (piromanía),2022-03-21
01JCVGZBP49QTTB9XS280ADEKK,3144,Fallas eléctricas,
01JCVGZBP5CF4K4DBAV1PGC06C,1733,Incendios provocados (piromanía),2023-03-17
01JCVGZBP5CF4K4DBAV1PGC06C,1733,Incendios provocados (piromanía),2023-03-19
01JCVGZBP538BYYFNA0YBQV1ET,2298,Olas de calor extremas,2023-07-07
01JCVGZBP5CDHRP9W9K4V6DKZJ,6478,Cigarrillos mal apagados,2022-03-24
01JCVGZBP6742M578XWBYA6B2P,4461,Deforestación ilegal,2024-07-14
01JCVGZBP63R8Q57V7V1J9HXMW,2774,calor,2024-02-01
01JCVGZBP7DXD9YJENVEZVE222,5124,Cigarrillos mal apagados,2022-05-18
01JCVGZBP7TAXGZKGPV67P0D2W,9098,Olas de calor extremas,2024-02-27
01JCVGZBP7N8ZVTPDVSZ1C3KX5,8575,Incendios provocados (piromanía),2023-04-08
01JCVGZBP7N8ZVTPDVSZ1C3KX5,8575,Incendios provocados (piromanía),2023-04-08
01JCVGZBP8QDW5AJEENSTADZFY,1502,Cigarrillos mal apagados,2024-09-23
01JCVGZBP8QDW5AJEENSTADZFY,1502,Cigarrillos mal apagados,2024-09-23
01JCVGZBP8JP0YKZEE2942SY7R,6698,Rayos,2023-10-15
01JCVGZBP87VBZTG9P0DS65G26,5131,Deforestación ilegal,2023-07-02
01JCVGZBP976AQMEZ7H6SGBPPP,2364,calor,
01JCVGZBP9XWKEBBWTBBN309GN,947,Incendios provocados (piromanía),2023-04-23
01JCVGZBPA3PZZ8069TC6ET827,5575,Fallas eléctricas,2022-10-07
01JCVGZBPA8N40A9ZDTAT0QB9W,6543,Fallas eléctricas,2023-08-10
01JCVGZBPAJGTJCKD4DR2CAQXW,6306,calor,
01JCVGZBPBQH914QBX494PKW7H,49,Incendios provocados (piromanía),2024-04-09
01JCVGZBPBB1AYSB8PKQ3M8TW8,5182,Fogatas mal apagadas,2023-02-04
01JCVGZBPCEMSSEM6M726524W4,7657,Rayos,
01JCVGZBPCEMSSEM6M726524W4,7657,Rayos,
01JCVGZBPCEMSSEM6M726524W4,7657,Rayos,
01JCVGZBPCWCJYQSR093TSWK8E,2411,Olas de calor extremas,
01JCVGZBPCTNY69CMYZ1QX382V,6254,Olas de calor extremas,2022-03-07
01JCVGZBPD2DGBPQBNA08DPNN5,1080,calor,2022-07-25
01JCVGZBPDFGMXH11ZEK8PYX0N,3824,Fallas eléctricas,2023-11-03
01JCVGZBPEGQRQXRHJ5KVARFT5,7064,Fallas eléctricas,2022-02-13
01JCVGZBPEZCGBCDAZ6MMNF629,6008,calor,2023-02-13
01JCVGZBPEZCGBCDAZ6MMNF629,6008,calor,2023-02-14
01JCVGZBPE9FCETBXZ5VCAS16C,6402,Cigarrillos mal apagados,2021-12-28
01JCVGZBPE9FCETBXZ5VCAS16C,6402,Cigarrillos mal apagados,2021-12-28
01JCVGZBPFMNC69K97D2JS55VC,6207,Fogatas mal apagadas,2022-11-03
01JCVGZBPFHMRFKYWHSKX89AXJ,5607,Rayos,2024-04-19
01JCVGZBPGAE9R26RY51ERZ3WT,9057,Olas de calor extremas,2024-04-05
01JCVGZBPGY92F2XYCQTJXYEDS,4534,Cigarrillos mal apagados,2022-06-27
01JCVGZBPG473SRQX9549JBN9N,2843,Olas de calor extremas,
01JCVGZBPHD3BBXQ9XJ86P8VQ1,1744,Incendios provocados (piromanía),2022-08-27
01JCVGZBPHD3BBXQ9XJ86P8VQ1,1744,Incendios provocados (piromanía),2022-08-28
01JCVGZBPHE741CBTE2V4PNWFR,24,Olas de calor extremas,2024-11-08
01JCVGZBPHVV1Z1GQJJD2S5HN5,7627,calor,
01JCVGZBPHVV1Z1GQJJD2S5HN5,7627,calor,
01JCVGZBPJTRAZGPKXG7SA6ZSB,7703,Fogatas mal apagadas,2024-10-15
01JCVGZBPJDCT96SRW79Y1K3B2,2984,Olas de calor extremas,
01JCVGZBPJDCT96SRW79Y1K3B2,2984,Olas de calor extremas,
01JCVGZBPJDCT96SRW79Y1K3B2,2984,Olas de calor extremas,
01JCVGZBPJDCT96SRW79Y1K3B2,2984,Olas de calor extremas,
01JCVGZBPJDCT96SRW79Y1K3B2,2984,Olas de calor extremas,
01JCVGZBPJ0EKDH3CR7PSD70DT,2620,Fallas eléctricas,2022-11-22
01JCVGZBPKTJCFSBQMV04667WK,2286,Incendios provocados (piromanía),2022-12-28
01JCVGZBPK5MM94HMXMQ5CERJS,5150,Olas de calor extremas,
01JCVGZBPK5MM94HMXMQ5CERJS,5150,Olas de calor extremas,
01JCVGZBPMPXXBSN28FGN92XRS,8362,Incendios provocados (piromanía),2024-06-30
01JCVGZBPM12GX2EBYY4TBE96R,392,Deforestación ilegal,2024-03-18
01JCVGZBPN1V6RNSYFZCWZ4K4N,1409,Incendios provocados (piromanía),2022-07-20
01JCVGZBPPKQHH232HJZQ1731Y,5820,Cigarrillos mal apagados,2024-05-23
01JCVGZBPPKQHH232HJZQ1731Y,5820,Cigarrillos mal apagados,2024-05-23
01JCVGZBPQ0JYYFXQBKATFCW4M,3363,Olas de calor extremas,2022-09-15
01JCVGZBPR0G4QMFTYT4NTS3HV,6584,Olas de calor extremas,2024-06-16
01JCVGZBPR0G4QMFTYT4NTS3HV,6584,Olas de calor extremas,2024-06-18
01JCVGZBPSE1ZMYRABZDA4QB9A,1079,Fallas eléctricas,2022-02-10
01JCVGZBPSE1ZMYRABZDA4QB9A,1079,Fallas eléctricas,2022-02-10
01JCVGZBPT6QVGRK158X1JTBFC,4510,Deforestación ilegal,2024-09-01
01JCVGZBPT6QVGRK158X1JTBFC,4510,Deforestación ilegal,2024-08-31
01JCVGZBPT1BRXMMDSJAEWP6SA,569,Deforestación ilegal,2023-08-24
01JCVGZBPT1BRXMMDSJAEWP6SA,569,Deforestación ilegal,2023-08-24
01JCVGZBPTRHMFYET2AMR5Z8F2,9535,Rayos,2024-09-19
01JCVGZBPVPFAHBFWNBT8810Y0,4582,Deforestación ilegal,2024-06-23
01JCVGZBPVRET9STDSQMYVC8NA,4934,Rayos,2024-10-20
01JCVGZBPWVEYB2W28S431Q4P9,802,Olas de calor extremas,2021-12-21
01JCVGZBPWVA5PSMVEJAA6F6E0,5656,Fallas eléctricas,2024-10-11
01JCVGZBPW4ZNQRV43F7TNE4FW,9422,Incendios provocados (piromanía),2022-09-03
01JCVGZBPX0R36YX2EGQNWZNJ0,2379,calor,2022-08-08
01JCVGZBPX345N6G8E84109G8N,9663,Incendios provocados (piromanía),2023-06-10
01JCVGZBPYKSV0EHRE8YXATM53,497,Deforestación ilegal,2023-09-16
01JCVGZBPYY2ZJH17GPSZ6X383,5271,Fallas eléctricas,2023-11-19
01JCVGZBPY6E8FHFWZBMTJ0TG7,3372,Cigarrillos mal apagados,2023-08-29
01JCVGZBPZ8GVA8PBBDEMBXD0Q,1022,Deforestación ilegal,2022-02-01
01JCVGZBPZSTJ6ZXH7NJCPK97Q,13,Olas de calor extremas,2024-02-01
01JCVGZBQ060GN2BC2RN27WZ9S,7709,Olas de calor extremas,2023-08-15
01JCVGZBQ0Q9Z8NQPP3QS7WBMD,4440,Olas de calor extremas,2024-09-10
01JCVGZBQ065705Z1C2J1VC6WG,6839,Rayos,2023-07-19
01JCVGZBQ1R7P0ZQVJ3MP5H2ZP,4900,Fallas eléctricas,2024-06-28
01JCVGZBQ1MG4SAC7K8CN5CD2R,7725,calor,2024-05-16
01JCVGZBQ1MG4SAC7K8CN5CD2R,7725,calor,2024-05-16
01JCVGZBQ2G4VXZKMX226BBST2,4642,Rayos,2024-05-02
01JCVGZBQ28JRVPASMH4CCWXDN,8151,Fallas eléctricas,
01JCVGZBQ28JRVPASMH4CCWXDN,8151,Fallas eléctricas,
01JCVGZBQ28JRVPASMH4CCWXDN,8151,Fallas eléctricas,
01JCVGZBQ2QM106NDA531VX1MW,2984,Fogatas mal apagadas,2021-11-08
01JCVGZBQ30F2Q8HVY7ZTSFEB6,9659,Incendios provocados (piromanía),2022-08-05
01JCVGZBQ3VZW392ADSN7C2KVQ,3868,Rayos,2023-01-01
01JCVGZBQ4KWZ135XZP2AF4Z64,3018,Incendios provocados (piromanía),2024-05-31
01JCVGZBQ47HXE34RQY104E8EB,7770,Deforestación ilegal,2023-07-28
01JCVGZBQ5QST0GQWD6JHY8WJQ,6465,Fallas eléctricas,2023-02-22
01JCVGZBQ5QST0GQWD6JHY8WJQ,6465,Fallas eléctricas,2023-02-22
01JCVGZBQ5GVH6VFX9WS43RHRD,1005,Olas de calor extremas,2023-05-27
01JCVGZBQ54D5RFF2QKAHN4MDR,4112,Olas de calor extremas,2023-07-11
01JCVGZBQ61JHN8P82ETZT8Y9K,298,calor,2022-11-17
01JCVGZBQ6RJZXACQC3KX3530B,2318,Fogatas mal apagadas,2023-11-13
01JCVGZBQ7Q177ZDX3XS5127YY,6995,Deforestación ilegal,2024-03-13
01JCVGZBQ7BX8YMCA0JWA68FRE,8846,Fallas eléctricas,2023-05-12
01JCVGZBQ87J941GSWEAP54DM7,1122,calor,
01JCVGZBQ87J941GSWEAP54DM7,1122,calor,
01JCVGZBQ8H0JG7RPH6MC5V114,6632,Olas de calor extremas,2024-02-10
01JCVGZBQ8JQDT3KDH255H6TST,5147,Fallas eléctricas,2022-06-18
01JCVGZBQ97WA9RHNA992MBJJH,2145,Incendios provocados (piromanía),2022-10-13
01JCVGZBQ97WA9RHNA992MBJJH,2145,Incendios provocados (piromanía),2022-10-14
01JCVGZBQ9C2TRXW0VC6HG6KZV,6003,Olas de calor extremas,2023-07-07
01JCVGZBQA3W8CPJHTS6SPTMXQ,981,Cigarrillos mal apagados,2024-09-13
01JCVGZBQAZZY2B44KVH83MAS3,4202,Rayos,2023-01-09
01JCVGZBQAE18GYSAW7KEMP7TP,443,Fallas eléctricas,2022-08-16
01JCVGZBQB5CYXEXKG3098KTBK,2627,Incendios provocados (piromanía),2021-11-18
01JCVGZBQB2H3W44N9D3RYM2AQ,1944,Fallas eléctricas,
01JCVGZBQCCVCZCWT4D7RJC5R4,6887,Fallas eléctricas,
01JCVGZBQCCVCZCWT4D7RJC5R4,6887,Fallas eléctricas,
01JCVGZBQC813JAQSEGX5GSZWN,486,Rayos,2023-12-06
01JCVGZBQC813JAQSEGX5GSZWN,486,Rayos,2023-12-06
01JCVGZBQDKP2BQZ4DD5S5C02Y,5415,Incendios provocados (piromanía),2022-01-05
01JCVGZBQDHDVJJST7FDN28VPN,3565,Rayos,2023-08-18
01JCVGZBQDH8MS11AEMVRVJV6S,6972,Olas de calor extremas,2024-04-29
01JCVGZBQEG7WKYHGQ7PJ66MW1,5951,Deforestación ilegal,
01JCVGZBQE9DESE6SZV1AE1WHN,4985,calor,2022-12-05
01JCVGZBQE9DESE6SZV1AE1WHN,4985,calor,2022-12-05
01JCVGZBQFC1ADBV62JRWEC8RG,35,Olas de calor extremas,2023-06-02
01JCVGZBQFPT1ZGBXSWJKNQ8S3,3336,Fogatas mal apagadas,2023-11-29
01JCVGZBQFQ7KN2K1E5G2W3ZX4,1386,Cigarrillos mal apagados,2022-10-21
01JCVGZBQGJAEPGKRX044YCKVM,3218,Fallas eléctricas,2024-05-16
01JCVGZBQGZKCZK852E2PBT417,6338,Rayos,2022-10-28
01JCVGZBQGZKCZK852E2PBT417,6338,Rayos,2022-10-27
01JCVGZBQH3TFWJZ1528HWYF8K,568,calor,2021-12-31
01JCVGZBQHQA5WAVYZNQBY38RT,3695,Fallas eléctricas,
01JCVGZBQJ5FVBZZQWWT5RXV6C,8558,Fallas eléctricas,2022-06-06
01JCVGZBQJ5FVBZZQWWT5RXV6C,8558,Fallas eléctricas,2022-06-06
01JCVGZBQJQH3J8N9BSPGBJV1Q,9049,Olas de calor extremas,2024-10-26
01JCVGZBQJVKJSHYS24BBTYF5R,2163,Fogatas mal apagadas,2022-03-08
01JCVGZBQK7R4EY4NA3AFVA1EJ,7070,Cigarrillos mal apagados,2024-04-25
01JCVGZBQKB5JGENYK2PMTQYBK,5906,Deforestación ilegal,2022-04-24
01JCVGZBQM3M4KBHZGKNXRRGMF,1264,Olas de calor extremas,2021-12-16
01JCVGZBQMT7D3B0575TJ56YSM,1207,Fallas eléctricas,2023-05-17
01JCVGZBQM44M5WFVH0QH4SWKQ,7902,Deforestación ilegal,2023-12-30
01JCVGZBQNXJXGGGQZKF84BCS4,2054,Rayos,
01JCVGZBQNXJXGGGQZKF84BCS4,2054,Rayos,
01JCVGZBQNXJXGGGQZKF84BCS4,2054,Rayos,
01JCVGZBQNXJXGGGQZKF84BCS4,2054,Rayos,
01JCVGZBQN3ZJJP9WXS91W507S,1723,calor,2023-01-22
01JCVGZBQN3ZJJP9WXS91W507S,1723,calor,2023-01-20
01JCVGZBQN3ZJJP9WXS91W507S,1723,calor,2023-01-20
01JCVGZBQNKXZHX5515Z8QH44K,8159,Fogatas mal apagadas,2024-09-27
01JCVGZBQP4N2FW69FCPRBQTRE,2,Deforestación ilegal,2022-12-28
01JCVGZBQP4N2FW69FCPRBQTRE,2,Deforestación ilegal,2022-12-26
01JCVGZBQPH6T6ME1D2KFJSGD7,1210,Incendios provocados (piromanía),2023-06-16
01JCVGZBQPH6T6ME1D2KFJSGD7,1210,Incendios provocados (piromanía),2023-06-15
01JCVGZBQQ16HAJHBD7B38WJB6,4953,Rayos,2022-05-31
01JCVGZBQQKFZAC9QFWMBNB8KE,1088,Fogatas mal apagadas,2024-09-11
01JCVGZBQRXAZARFKRMYB8MJ1C,2100,Cigarrillos mal apagados,2024-04-15
01JCVGZBQRXAZARFKRMYB8MJ1C,2100,Cigarrillos mal apagados,2024-04-17
01JCVGZBQRXAZARFKRMYB8MJ1C,2100,Cigarrillos mal apagados,2024-04-15
01JCVGZBQRH29TWGKV0APJNYS8,1558,Fogatas mal apagadas,2022-01-27
01JCVGZBQRH29TWGKV0APJNYS8,1558,Fogatas mal apagadas,2022-01-27
01JCVGZBQRRKR3C2MB8BQR2P8W,3366,Fallas eléctricas,2023-09-03
01JCVGZBQRRKR3C2MB8BQR2P8W,3366,Fallas eléctricas,2023-09-03
01JCVGZBQRRKR3C2MB8BQR2P8W,3366,Fallas eléctricas,2023-09-02
01JCVGZBQSNG4SX49Z169G8GGZ,5042,Deforestación ilegal,2022-05-18
01JCVGZBQSZMNTW2F74BB5QKTW,2876,Fogatas mal apagadas,2024-08-17
01JCVGZBQTDZ0JM8M9XC24SZ02,664,Incendios provocados (piromanía),2024-10-30
01JCVGZBQTYSPQ93BJVDEGX97C,8146,Fogatas mal apagadas,2024-07-24
01JCVGZBQTYSPQ93BJVDEGX97C,8146,Fogatas mal apagadas,2024-07-23
01JCVGZBQTYSPQ93BJVDEGX97C,8146,Fogatas mal apagadas,2024-07-25
01JCVGZBQTYSPQ93BJVDEGX97C,8146,Fogatas mal apagadas,2024-07-23
01JCVGZBQTE3C1CQ511SB58QBZ,8168,Fogatas mal apagadas,2024-05-10
01JCVGZBQVBZQR100SCME366P1,9606,Deforestación ilegal,
01JCVGZBQV2VTMHF67S35PW82X,592,Rayos,2024-03-02
01JCVGZBQWHNKNGPFQMC6Z2ZS8,4342,Cigarrillos mal apagados,2023-03-14
01JCVGZBQW7TW5HYMSC6V9GGH1,1688,Olas de calor extremas,2024-06-15
01JCVGZBQW7TW5HYMSC6V9GGH1,1688,Olas de calor extremas,2024-06-14
01JCVGZBQWDGEZMW22W06ZGJ94,343,Deforestación ilegal,2022-05-14
01JCVGZBQWDGEZMW22W06ZGJ94,343,Deforestación ilegal,2022-05-14
01JCVGZBQWDGEZMW22W06ZGJ94,343,Deforestación ilegal,2022-05-12
01JCVGZBQX6K62JN80SKAEWR0P,2085,Deforestación ilegal,2024-02-04
01JCVGZBQXA95QYPWGDSSVBB7W,4295,Olas de calor extremas,2024-05-07
01JCVGZBQXA95QYPWGDSSVBB7W,4295,Olas de calor extremas,2024-05-08
01JCVGZBQX06SHDDK2282DKDB1,5899,Olas de calor extremas,2023-01-20
01JCVGZBQX06SHDDK2282DKDB1,5899,Olas de calor extremas,2023-01-20
01JCVGZBQYWV5MX3N45ENJKEWC,7338,Olas de calor extremas,2023-02-16
01JCVGZBQYWV5MX3N45ENJKEWC,7338,Olas de calor extremas,2023-02-15
01JCVGZBQYPN9KMSJ59M8CB4Y0,1501,Fogatas mal apagadas,2022-04-22
01JCVGZBQZNVDVNN6CGBJZR34X,1906,Fogatas mal apagadas,
01JCVGZBQZG69JPVJ6QH1KF201,1335,Deforestación ilegal,2022-04-30
01JCVGZBQZG69JPVJ6QH1KF201,1335,Deforestación ilegal,2022-04-30
01JCVGZBQZG69JPVJ6QH1KF201,1335,Deforestación ilegal,2022-04-30
01JCVGZBR0QSM1CT2V67QB4G6H,4748,calor,2023-03-22
01JCVGZBR171BG6D41H8Q89HM3,3935,Fogatas mal apagadas,2023-11-12
01JCVGZBR2WNVKYWQFS2QR1XMA,8115,calor,2024-09-21
01JCVGZBR283ECNWWV3E5GV4R6,9748,calor,2024-10-28
01JCVGZBR2FXZ2S2W8EBQ3TDGN,3190,Incendios provocados (piromanía),2022-10-28
01JCVGZBR2FXZ2S2W8EBQ3TDGN,3190,Incendios provocados (piromanía),2022-10-29
01JCVGZBR359WN4Y9C9JPDBDCC,626,Deforestación ilegal,2023-11-16
01JCVGZBR3CBNN5H8Y1QD0A3XK,2363,Incendios provocados (piromanía),2022-08-31
01JCVGZBR4RVBBJQK9HXAF17ZX,4182,Fogatas mal apagadas,2023-08-04
01JCVGZBR41ZG56M70P2ZHCS8B,5495,Olas de calor extremas,2023-10-01
01JCVGZBR41ZG56M70P2ZHCS8B,5495,Olas de calor extremas,2023-10-03
01JCVGZBR4ZQEEVKP3BASZ2VCA,1701,Deforestación ilegal,2023-11-18
01JCVGZBR5J00846CR2NEEV8E2,6421,Incendios provocados (piromanía),
01JCVGZBR5J00846CR2NEEV8E2,6421,Incendios provocados (piromanía),
01JCVGZBR5J00846CR2NEEV8E2,6421,Incendios provocados (piromanía),
01JCVGZBR59GAC7BD1ANRJ3464,6084,Fogatas mal apagadas,
01JCVGZBR6FPVYVQ6ECADXK78K,7383,Olas de calor extremas,
01JCVGZBR6HF77CDDJ1CSXAQ2Q,1158,Rayos,2022-03-21
01JCVGZBR6RM2BFF0YR7ZRRKGM,8879,Fogatas mal apagadas,2022-06-28
01JCVGZBR70J9ZRP2Y22VG5XQR,9423,Olas de calor extremas,2024-07-07
01JCVGZBR70J9ZRP2Y22VG5XQR,9423,Olas de calor extremas,2024-07-07
01JCVGZBR72Y4BQDZKJ4MX0XKT,4772,calor,2023-09-03
01JCVGZBR8YD5JBQA24RX6B8CN,10000,calor,2022-08-20
01JCVGZBR8YD5JBQA24RX6B8CN,10000,calor,2022-08-19
01JCVGZBR8ZJQDPKZA1JZPM61R,456,Cigarrillos mal apagados,2023-04-15
01JCVGZBR8RPKXDC2WVCDZ27GW,4784,Olas de calor extremas,
01JCVGZBR92DSD3G3YDZWJ17F0,2791,Incendios provocados (piromanía),2023-04-07
01JCVGZBR9ME64R3ZVA6WCDDMF,1060,Fallas eléctricas,2022-06-19
01JCVGZBRABJ2948C5FNC8NXCA,3205,Fogatas mal apagadas,
01JCVGZBRABJ2948C5FNC8NXCA,3205,Fogatas mal apagadas,
01JCVGZBRARC1RQQB6PWFJ8MG7,48,Rayos,2022-09-17
01JCVGZBRA1Q2TCGTMREFJNNCC,4229,Fallas eléctricas,2022-10-17
01JCVGZBRBZNWBY8V70RF947ZW,6622,Incendios provocados (piromanía),2022-12-18
01JCVGZBRBPSKC20HB2G3FPZQV,2584,Incendios provocados (piromanía),2021-12-18
01JCVGZBRCX0REN4EPACPXBKJM,7133,Cigarrillos mal apagados,2022-10-07
01JCVGZBRCWCCAJTYMMR28DTJK,7071,Incendios provocados (piromanía),2024-07-21
01JCVGZBRCWCCAJTYMMR28DTJK,7071,Incendios provocados (piromanía),2024-07-19
01JCVGZBRCQZ2D4H5NC4FG8BYZ,4400,Olas de calor extremas,2023-02-14
01JCVGZBRDC4MA5CWC346EPS8J,1801,Cigarrillos mal apagados,2024-02-09
01JCVGZBRD90DZ5BHQ72N61BC8,6062,Incendios provocados (piromanía),2022-01-27
01JCVGZBRD90DZ5BHQ72N61BC8,6062,Incendios provocados (piromanía),2022-01-28
01JCVGZBRD90DZ5BHQ72N61BC8,6062,Incendios provocados (piromanía),2022-01-28
01JCVGZBREVZKFZYEPFE8CTE68,9182,Rayos,2024-08-24
01JCVGZBREVZKFZYEPFE8CTE68,9182,Rayos,2024-08-24
01JCVGZBRECYAZ5AKC9K79MZ2G,6572,Fogatas mal apagadas,2024-04-18
01JCVGZBRECYAZ5AKC9K79MZ2G,6572,Fogatas mal apagadas,2024-04-17
01JCVGZBRECYAZ5AKC9K79MZ2G,6572,Fogatas mal apagadas,2024-04-16
01JCVGZBRE91Z0Q9W0KXBG0RZN,3985,Rayos,2024-06-21
01JCVGZBRFNQSQBM4RSVXYRP1B,1289,Fogatas mal apagadas,2023-04-18
01JCVGZBRFNQSQBM4RSVXYRP1B,1289,Fogatas mal apagadas,2023-04-17
01JCVGZBRF94HQNPYGMDE0B2E8,7929,Olas de calor extremas,
01JCVGZBRFF8XH7NR5M7AGG325,3819,Fogatas mal apagadas,2024-08-31
01JCVGZBRG8XY0ERM62N2MBCN4,9375,Fogatas mal apagadas,2024-08-26
01JCVGZBRGAVGZPMWGBDT86KQQ,973,Olas de calor extremas,2021-12-01
01JCVGZBRHDM40411PRRMEXK6P,881,Deforestación ilegal,2023-03-20
01JCVGZBRHDM40411PRRMEXK6P,881,Deforestación ilegal,2023-03-20
01JCVGZBRHJQ3JSZKNSHJAD0GT,828,Olas de calor extremas,2021-11-28
01JCVGZBRHJQ3JSZKNSHJAD0GT,828,Olas de calor extremas,2021-11-30
01JCVGZBRJN2B96ZQCHDMRF51T,5592,Olas de calor extremas,2022-02-15
01JCVGZBRJD03VEFQMPT6FZ1GA,525,Rayos,2022-08-18
01JCVGZBRJG0431N3KXN9448RM,8111,Fallas eléctricas,
01JCVGZBRKRDDAPNT1E7JHPD0F,9141,Rayos,
01JCVGZBRKRDDAPNT1E7JHPD0F,9141,Rayos,
01JCVGZBRK3C764RCYVVPFSSAF,3082,Deforestación ilegal,2022-05-17
01JCVGZBRKVP9C9NTKN801M4D7,6284,Cigarrillos mal apagados,2022-02-11
01JCVGZBRMZBS2NCH2SHEF7974,4906,Fallas eléctricas,2022-11-12
01JCVGZBRMC00PZDR1ZA04RWRV,351,Fallas eléctricas,2024-05-01
01JCVGZBRMC00PZDR1ZA04RWRV,351,Fallas eléctricas,2024-05-02
01JCVGZBRN3QVQVFWAYB5TYDJ8,4558,Fallas eléctricas,2023-02-28
01JCVGZBRNXN6YSD1SPKNJMCGQ,3659,Cigarrillos mal apagados,2022-09-21
01JCVGZBRNXN6YSD1SPKNJMCGQ,3659,Cigarrillos mal apagados,2022-09-19
01JCVGZBRPZRHJE1AH3WS7AKJV,3172,Incendios provocados (piromanía),2022-09-30
01JCVGZBRPZRHJE1AH3WS7AKJV,3172,Incendios provocados (piromanía),2022-09-29
01JCVGZBRPH9FYMYVC8TT9HE6Y,2939,Rayos,2022-08-19
01JCVGZBRPE62SYCBAE6FXDR1A,8693,calor,2023-07-24
01JCVGZBRQ2D85XXWGBMJ2PY05,3093,Rayos,2024-04-29
01JCVGZBRQ2D85XXWGBMJ2PY05,3093,Rayos,2024-05-01
01JCVGZBRQS2MVABH6GWZV88AF,8600,Olas de calor extremas,2021-11-14
01JCVGZBRRZH0PVXBYCY9VDYFG,7317,Fallas eléctricas,2022-12-09
01JCVGZBRRZH0PVXBYCY9VDYFG,7317,Fallas eléctricas,2022-12-09
01JCVGZBRRZH0PVXBYCY9VDYFG,7317,Fallas eléctricas,2022-12-08
01JCVGZBRRAQSM84YYT0Y4B0V7,764,Incendios provocados (piromanía),2022-02-14
01JCVGZBRSN5GXVY43X4RJBPSY,1811,Fallas eléctricas,2022-11-14
01JCVGZBRS34WFV33B4VZZ8018,4216,Deforestación ilegal,2023-02-17
01JCVGZBRS34WFV33B4VZZ8018,4216,Deforestación ilegal,2023-02-15
01JCVGZBRS34WFV33B4VZZ8018,4216,Deforestación ilegal,2023-02-17
01JCVGZBRS34WFV33B4VZZ8018,4216,Deforestación ilegal,2023-02-16
01JCVGZBRSTDGAPA17MBRRP0WN,367,Olas de calor extremas,2024-04-25
01JCVGZBRSTDGAPA17MBRRP0WN,367,Olas de calor extremas,2024-04-23
01JCVGZBRTK276QCAF3Q1TCRHW,72,Fogatas mal apagadas,
01JCVGZBRTEWQZFN0E8MGP18CS,6191,Deforestación ilegal,2023-01-28
01JCVGZBRTEWQZFN0E8MGP18CS,6191,Deforestación ilegal,2023-01-28
01JCVGZBRTEWQZFN0E8MGP18CS,6191,Deforestación ilegal,2023-01-29
01JCVGZBRVGW9GE4NXAJBKYVJT,3469,Incendios provocados (piromanía),2023-08-25
01JCVGZBRWAEMNJPM3Q809KT77,2603,Rayos,2023-09-06
01JCVGZBRXCKAJBG6GS9MQ05W8,2014,Fogatas mal apagadas,2022-05-13
01JCVGZBRYK0TEDA65EF28DFJA,4399,calor,2023-01-01
01JCVGZBRYK0TEDA65EF28DFJA,4399,calor,2022-12-31
01JCVGZBRZNZF5P6NP7Z5QX8W0,9601,calor,2024-05-09
01JCVGZBS0QG5M84G6DA7A9EBK,5126,Fallas eléctricas,
01JCVGZBS0QG5M84G6DA7A9EBK,5126,Fallas eléctricas,
01JCVGZBS0QG5M84G6DA7A9EBK,5126,Fallas eléctricas,
01JCVGZBS0QG5M84G6DA7A9EBK,5126,Fallas eléctricas,
01JCVGZBS0Z27VFSJDVEGK19YZ,1956,Rayos,2023-04-24
01JCVGZBS12F9258JST0BNADMG,612,Incendios provocados (piromanía),2023-12-30
01JCVGZBS2WHN3FVSXS86YKH52,5944,Deforestación ilegal,2022-07-23
01JCVGZBS31C9MR4NR2KBZFQ1P,1467,Fogatas mal apagadas,2022-11-23
01JCVGZBS4FSSV159CV61RTQFW,4297,Cigarrillos mal apagados,
01JCVGZBS5RHWSYYHJRXZP6Y72,8266,Fogatas mal apagadas,2022-01-26
01JCVGZBS6WPWSAH7AXZTXRZ2A,2377,Cigarrillos mal apagados,2023-02-17
01JCVGZBS7GBZFEGDDRS888RSW,5260,Fallas eléctricas,2021-12-14
01JCVGZBTNVQW9WN3E8M2RKEF2,6317,Rayos,2022-06-13
01JCVGZBTP45CPY0T70NHZEB7J,9983,Cigarrillos mal apagados,2022-03-30
01JCVGZBTPZCGAE8N75XC3K1YW,3725,Cigarrillos mal apagados,2024-06-28
01JCVGZBTPZCGAE8N75XC3K1YW,3725,Cigarrillos mal apagados,2024-06-28
01JCVGZBTP4MGEV0AKVM14DJ3P,7232,Fogatas mal apagadas,2024-03-28
01JCVGZBTQ3S4ZMXNRM8Y7WD21,7776,Fogatas mal apagadas,2023-12-29
01JCVGZBTQWHP4T6GTEHAMP4CH,2289,calor,2022-10-07
01JCVGZBTRHHAM93Y2YFBTVH2N,7091,Olas de calor extremas,2023-09-23
