id_recreacion,capacidad,tipo,fecha,cant_personas,id_lugar
01JCVM33D1GTS15KFVNAEXS87N,1810.19,Camping,9/12/2024,3860,01JCVGPKGD542X82PVRP07KZD1
01JCVM33D30PXRRXWYD0FV6W2F,1514.15,Visita a parques Nacionales,9/23/2021,3142,01JCVGPK8Q8QHTV15M2X4Y6V4K
01JCVM33D3VXM7N2BR13GDEE6B,764.94,Festivales,3/22/2024,1159,01JCVGPKMM29P9WXC3WV67WGHB
01JCVM33D4Q1V5DWE9Y8QWATGK,2310.13,Pesca,4/27/2021,1932,01JCVGPKBCX2T0VGDGWKTZR3WD
01JCVM33D4C6KATJNA5K5RRXHV,1717.51,Festivales,10/14/2022,2074,01JCVGPKPAYMY8KP076XZHZB57
01JCVM33D51Y0FZ04QSX9N8D6A,1709.84,Senderismo,2/13/2022,2755,01JCVGPK52QJBKXZPJW97874FF
01JCVM33D5C88QSWXYFY6G7M0Z,2387.12,Camping,6/30/2021,4100,01JCVGPKW342BVRHZPYQAKBJZ9
01JCVM33D67Q1HWGGHQE967KCV,1494.89,Pesca,5/17/2022,2158,01JCVGPK4EPVT0VM1XSPVPRWTD
01JCVM33D71NZ6D4DPB948CBFJ,1043.37,Pesca,2/10/2024,1802,01JCVGPKMYWCV5S0VB14FYB2KT
01JCVM33D7R5E7T9302D9B4FGS,2495.41,Camping,8/4/2022,2724,01JCVGPK53453WG0KGAZ5ZZ5NR
01JCVM33D8BK8E9ZBJF54PWTAY,2816.44,Senderismo,6/5/2024,2480,01JCVGPK02HBT2RAABKHYZ090T
01JCVM33D8WWNJP1XFF4RKP2RB,866.84,Camping,4/17/2024,1841,01JCVGPJZMTPYGGC6QNX12M6FW
01JCVM33D96YNPB4ZFQAESGXK4,1342.04,Camping,7/7/2021,3437,01JCVGPM23SPZ90N3DJ23PYZA5
01JCVM33D96JFXRHTKHW62C2EZ,1060.19,Senderismo,9/16/2023,4410,01JCVGPKM9E3K8R7QHZQA1GCCJ
01JCVM33DAV3H70G2EG7C4S8YP,815.25,Camping,9/18/2024,1709,01JCVGPM09PDRTK001XYF0SYP0
01JCVM33DAS7FDGTP6TNT4DHZT,1536.82,Camping,1/1/2023,1957,01JCVGPK4EPVT0VM1XSPVPRWTD
01JCVM33DBZVCQBR9BM7CEBD9D,654.34,Festivales,9/13/2022,4310,01JCVGPKHX767YTVWGA0MCMTQ6
01JCVM33DBVY8QJYPNQJBBM7E6,477.12,Camping,9/24/2023,3744,01JCVGPK192J1JXAZ0SPE46XSC
01JCVM33DC3A3TX215ZYD2N8N8,1890.98,Visita a parques Nacionales,11/24/2021,1279,01JCVGPKZ5W9ZK3DP5V4ZVN5ZE
01JCVM33DDWT4J6VKRS5Y61N9D,2197.03,Cabalgata,1/28/2023,611,01JCVGPK1PBH32DFT2YPHVGGV6
01JCVM33DDYHAY24VP28H17KYC,2412.22,Senderismo,7/29/2021,3922,01JCVGPK0WFCF4FPJK4F49J3TA
01JCVM33DEVTZFSCXYZB7CN2W0,2700.42,Camping,7/1/2022,4246,01JCVGPK6NF0K6XPSMK8K5DM3Z
01JCVM33DFPREDN3WW2NBKGRCS,1814.3,Camping,7/24/2024,106,01JCVGPK4WN9BC7KCQYPR7T29G
01JCVM33DF6Z23NM3MY6H4KR01,851.82,Camping,1/27/2024,1784,01JCVGPK80R6JDCH9S5SBS56C5
01JCVM33DG6WVYEVRG7S97QCKJ,2278.18,Senderismo,12/13/2022,2112,01JCVGPKD43YK8G0SRMSKXYD8H
01JCVM33DGVJH4GYR6EYCJPN6T,2795.85,Cabalgata,11/25/2021,2826,01JCVGPK0Y4T910ZYQ8Z813TGV
01JCVM33DHSTX1ZD37NZ780Y1S,173.84,Visita a parques Nacionales,3/8/2022,340,01JCVGPKHTTYKXHR30ZP2EYMZV
01JCVM33DHJ02WCC7B9ZV0YBVX,2697.79,Senderismo,6/21/2021,480,01JCVGPKEJPJNNTE8TQAY7YHXP
01JCVM33DJCJTH6C8WKMCE26PZ,1014.85,Cabalgata,9/12/2021,2435,01JCVGPKRB8CBBPW7X5RYXMH76
01JCVM33DKGNQ630KN5KADEV4R,2603.88,Camping,1/17/2023,3777,01JCVGPKQSRA8DJ39S31Q7JBKC
01JCVM33DKYF4H18TED91WAH0W,2813.89,Camping,1/26/2022,3711,01JCVGPKDSZTWMZ6HGXE20KYD9
01JCVM33DMTM72G34ZKW97NXC8,2468.41,Pesca,8/7/2023,1295,01JCVGPK73ZZ1AQ82MG7QM8RD7
01JCVM33DN4NX6WJ8G9X956S57,1028.5,Festivales,5/1/2021,3764,01JCVGPKVZF2NJ5XW7K9RAR10V
01JCVM33DPT969NZJGE0J92DKE,2311.58,Festivales,12/2/2023,2599,01JCVGPKX6EX263GWFAJC9HJ0H
01JCVM33DQPYE4YDA1N4BBZH9Q,2375.94,Camping,8/21/2024,158,01JCVGPKX2JKN5H1B9Z2TYNFNW
01JCVM33DQDAXF767VKAY9WCW4,431.6,Pesca,6/2/2023,1385,01JCVGPM16X0KX8PQ0BTE7QPVX
01JCVM33DSEWE094CCJNYWKN24,952.29,Cabalgata,12/13/2021,3999,01JCVGPKVKQQBTVB3VX8YVN0S6
01JCVM33DT2EJ1MRS5CJJNZPMW,1729.34,Senderismo,8/3/2022,989,01JCVGPK4JM2DNDDRBWYFWSCVY
01JCVM33DTBBBBZ7WK4R0YPVWF,976.48,Camping,9/12/2023,4308,01JCVGPM2CBGNK7GFVN5QHV4ZC
01JCVM33DVC8X0S29P48CGQ6DQ,2307.68,Festivales,8/11/2021,3903,01JCVGPK8HYB7JRW8Y1SKH9WRY
01JCVM33DVS84F03VGECHHAPQG,1144.04,Senderismo,10/9/2023,2106,01JCVGPKH88NKZWDP6508AQFA8
01JCVM33DV4ZMY7X4J72XC0SXR,946.67,Senderismo,5/7/2021,2080,01JCVGPKYWX5QSK2JKA2K1KBHJ
01JCVM33DWV76JAFVPEW37QFAM,2619.95,Senderismo,11/10/2024,2426,01JCVGPKKSB3G9XQMQ0QRZG8AR
01JCVM33DWJ466P14XY6RMNKN2,1934.19,Senderismo,10/10/2021,1762,01JCVGPKD29W1X6FM9DA9DCHYV
01JCVM33DXT04CZH8AHVCQ7C4Z,2304.77,Senderismo,4/17/2024,2018,01JCVGPKZAD1W8RADWMT3KQ94P
01JCVM33DXYE60WMJ8EZNT3Z0Y,2086.44,Senderismo,2/5/2024,327,01JCVGPM1JNFZAP97HSB82NZ4C
01JCVM33DYBMD57N31RHE3X3T2,2340.67,Pesca,7/20/2022,2371,01JCVGPKW8QC4JEPY4RPD68VTX
01JCVM33DYCJG7C8PJG8EJFZ7J,850.81,Senderismo,11/8/2023,3851,01JCVGPK1CD5NQHBJPTNCSQSXV
01JCVM33DZMEGNF32XCYCQE5W3,2074.07,Camping,8/5/2022,852,01JCVGPKC8PGZCAYJMEPBPY2Q2
01JCVM33E0CWA8EY1PHDFN6GVN,886.01,Cabalgata,6/15/2022,2625,01JCVGPKYPJJ462CGW7FMR9CRH
01JCVM33E0S0713Z7EEQZE7XSE,743.65,Senderismo,10/10/2023,1404,01JCVGPKGZFCQYMY4SSC9Q7KGX
01JCVM33E18T6VJ0F36D93WJDJ,313.9,Camping,5/19/2024,2319,01JCVGPKM7VWSD042AKGH2DHF9
01JCVM33E172K0457CZ7JB14C4,2695.39,Visita a parques Nacionales,7/23/2021,1820,01JCVGPK4WN9BC7KCQYPR7T29G
01JCVM33E2CGGJETQH5CFPNVCY,216.8,Senderismo,9/29/2021,4245,01JCVGPK6YGA6S9EPB83NQ6XC4
01JCVM33E2AAWBWZ8N2VZKFC6B,1789.02,Festivales,7/3/2022,253,01JCVGPKX8GP72BDBH4FPPVQXJ
01JCVM33E3X54C2MT60QRP682E,995.45,Senderismo,1/16/2022,3112,01JCVGPKT5K48ENPFFJ4MMKMV9
01JCVM33E3V66W0NW0552SR2KP,796.82,Senderismo,5/26/2022,1601,01JCVGPK5NXWR7803GB94JD0SX
01JCVM33E467SVKSW30A4WXGPJ,2379.41,Camping,5/7/2022,1261,01JCVGPKQCQWDN8APMT12MV5GY
01JCVM33E4XSN0187FZJP8YQFX,2981.17,Senderismo,11/26/2022,2579,01JCVGPKSC9HK5A22GXFGRXZMX
01JCVM33E5T079REE6ZZZS5NV0,721.61,Visita a parques Nacionales,6/19/2024,3465,01JCVGPKQYT0J590FRWK2JSM0G
01JCVM33E6NCNPVTAWKGE7EN6Y,363.9,Senderismo,10/13/2021,3445,01JCVGPKPHGGMT2WZCJKVYJVQN
01JCVM33E7JE4HT90JKVD9JCFR,1419.33,Cabalgata,4/9/2022,3168,01JCVGPKFME12NSPR9KBCQX3PY
01JCVM33E8TAMHTJNMHQDXC9QQ,199.18,Festivales,12/22/2022,71,01JCVGPKN90SAC176YXH81Z8SW
01JCVM33E86AFCP1HKYH77BHM5,1467.02,Camping,1/17/2021,3603,01JCVGPK89AQQ179957RD8VG4E
01JCVM33E8WXRCR2HTMSN4YVF2,2306.43,Camping,11/18/2022,2783,01JCVGPKX6EX263GWFAJC9HJ0H
01JCVM33E972CRKA6755TPC5TC,2793.04,Festivales,4/19/2023,2321,01JCVGPJZZ6EFM4W6QT76QKHFN
01JCVM33EA9SBY84WVN4Y3GPA4,2695.42,Visita a parques Nacionales,8/23/2024,1531,01JCVGPK7F60NVRAJRBZ3FTAVX
01JCVM33EA1WDCNS2G849JENYC,866.58,Visita a parques Nacionales,9/17/2022,1719,01JCVGPKBWK1PRCJ9ZXJ5AQ431
01JCVM33EBXP53TKXJTX0Q1DNC,236.0,Senderismo,6/11/2022,3146,01JCVGPK6T3AQCSEM2VQNWY882
01JCVM33EBKGCM11SKH2EP5BTA,2485.27,Senderismo,3/18/2023,962,01JCVGPKSBRGR6SXJ64VZEPEJS
01JCVM33ECS0WRATA9RWA3EQDM,2182.92,Festivales,2/16/2024,4073,01JCVGPK9HPHF1BP8JYDARE0PN
01JCVM33ECQ8Y8VRFTKSPNS3C7,1357.41,Senderismo,6/26/2024,2398,01JCVGPKD4FSENX1PG0XHT9KXH
01JCVM33EDTZ38VYNJMK901B4M,847.42,Visita a parques Nacionales,6/7/2022,2314,01JCVGPK9HPHF1BP8JYDARE0PN
01JCVM33EDX3DJKMC8RP33FSC9,1656.59,Senderismo,3/12/2023,2699,01JCVGPKVE45XDPW9BED9KN27Q
01JCVM33EEPX73SA59JRP3EH44,1817.18,Pesca,10/2/2022,506,01JCVGPKFT94B017PT91GVA0PM
01JCVM33EF7V4T84A9Z3XXKQSB,1265.29,Senderismo,6/19/2024,543,01JCVGPK50768M8D7VK8GCXGH2
01JCVM33EHC1HVKXNZSQ965251,848.26,Cabalgata,12/25/2021,1448,01JCVGPK92AANJTMK87W7CBVGQ
01JCVM33EJZBVY9921KQ638R3C,2061.9,Cabalgata,2/13/2023,1142,01JCVGPKZ00VAH1S9FC6HJYKAH
01JCVM33EKKSN220EF12S7CP9B,1245.2,Camping,2/18/2022,1441,01JCVGPJZ82884VQM6FEF3WW11
01JCVM33EMSJSEVFCX73ZA3ED4,2341.8,Camping,7/10/2022,4139,01JCVGPKMRNS55CTSJR8K1ZGFQ
01JCVM33EPNW9EHWXBM30ESY7J,361.7,Senderismo,1/6/2022,912,01JCVGPKCK932VW7BT5SAZGM0E
01JCVM33EQ1GM66D4QAG0121P4,2669.61,Cabalgata,10/9/2021,3419,01JCVGPKGH136A3JP243X39EFF
01JCVM33ERF5J1Q7BYJMXWMM86,2863.43,Pesca,9/19/2022,626,01JCVGPKEJPJNNTE8TQAY7YHXP
01JCVM33ETEN948AW1QJ343RHQ,2255.93,Senderismo,9/7/2023,2183,01JCVGPKG66D2Q0RDH0HPT13BT
01JCVM33EV00JYKN5E0SXN4NT8,2189.08,Cabalgata,9/26/2021,4436,01JCVGPKKRHB3FZCGHSC4C14Z3
01JCVM33EWJPRWS5V6H55J89CH,218.31,Visita a parques Nacionales,9/3/2021,4043,01JCVGPKT2533PRRZ948Y7MVC0
01JCVM33EWTTDD1F4C3MAZT4TP,123.86,Visita a parques Nacionales,7/31/2024,1136,01JCVGPK7N6GFTXDBGEW62TP5K
01JCVM33EXTWGQQM1Z8NHQVE0N,1314.16,Cabalgata,8/13/2023,1736,01JCVGPKDWSKMZZV47C95NX9RF
01JCVM33EY60HNFN11SZTFD7P1,1662.09,Camping,6/22/2021,1129,01JCVGPKQK50TFBH9VPQPRJGMF
01JCVM33EY7AZT6NQVXWSHPD7A,286.46,Pesca,7/1/2024,1343,01JCVGPK47M2MG3DA25VM56DZH
01JCVM33EZGM5YRSRF0P8NP84K,1245.76,Festivales,4/2/2021,1647,01JCVGPKF5MFZTTZTG4HNQTQ5A
01JCVM33EZTDEV9BA5WWT1WCCK,2847.44,Camping,1/31/2022,1861,01JCVGPK4DWD9HG7CF69YWBSAN
01JCVM33F0427XR3MK8KYA8V7R,484.02,Visita a parques Nacionales,8/29/2023,693,01JCVGPK77GPFFW3E34269Q4DN
01JCVM33F0QQTA2RV9M3BSR52W,1971.57,Festivales,6/1/2022,251,01JCVGPK9HPHF1BP8JYDARE0PN
01JCVM33F1B3B08XYNF2TSD2RN,442.55,Senderismo,7/12/2024,2307,01JCVGPK0Y4T910ZYQ8Z813TGV
01JCVM33F1MZV619HF44GBYNCP,275.09,Camping,3/24/2021,2873,01JCVGPK5QM3J2VMT8DFFQV914
01JCVM33F2CTXGVEBSEGCGKQA0,336.42,Camping,7/22/2022,2102,01JCVGPKA95JQMYT5GZYNA88CJ
01JCVM33F2FPTASS3P5V4TR1FW,1372.09,Pesca,4/30/2023,1715,01JCVGPKQX77JRB5ZQYN9440J0
01JCVM33F3JC6YRJXD5H4EY8W5,2487.02,Festivales,2/9/2022,3001,01JCVGPKA8QDP5TH48ZEH400X4
01JCVM33F301XHKKER7CYKNA8C,2038.58,Camping,7/25/2021,2919,01JCVGPKVVRR3163ZBV27CJYC1
01JCVM33F4JTB6YEQ7G8FK89DR,2321.42,Visita a parques Nacionales,8/10/2022,1298,01JCVGPKVVRR3163ZBV27CJYC1
01JCVM33F4ZXMDQC4X97BX6DKB,2558.91,Senderismo,3/7/2024,3983,01JCVGPK5NXWR7803GB94JD0SX
01JCVM33F5V40CJG97WTNVG8A7,1471.1,Visita a parques Nacionales,8/19/2023,3045,01JCVGPKCHYGWTQH3WZKGEA55B
01JCVM33F59FPXYATH3KJ6JBVM,1538.19,Camping,10/30/2021,2048,01JCVGPKVJHF2J8D3V3C4381ET
01JCVM33F6JR2A80SNPWWFJNZA,2429.62,Camping,4/25/2024,4241,01JCVGPKAA1FC4A6ABA6YGFZ9M
01JCVM33F6KM5XM8QMSVVRMJNF,1795.31,Pesca,3/25/2021,1206,01JCVGPKSA46N1NFZFDJY70CV6
01JCVM33F7SSV65HV63S35N9DP,2669.97,Visita a parques Nacionales,1/16/2021,4037,01JCVGPKYX0DM3PK3JY6YKAD0Y
01JCVM33F7SXPYCCG1HZD7KNZH,1670.36,Festivales,3/19/2022,3050,01JCVGPJZ1M39Z16X2GYK7ATSE
01JCVM33F84Q3CK3RJBDJFR789,1658.85,Camping,12/3/2023,2782,01JCVGPKRKRGS0P60K0Z2VC0TK
01JCVM33F858QCW1DCG4XDGYWF,111.28,Visita a parques Nacionales,1/9/2022,2642,01JCVGPKQ8QPYNH6ESBTACCM19
01JCVM33F9TZQ4CX623DAKN778,2752.26,Camping,6/17/2022,3326,01JCVGPKJ0AZXEMY4VYZM6DS3N
01JCVM33FAZY0J21Q6F7WVKRT2,2278.31,Senderismo,4/30/2022,1240,01JCVGPKBW37XWDD1HF9QW1YB4
01JCVM33FA42A43KH3FAB714RQ,991.26,Cabalgata,1/15/2022,3345,01JCVGPKKKS9QQZWDFN6Z6QVTX
01JCVM33FB6N8QSS5F8Z80VTJJ,1946.55,Pesca,10/29/2023,4176,01JCVGPK5Y8W5QVFE8D5GYR2GY
01JCVM33FB143J6Y78V9C1WSE0,2854.95,Camping,9/26/2024,3845,01JCVGPKH3FNNMZ3SKSEGDSKKY
01JCVM33FCKV2588SC2BA8TEPD,1225.7,Visita a parques Nacionales,8/7/2022,2837,01JCVGPKZ4PPKZ8RYEFWJY1HPR
01JCVM33FCVJ0D6Z3K0ZKD2VNK,361.84,Camping,2/10/2024,454,01JCVGPKARQCFHJJRXF4802TKY
01JCVM33FC5PK65MZKXG64PD7A,2214.91,Visita a parques Nacionales,7/25/2021,160,01JCVGPM2BYBC6X6Q36KMH1R5Q
01JCVM33FDY6CSYWRCTCPG3SN4,2500.9,Visita a parques Nacionales,10/17/2022,454,01JCVGPK4QXJ10N0KVMBM6S64G
01JCVM33FEX70CVTX3KAG76R3V,2165.17,Pesca,4/19/2024,3572,01JCVGPJZFJJR89XNBS8ZEXT84
01JCVM33FESRAT92ESMPH9N5BN,2352.82,Festivales,1/3/2022,1234,01JCVGPM0HQ2GEWW8MMAGKXWT4
01JCVM33FFHX6KNS1DZ14YGSAX,2806.87,Camping,9/14/2023,3948,01JCVGPKCEWCEXC3TN26TXYAAA
01JCVM33FFQ93ND892D6CDEVFF,2651.14,Senderismo,4/24/2023,1757,01JCVGPKM0NT5RJWNMZ7HDYPJ0
01JCVM33FG6W3QRNFK6RBMKAQT,2577.3,Senderismo,8/5/2024,1016,01JCVGPKV4ENJF0QVPV23FQZS5
01JCVM33FGWTK1RWKBKACHBRF6,471.94,Visita a parques Nacionales,8/1/2023,363,01JCVGPKFPZN3H08JZ7ER872C3
01JCVM33FHG1F2SEB3774ST6C4,1818.61,Senderismo,2/9/2023,194,01JCVGPKNPD1914TDSKA4FE5BJ
01JCVM33FHC60M5NM5AWPX5XMF,1091.66,Camping,1/20/2023,673,01JCVGPKQ2YW9V4277Y79CZP1J
01JCVM33FJK9E32JDYK22C52V5,1221.5,Festivales,7/6/2021,4484,01JCVGPKKN4525C17251KZ88W9
01JCVM33FJFYVA4TH3RZ728V2Z,1656.9,Senderismo,3/19/2024,888,01JCVGPKMP1NH8M4NTPE5F4WKC
01JCVM33FK7TMKHHPSVZ64WYZF,1902.01,Pesca,3/13/2022,3643,01JCVGPM177PPZ8D0D23RCQ771
01JCVM33FKYMRR0AYGZ9M4DY29,2806.56,Cabalgata,8/22/2022,2739,01JCVGPJZR6WR3RM8FH9B3TYR9
01JCVM33FM3003C8D0EF2MKGY0,215.52,Camping,9/5/2021,1828,01JCVGPKHDY5N2ADKWN5E6NAYF
01JCVM33FMV2Y51JWSK89VVA6H,1127.59,Cabalgata,8/9/2023,3530,01JCVGPKYNDRFSJ2S7QV5R3TP9
01JCVM33FNKXQM698RN320S2P7,1316.93,Camping,1/31/2023,537,01JCVGPKAG1EWJ7AAM9Q8H4AAA
01JCVM33FPY02YD8MQBJ0FSHK3,2266.27,Camping,5/23/2021,2180,01JCVGPKH3FNNMZ3SKSEGDSKKY
01JCVM33FP3M4BBMD6F1E4960P,250.46,Festivales,9/20/2023,3726,01JCVGPKGD542X82PVRP07KZD1
01JCVM33FPS7ZG1B8K5E31SP0Y,656.72,Camping,5/23/2022,974,01JCVGPKXV38AZT5W4GF7GHSGS
01JCVM33FQX1WV2EW9ST7T30ER,88.76,Senderismo,6/16/2022,3835,01JCVGPKKJVG2KX4WYZHBSYKE9
01JCVM33FQN1FWG78H138KJ9TQ,980.88,Senderismo,4/9/2024,2190,01JCVGPKZ5W9ZK3DP5V4ZVN5ZE
01JCVM33FREP96QBVHE1VQ3P77,2046.97,Festivales,5/4/2022,269,01JCVGPKGD542X82PVRP07KZD1
01JCVM33FS7HN7RHW3AHMSJDAB,618.05,Camping,2/16/2024,2443,01JCVGPK90D7KMCT38MYPKC65P
01JCVM33FT6KK30PD8SSAZX3PA,1233.53,Festivales,11/13/2022,629,01JCVGPKAQJ2ZPXMY3AQ918JX0
01JCVM33FV4XB1Q8NQ9ZM6V1D3,728.43,Cabalgata,11/27/2021,78,01JCVGPKR6CE8CJWD47JGDSG0D
01JCVM33FWKNNZPNRWNRQM797Y,458.46,Senderismo,12/4/2022,3156,01JCVGPKZSN1M8MD00D2HCTHWP
01JCVM33FW5TKYV2E65YGST2X0,2600.62,Pesca,10/1/2023,1248,01JCVGPKDECHQ93NWPFY7TBQ9X
01JCVM33FX71XTPFM9P46G9KQK,2266.54,Camping,2/28/2023,1194,01JCVGPK84NA662E4KZEN15V7W
01JCVM33FYQM41CTRMQ7RXF93H,1197.36,Senderismo,7/27/2022,3972,01JCVGPK5BAG58F5VFRREH3283
01JCVM33FY8HRXJJMBPGGRC7X4,2530.83,Festivales,5/4/2021,4001,01JCVGPK3STKDDQYR2W980H169
01JCVM33FZ9PNPHFK3JKJRJER6,914.16,Senderismo,12/14/2023,112,01JCVGPK8CA51GJ1WSVGVRCBH8
01JCVM33FZMHPYTM1Z5PY65XQC,851.28,Festivales,7/29/2022,549,01JCVGPKVSSJMJJRR9CN1T3KGS
01JCVM33G0A99JWSFWJPHADNXC,1430.25,Festivales,1/12/2022,219,01JCVGPJZ65ADZPR7DRHTBHAJY
01JCVM33G0ZSYF22VGMZY32MM3,1760.72,Cabalgata,4/13/2024,1508,01JCVGPKAJV5QVRN90YRYYM4D8
01JCVM33G1SWXGG6AATVEZR8RQ,2772.75,Senderismo,5/25/2023,1600,01JCVGPM1XS211EWYXBK2GX4H8
01JCVM33G23BA53ZATK63YGHWM,2096.73,Cabalgata,2/7/2023,173,01JCVGPKAP1MR24AG19NX62Y49
01JCVM33G2EB7D31SJK9GAC0YT,903.64,Cabalgata,9/19/2023,1159,01JCVGPKTZ1VX46GV6A2KN1TNP
01JCVM33G33G2KJYST7S8YHQE0,1502.47,Pesca,4/8/2022,2280,01JCVGPKVSSJMJJRR9CN1T3KGS
01JCVM33G34WBS98S4YPHGRYYB,2839.13,Camping,6/12/2021,3823,01JCVGPKYGTK23G3HPSTM1Q4GY
01JCVM33G4VRCH0GTB8AS0ZSR6,455.57,Pesca,9/5/2024,2723,01JCVGPK1CD5NQHBJPTNCSQSXV
01JCVM33G4QV87VPYAXCGDW3NY,911.87,Visita a parques Nacionales,12/27/2023,2393,01JCVGPKZDZS2N8MDKAMMD41R9
01JCVM33G5YV6Y4J9CYQS21DDW,432.38,Festivales,1/17/2021,334,01JCVGPK4C3PA7QB9E6ETAY03T
01JCVM33G5B01Y28XNRBZYF216,1063.25,Senderismo,6/9/2024,1644,01JCVGPM2A4QZ9S1JY5NNKK3DK
01JCVM33G6C46JASABSWQ23JWT,1339.27,Senderismo,3/21/2021,3066,01JCVGPKYKM7YQZGNPN2ZTDPHD
01JCVM33G68PWP51F6V5RB0WBD,1445.71,Pesca,4/21/2021,3911,01JCVGPKF987S6A3DVYJTTCAJT
01JCVM33G7SX18KBMVKVBH7A8E,495.21,Camping,8/23/2024,2652,01JCVGPKHQB0BW46J2R3D6F5YS
01JCVM33G7SBWF2R66325KXBPX,1927.09,Cabalgata,7/23/2023,4099,01JCVGPM0V6S7WY5GXV0P86NAP
01JCVM33G8XW0AB3B45VYJTHED,2306.97,Senderismo,8/19/2022,834,01JCVGPKVGGY9KXNN5KGCZYM1X
01JCVM33G86HFH6YFB79QHWWR0,379.91,Visita a parques Nacionales,8/29/2022,3672,01JCVGPKF5MFZTTZTG4HNQTQ5A
01JCVM33G9MJFC7C308BQE48HN,2169.84,Cabalgata,7/14/2021,1909,01JCVGPK54TBFNJR1F90CJDD3H
01JCVM33G90G68GH38834SWT6J,775.63,Cabalgata,2/13/2022,4063,01JCVGPKDZCXMADABPEXD7QKZH
01JCVM33GAX9B1X59CAG5AJHWP,991.44,Festivales,8/11/2022,3159,01JCVGPK1G4XTM0HJ1F0E2W29B
01JCVM33GA0ZMPGSGQG0Q6F40N,2099.24,Festivales,8/15/2022,339,01JCVGPK098ND6AJN4JVH6G66Z
01JCVM33GBTKM3EEWRTZ969NWS,2492.77,Camping,9/13/2022,3102,01JCVGPKV9SBB4BNAAD68JZ1F1
01JCVM33GBM03TE20Z06509CMV,1937.29,Camping,1/31/2024,147,01JCVGPKVTKVBNWVBZZAEFB23H
01JCVM33GC0CMZMBMXNGFA8220,110.12,Senderismo,10/9/2022,1186,01JCVGPKX24FC0K06GCEBN227S
01JCVM33GCK8AYREVMHQYVRFYP,794.69,Festivales,5/1/2022,3198,01JCVGPM177PPZ8D0D23RCQ771
01JCVM33GDT3FKSJQ89ZTYT02K,1342.67,Visita a parques Nacionales,1/11/2022,2803,01JCVGPM07WDGXZ3WVB9FPJEC3
01JCVM33GDMMY62623JT1KN2P7,2682.31,Pesca,9/30/2021,3372,01JCVGPKYCQQM2N1TTCT9GPW9Z
01JCVM33GES2V44R9S4BNCDVGC,2842.66,Festivales,4/14/2023,2414,01JCVGPKDXJD1P4AMZM0XXGYSB
01JCVM33GE06NN61W0S9H0TTKD,2614.78,Senderismo,10/22/2024,397,01JCVGPJZ5TTZXC07DPF4S0MMF
01JCVM33GE65NZ92A52ZQP3EJE,2051.88,Camping,4/12/2023,2775,01JCVGPM267KV16J04BVK4TWAQ
01JCVM33GFYZ5FC6AEYD4YJ3V0,901.67,Visita a parques Nacionales,11/5/2021,2703,01JCVGPK7X52S4WZN7BPEKZ6JH
01JCVM33GFNSQH6ZZFW2XJE5BN,392.61,Camping,8/29/2023,3439,01JCVGPKH78N6FHKAC0367ERXC
01JCVM33GG5G001G0YKJ6B09XB,2234.46,Festivales,7/13/2023,1455,01JCVGPKQ3T0WWRF3Y8ZATA3F2
01JCVM33GGQ23ZQ8JJWZQ3WZD0,145.64,Festivales,11/26/2023,2781,01JCVGPK60NTEJ8099S4B7P9H8
01JCVM33GHXYSE0NGD7F6B0RMM,1295.22,Festivales,10/22/2022,1491,01JCVGPKKGCMYTF4N1W7YJ2130
01JCVM33GHCNYB8PPQWQW7GQYQ,2214.29,Senderismo,7/29/2021,1853,01JCVGPKWW82JV6NPGPAPRWJ8H
01JCVM33GJKWGMW8Q96PSP5ECS,728.22,Senderismo,4/14/2024,2753,01JCVGPM18V4VXESF8NG5930G0
01JCVM33GJZTQGJJ4KGFK1E97Q,1618.89,Pesca,6/10/2022,426,01JCVGPKZ40H2S3Y38G1YD72EF
01JCVM33GKA8ADKMXC2A8M5DNJ,2636.64,Pesca,5/11/2024,61,01JCVGPKA249DQ00WTZCKAZN1P
01JCVM33GK2HECZF39KVQGENWA,171.53,Cabalgata,11/16/2021,2206,01JCVGPK5BAG58F5VFRREH3283
01JCVM33GMFXFPJ8JFETH28QCE,207.87,Senderismo,10/19/2023,2016,01JCVGPK3XARFCH1M93F961XB4
01JCVM33GMJ019EM97JAKT8H5H,2025.73,Senderismo,2/16/2024,350,01JCVGPKT3EM9AYR02RRBS1KW6
01JCVM33GNDB5XT9SMG6JMKD10,2257.52,Senderismo,7/28/2024,2548,01JCVGPKGKPHC1BGR72FERY56R
01JCVM33GN4T43D061HDP42B1X,643.07,Camping,9/20/2021,2923,01JCVGPKZ00VAH1S9FC6HJYKAH
01JCVM33GPNH5Q4PBYS1H38M3V,2792.31,Visita a parques Nacionales,9/20/2021,1979,01JCVGPKWMGGD4MS6FBZW5J54E
01JCVM33GP15RK99630S48TERA,1458.69,Festivales,11/25/2023,292,01JCVGPK17Q882B001B1ZX6NJR
01JCVM33GQ038KJSSA8Q9E8GZ8,745.71,Senderismo,6/30/2022,4139,01JCVGPKKWJZC21Y76H1DZAD7V
01JCVM33GQNN4SZPYM7RXH3713,960.18,Senderismo,10/1/2024,2099,01JCVGPK80R6JDCH9S5SBS56C5
01JCVM33GRE5JN5ZHZWYKRKXZF,2606.2,Pesca,9/18/2023,3423,01JCVGPM16X0KX8PQ0BTE7QPVX
01JCVM33GRRAJ1NZNEDD5CQ878,2221.53,Visita a parques Nacionales,1/26/2021,503,01JCVGPKSV3G4FV54RY2G497J6
01JCVM33GSJTV5T2TVBYDG5XX5,1535.41,Camping,12/31/2022,2307,01JCVGPK75MVB9HH6S6MTH2CT1
01JCVM33GTBVMSS808CWCS6S0Y,1477.56,Camping,2/8/2021,1490,01JCVGPKZAD1W8RADWMT3KQ94P
01JCVM33GT6Z61HTKGWJC26EM4,1756.67,Festivales,11/9/2021,3561,01JCVGPK5Y8W5QVFE8D5GYR2GY
01JCVM33GV1M637GK9HHZYFSN8,2643.09,Visita a parques Nacionales,5/10/2022,702,01JCVGPKAKXMDQ000VNCZJWCE9
01JCVM33GV50BYM7TVZ84FQGKP,2980.35,Senderismo,2/12/2021,2984,01JCVGPJZHXCPBMMWNVPS82VJ5
01JCVM33GV9D4R1SYQR7P3FMAG,1493.44,Festivales,8/1/2022,2499,01JCVGPK58BJKHM8CSPA8MY9NR
01JCVM33GWYYBMSDVF5JDBNZZY,1100.64,Camping,1/18/2022,1148,01JCVGPK0GMBSHY5YJ8SGJ6TFW
01JCVM33GWJS7CYNXEJMEWAFAA,2081.99,Cabalgata,11/10/2024,573,01JCVGPKHB6QYGC569HM532C7P
01JCVM33GX61A9NVG090WHJ44V,364.93,Visita a parques Nacionales,1/10/2022,3077,01JCVGPKPM1C1YF4AD7WMCAMA9
01JCVM33GXRH8D37D3HPZN4ZCP,1594.13,Visita a parques Nacionales,8/15/2022,1341,01JCVGPKFPZN3H08JZ7ER872C3
01JCVM33GY2TWH0E8W1X0GRD62,2031.27,Camping,6/14/2023,3227,01JCVGPKTFDZ4M7MY413VFCRFY
01JCVM33GY8BECKBC11Y47E3AY,1390.24,Senderismo,2/3/2024,1439,01JCVGPKQSRA8DJ39S31Q7JBKC
01JCVM33H0W9C8M850W036ZC3M,1497.6,Pesca,11/8/2024,3830,01JCVGPKHDY5N2ADKWN5E6NAYF
01JCVM33H02W4ZY9FZF2DCPDJV,2553.25,Senderismo,9/29/2022,1068,01JCVGPKFT94B017PT91GVA0PM
01JCVM33H1D0JVHSP3HEB3BKT3,628.9,Festivales,7/28/2021,1136,01JCVGPJYC703DRMSGEW1TA2F2
01JCVM33H1RV5B3ARXPH311HD6,482.64,Senderismo,8/23/2024,3358,01JCVGPKH9EZX3REQR0CAW1JYG
01JCVM33H2NTBR92S7Q4RSSY9G,1424.18,Festivales,7/16/2021,1548,01JCVGPM1YCJV3ZCX4NGXF7Z1Q
01JCVM33H35C8Z1TCB5S4JCPPP,1795.11,Senderismo,10/5/2024,1070,01JCVGPKN2Q6KKWJBPMXXA16M2
01JCVM33H3VRAVD87W4JJBKNNZ,432.58,Camping,5/21/2022,167,01JCVGPKRKRGS0P60K0Z2VC0TK
01JCVM33H4Z00BV0QSTANTCGPQ,1893.66,Senderismo,3/18/2024,3744,01JCVGPKT70SASV43QGMVX9JC5
01JCVM33H425SAMSB1HHEF0DJF,2586.72,Camping,11/9/2024,3143,01JCVGPKMQ821DF67395VKJEVQ
01JCVM33H5TVY3JY103Y1KYQ0W,915.75,Pesca,1/7/2024,1251,01JCVGPKX24FC0K06GCEBN227S
01JCVM33H5J5QGHZSWJ1ETWG3Q,2143.79,Camping,3/13/2023,1547,01JCVGPKGH136A3JP243X39EFF
01JCVM33H5V8DWGAMWAFWDD2MJ,2769.28,Pesca,2/15/2022,4452,01JCVGPKR2ABFMXGB6PD32B1DG
01JCVM33H66186N8FVC9A0V7WP,649.86,Visita a parques Nacionales,4/25/2024,1468,01JCVGPKTA19A8R1P2D78D7A9V
01JCVM33H6F3BYEXXM0MMG0PVD,1772.4,Festivales,4/20/2022,296,01JCVGPKYAZTTA3Y5AW0BJGY0R
01JCVM33H75Y95WFPNAEA2C0VH,1372.21,Camping,4/26/2024,3169,01JCVGPKCD6CZSS4JXR4AED50M
01JCVM33H79P78NN1CSG5GKSWR,785.8,Senderismo,4/12/2022,2369,01JCVGPM2BYBC6X6Q36KMH1R5Q
01JCVM33H87FA8KJGKB0HPXT7E,2933.26,Visita a parques Nacionales,8/17/2021,3728,01JCVGPKD29W1X6FM9DA9DCHYV
01JCVM33H8WCV7JWPJ5CN7QKWT,625.58,Festivales,1/18/2022,598,01JCVGPKKACEFN0ZX2FDDNBD7A
01JCVM33H9F30M27BCKB3QZSZR,2952.11,Senderismo,11/2/2021,2002,01JCVGPKD76X02WR5GQ1ACGFD2
01JCVM33H9ED35VFXD7HNNY0YB,498.26,Senderismo,10/18/2022,770,01JCVGPM1KSBEVQGV83VVVZRNV
01JCVM33HANZKSDMCMF1DBDTAY,1505.78,Camping,5/2/2024,1659,01JCVGPKC9YBNB3QA8Y7SGKE91
01JCVM33HAAKSARACQXAJAHM7M,1123.73,Senderismo,2/21/2023,1977,01JCVGPKQ1KMAT5RDZH5MGS1TS
01JCVM33HB8NR86AY9A7X4E66M,2030.42,Visita a parques Nacionales,4/5/2021,3526,01JCVGPKAW8Q0NEAV31392DYQN
01JCVM33HB1WGB36B98HMHK80S,575.1,Camping,5/9/2021,1282,01JCVGPKYJFXECACR8MSRQA1XF
01JCVM33HCDZGBY58BDYWX1QA3,1379.32,Senderismo,1/12/2024,3551,01JCVGPKY2JYZCCM4K70ANKZV1
01JCVM33HCZ7SBKZCCT51VBY3G,101.31,Camping,4/4/2024,3745,01JCVGPKRVKPA8969GBV4J11TA
01JCVM33HDX5Y0HT4K1JD58KYG,318.19,Camping,6/13/2024,2411,01JCVGPKAW8Q0NEAV31392DYQN
01JCVM33HD3SAE17SSNSJ8KZNQ,2519.65,Senderismo,8/23/2024,1860,01JCVGPM1H9MP7F539CXRP2RFA
01JCVM33HEMBS2H13AF12M0RJJ,1119.76,Visita a parques Nacionales,5/11/2022,3132,01JCVGPKZ5W9ZK3DP5V4ZVN5ZE
01JCVM33HEH5ECV8YPW2J63YEF,2096.17,Senderismo,4/24/2021,3083,01JCVGPK4YXGHFHCKYKZGYCMZV
01JCVM33HF0325YVPBRMG6MEZG,1832.6,Festivales,5/15/2021,1976,01JCVGPKE9P509BS40MT53WB2B
01JCVM33HFQWK4VKAZJ20GQWVR,365.57,Senderismo,8/11/2024,2221,01JCVGPKV74D93Y1HQTTJCQ1JN
01JCVM33HGCS53T4A1W646CD7F,1525.95,Visita a parques Nacionales,4/5/2021,4389,01JCVGPKGSWHRPRGWZZP077031
01JCVM33HGS87VQDAX2T19PJRN,2407.41,Senderismo,12/29/2022,4028,01JCVGPKY7B68J08BX24TJFCJ5
01JCVM33HHJ8HK1KXZR7XMX3CG,2335.14,Senderismo,9/7/2024,1040,01JCVGPKCY4KQX0CH7AVR1TEJH
01JCVM33HH8E34Q9V2SB2F3S0P,1731.16,Camping,5/9/2022,3540,01JCVGPK48E3ZK2QXJ7QBS6VGZ
01JCVM33HJDHPQPGFMZVNN98J9,936.67,Visita a parques Nacionales,2/1/2023,2419,01JCVGPK9TDFMNT1CK592PK91E
01JCVM33HJ1SW33MN4BHC2V35J,1167.99,Senderismo,2/15/2024,4357,01JCVGPKNDZWWH9EW7K6VZM35Q
01JCVM33HKFT48G7E1X9F02FZR,1610.74,Cabalgata,10/21/2022,1406,01JCVGPK0QRXMPWNTYZXZG8KSZ
01JCVM33HK3VEW2Q71QENPM3EP,637.21,Visita a parques Nacionales,10/17/2023,3052,01JCVGPKKXFM7THPRGDN4BH33J
01JCVM33HMM6MJY50RTWPNTE8Z,727.0,Festivales,6/20/2022,2383,01JCVGPKCBP8RKSHXQ31EX396E
01JCVM33HMZCE7CTYT8HJTE7RS,2675.68,Festivales,12/31/2021,641,01JCVGPKWYFNGJ3TKQ7B1PSXHR
01JCVM33HN7JDYVJMC4PKGRAT1,1637.82,Pesca,4/13/2021,4330,01JCVGPKRN0RF5FMFR34A9M4YR
01JCVM33HNB1ZZ6M7FYXC6QZG4,1709.79,Visita a parques Nacionales,2/12/2021,3055,01JCVGPKHEQCQ4GC01H20SRQ42
01JCVM33HPENXG0156JFQ3SSBQ,82.59,Camping,9/5/2023,3040,01JCVGPKHQB0BW46J2R3D6F5YS
01JCVM33HP72NJP0WCV7HCGJ8S,1031.82,Visita a parques Nacionales,8/31/2021,467,01JCVGPJYTR18Q7QY4S4T9YX7W
01JCVM33HPV0DS8DCKNME0CPS1,1658.23,Cabalgata,10/5/2022,3954,01JCVGPKJ1SAZDC5ZV5AZEJEZT
01JCVM33HQ1B0EDJ88Z175T2W9,977.12,Camping,9/2/2022,4244,01JCVGPKAFYZPCSD8ZVDEPCPVC
01JCVM33HQ9ZFA85GC7FRC7V0R,2544.55,Pesca,5/17/2023,740,01JCVGPKNQGQQAZNCSN9TPCVQV
01JCVM33HRAN6Z00E4X9RNTJ72,745.08,Festivales,7/1/2024,2717,01JCVGPK7671WTYSC1VNMA9G4G
01JCVM33HRGGMMZQDS2FTAJYQE,477.03,Camping,9/12/2023,3584,01JCVGPKPM1C1YF4AD7WMCAMA9
01JCVM33HSSYQRA6220TD9F3K9,1526.5,Cabalgata,11/15/2023,2322,01JCVGPJZJX015K0F851R1HYEJ
01JCVM33HS8PSD1QWJ43W71GCZ,2970.86,Pesca,1/16/2022,723,01JCVGPM03G1DR1XF55VWAC66Y
01JCVM33HT8A6ZQ09V8FJZAX3H,1942.92,Festivales,7/20/2023,2466,01JCVGPM1JNFZAP97HSB82NZ4C
01JCVM33HTHA27TWWFMGQBT51J,739.46,Camping,3/25/2024,1227,01JCVGPK8Y7SH4X3YVN5VKHQ5M
01JCVM33HVGZ09N2W60ERR2G0J,879.05,Pesca,2/11/2022,3509,01JCVGPJYHXTBZ1JZXB4PCSG07
01JCVM33HVDXDGQADTTY1Q3405,2462.35,Camping,12/2/2021,2359,01JCVGPK5PWCXFG0326S63XYRR
01JCVM33HW7FDP4Q570SH8QMA2,2612.21,Camping,5/2/2023,3909,01JCVGPK54TBFNJR1F90CJDD3H
01JCVM33HWAYJHGH81NWP1RVE6,1869.43,Camping,3/24/2021,4329,01JCVGPM0R9K3DP865F4QRYB6T
01JCVM33HXSVDN5SMMWGX515PD,1807.19,Pesca,12/24/2021,2222,01JCVGPKZRGQT4NFDB82WT8R16
01JCVM33HX7CRPT70YE797WM1H,436.93,Festivales,2/17/2024,674,01JCVGPKAA1FC4A6ABA6YGFZ9M
01JCVM33HYND2ANV8CE3GNAJC0,2882.49,Visita a parques Nacionales,4/1/2023,1559,01JCVGPM13AKVW0YR787A2F4HY
01JCVM33HYJZG5T9EQK9TF14FX,1649.49,Cabalgata,8/2/2021,3838,01JCVGPKMHB6PB6FTFQ2WQ7EDH
01JCVM33HZ45Y7ENE8PSRSCTW4,1810.14,Senderismo,5/3/2024,1346,01JCVGPKS6454W4Z2ZQ1TPMT7V
01JCVM33HZN7FSZE57GB7R3XKE,543.66,Camping,12/5/2023,2574,01JCVGPK66YJT0PZZSCV9CHXV2
01JCVM33J0VSRRCHCE51NAQYG2,70.97,Camping,4/29/2024,2284,01JCVGPKTPXXER2X8ZZPQ0SBTC
01JCVM33J0FPPX8VRNWWE4A4HZ,215.55,Visita a parques Nacionales,3/29/2023,3275,01JCVGPKW1XWT5BWJR22YVHV7W
01JCVM33J0TAD6TMDBDYPDAQSC,337.73,Camping,8/10/2024,3170,01JCVGPK7AHV2D1RE8WN63QH5V
01JCVM33J1H0R8FR8HMGZHM45S,2613.76,Cabalgata,11/14/2024,396,01JCVGPK1EN4GQC140ZRJ5A0GA
01JCVM33J26TJS86SV5MKQX8WY,1180.55,Senderismo,3/1/2023,1574,01JCVGPKSFNK9EQQ9CY97X5TAW
01JCVM33J2QJPRSPWDHCD4XCHQ,217.29,Senderismo,11/10/2022,4182,01JCVGPK0XA7SW0AETGEEMMH1K
01JCVM33J3Z9TM510X46CW6J33,524.17,Camping,2/9/2024,3617,01JCVGPKNEE3C4WNQY6CR0EF0R
01JCVM33J3V6FW1DD5PXP5Z56N,646.84,Pesca,12/19/2021,2623,01JCVGPJYJAPZB81K43TDMW7KV
01JCVM33J48BGXN012Z74SBJC4,2808.82,Camping,9/13/2022,681,01JCVGPKREJ11V772ZD1NG7BNE
01JCVM33J4S85D15X6XQNMK5JN,877.69,Senderismo,8/1/2023,3574,01JCVGPKPZEEZVB4E5J0BQE5XV
01JCVM33J5JZNZ5C24TR73PYNT,1105.17,Festivales,8/3/2023,3708,01JCVGPKDE3E4R0FD4WQ64GPPT
01JCVM33J57FDFEQXH667HY411,2393.13,Festivales,1/24/2024,961,01JCVGPKT19D53MPZW9R33FYG6
01JCVM33J66XYFXQ4Z9GQWFB8Z,1027.34,Senderismo,10/23/2023,235,01JCVGPK0FMTFEQ0VKB538HRPF
01JCVM33J69FQSFN2GX23Y2EK5,2269.02,Visita a parques Nacionales,4/23/2021,3167,01JCVGPK0FMTFEQ0VKB538HRPF
01JCVM33J7M3D9GMWMR3HA4QP4,2090.08,Cabalgata,1/21/2023,768,01JCVGPM0MG2P81686BCHZX76Y
01JCVM33J71RCKQZ01T9XRZPS6,2569.25,Senderismo,8/11/2021,298,01JCVGPKX1GWRAT7F874QVMV4Z
01JCVM33J8QCJH2GDCR6JD85NX,2314.88,Camping,8/6/2023,2793,01JCVGPKF77D7EHXM1MHT2NM75
01JCVM33J8GV12GX9WAGPM48SS,1605.57,Festivales,8/14/2022,4341,01JCVGPM2CBGNK7GFVN5QHV4ZC
01JCVM33J9XP6FX8N5PNRGNHYH,186.59,Senderismo,5/29/2024,3940,01JCVGPK0V8GP22PKYGA7Y61M0
01JCVM33J9Q0YY8Z4231W3446M,1695.86,Camping,7/14/2023,2507,01JCVGPKSW1TGYW8CRDXZNC9MM
01JCVM33J9W5Z4Q3KW20EDPBAK,896.65,Senderismo,12/23/2021,3444,01JCVGPKW6B1SFY9GXX48HZBP2
01JCVM33JAVA7FE3M9Y9Z0BCW8,751.6,Senderismo,4/8/2024,3756,01JCVGPK9WBPC3XP57VB61F103
01JCVM33JB1EBS368HGZH4QM3S,2971.63,Senderismo,9/11/2023,1116,01JCVGPKR47NNGF8AWC5EMMF2D
01JCVM33JB930G1921B4ME02P3,238.87,Visita a parques Nacionales,11/21/2021,2433,01JCVGPKTF1CF07YPW9GNDZCM6
01JCVM33JCKE8EK8HXK1MESGQ6,1803.04,Senderismo,1/9/2022,3650,01JCVGPKNWBAB3PYQRZH1910NP
01JCVM33JCHZC5W8FX74H0E9AW,1641.52,Cabalgata,7/10/2021,2350,01JCVGPM0A46H269V475950PV4
01JCVM33JDTMT1WJGQ1X887RPF,2071.73,Visita a parques Nacionales,9/3/2021,452,01JCVGPK8HYB7JRW8Y1SKH9WRY
01JCVM33JD388QKCGFM72M5C7C,1974.25,Senderismo,9/3/2024,3231,01JCVGPKZ40H2S3Y38G1YD72EF
01JCVM33JD7DTZD9GJAMTTNZG6,2172.03,Visita a parques Nacionales,4/18/2021,3805,01JCVGPK4BKRA6A8MBSBQ2QV1H
01JCVM33JEPQ48NB2CGK46PE88,2500.45,Festivales,3/2/2021,2079,01JCVGPKHM5C7ASF0G6JVWTZJD
01JCVM33JEH2CS8KV2A7SQ7QRH,2631.49,Camping,9/14/2022,3888,01JCVGPKHM5C7ASF0G6JVWTZJD
01JCVM33JF4NTKCC4MCFZNR9SH,1844.5,Senderismo,11/28/2023,1784,01JCVGPKTM8QW6VDZKNSEBEZW9
01JCVM33JFA3B3TE3N8MRCKRJ0,330.83,Senderismo,9/7/2021,2611,01JCVGPKCWX7P9R8QTJ2EQ78E0
01JCVM33JG7V8CQW3GWNGZSGCT,1788.94,Camping,5/24/2022,2958,01JCVGPM0ENFYH6BE4JNP89XPS
01JCVM33JGJTSQQ085PZCXHRAY,2203.6,Camping,3/28/2024,3710,01JCVGPK6CMKPQQ4SY5SPAP6X8
01JCVM33JHD429566RQQ963S64,2737.43,Festivales,9/4/2023,573,01JCVGPK4WN9BC7KCQYPR7T29G
01JCVM33JH5GG1VS9QGRRA93KB,1045.78,Camping,12/14/2022,1096,01JCVGPKY0H2FZRZNQ9T2CBG38
01JCVM33JJA4D4C9ENEAWYMZSQ,2781.66,Cabalgata,7/3/2022,2703,01JCVGPK15R3V5DXRBRD3DZ7G0
01JCVM33JJNWP6ZSDDJZX9MQEK,1542.33,Festivales,4/19/2023,356,01JCVGPK6J1SJB0JMSDJV301MR
01JCVM33JK4W6P469WER9WV78K,1449.59,Camping,7/25/2023,3606,01JCVGPK3ZX44Z0V2FA940D8W2
01JCVM33JKGQCE7PQF2HGWXTPP,2545.89,Camping,7/11/2022,3382,01JCVGPK8RWW6Q4CXZS9QE5HP8
01JCVM33JMFZWE31261E7QK1C1,2359.4,Camping,1/14/2021,3797,01JCVGPKWHMT5TN4TXEB2E561J
01JCVM33KKE17WT5492W39300R,2107.65,Senderismo,3/28/2022,1491,01JCVGPK0B9YTST5V88BHMEQET
01JCVM33KMHADD7ZGBTE0H9B41,1841.86,Cabalgata,2/23/2024,3495,01JCVGPKB52VE80YWYBNGFXY68
01JCVM33KM34S5E9H8CC92W3FN,2985.29,Senderismo,9/3/2023,1096,01JCVGPKPPPVCCYE39WBF9H658
01JCVM33KN8SQH6GB9TPNSNFM4,1142.96,Senderismo,11/26/2023,124,01JCVGPKZRGQT4NFDB82WT8R16
01JCVM33KNPBZQVE8SJZN4Z4A4,900.38,Cabalgata,11/26/2023,3420,01JCVGPKCHYGWTQH3WZKGEA55B
01JCVM33KP7F9Q291DKB3SW68V,2273.34,Cabalgata,2/17/2022,2383,01JCVGPKHB6QYGC569HM532C7P
01JCVM33KPNX26HPQFVMCPDT2Q,1868.65,Camping,1/15/2022,1083,01JCVGPKPM1WTDHFR3E108WH4M
01JCVM33KQ5JSX238JBGDAPYKZ,591.32,Senderismo,7/26/2022,4465,01JCVGPK63NZAP41045YFMA0PX
01JCVM33KRD36VN2WY0W7DWAAE,2699.46,Senderismo,5/25/2021,111,01JCVGPM15H892QZT5BJ6SP8NP
01JCVM33KRVARD5KZQC3EDC169,2821.91,Senderismo,12/28/2022,1434,01JCVGPK4BKRA6A8MBSBQ2QV1H
01JCVM33KSR364B4TAKCK90Y0J,511.71,Senderismo,5/4/2023,3276,01JCVGPKNJ18YP18FYRJ04NY8N
01JCVM33KS2WN699ZK00A086HF,1525.74,Visita a parques Nacionales,9/4/2021,547,01JCVGPK70JY3NSA0NX31EE5X5
01JCVM33KTQFQZ3HCCC48NYMC5,507.45,Pesca,1/9/2022,2195,01JCVGPKA4VPF6KA5FCEV1PJ0K
01JCVM33KT6ZBRVDK21AMYVCB0,915.43,Festivales,5/14/2024,3368,01JCVGPK8H74NYDR122BB6QK4Y
01JCVM33KV83F50E7DADT6TXXP,2083.34,Pesca,10/15/2022,2863,01JCVGPKA95JQMYT5GZYNA88CJ
01JCVM33KV4YV4DZ8TD73G99DZ,2662.32,Pesca,4/6/2022,349,01JCVGPKTHQ91YNG11D8435Y60
01JCVM33KWVYG1XB9SMSEAGPCA,201.73,Camping,7/3/2021,3461,01JCVGPK8XV06K4MB46KCWXYYR
01JCVM33KWSS1DHA4WRASB1Y58,535.74,Festivales,10/27/2024,4140,01JCVGPKVBEDZ62YD36KXXKGTD
01JCVM33KX7XDBRVHSDBDX52MS,2316.16,Senderismo,3/28/2022,2693,01JCVGPKWW82JV6NPGPAPRWJ8H
01JCVM33KYQ9N3C6TY8DM28J8C,2326.77,Camping,4/20/2023,4219,01JCVGPK12BHAVF5S9GQH6TP1Z
01JCVM33KYJYR99T4DGZ7ZH6EA,1717.28,Pesca,2/11/2024,4328,01JCVGPKFAADM6KTCKMQS3TZFB
01JCVM33KZ82H524VCM912SYXJ,2722.85,Camping,7/26/2024,4098,01JCVGPK57TNQF1W72MDZSSYCH
01JCVM33KZ4030N3HN8NBC4GQY,2962.63,Pesca,6/3/2021,3188,01JCVGPJYC703DRMSGEW1TA2F2
01JCVM33M0J1F25KNDKP8KAWDN,909.47,Camping,7/24/2024,1826,01JCVGPKV4ENJF0QVPV23FQZS5
01JCVM33M06DWBPPZ632FGA01Z,642.54,Pesca,9/29/2021,20,01JCVGPKN6CVQK27CDW5W4F6Z0
01JCVM33M1VX6GHYH99JJ5R690,2403.47,Senderismo,6/22/2022,2268,01JCVGPK74WE2GPEW481VVSFZP
01JCVM33M2V7E70SDQY7VYWTFZ,202.5,Pesca,12/31/2022,380,01JCVGPK4SWNB1YYRJ67EBP2DM
01JCVM33M2KEYCGJVKZ49R0AK2,725.89,Visita a parques Nacionales,6/28/2023,837,01JCVGPKHB6QYGC569HM532C7P
01JCVM33M3S178S5BAXGZMS0EC,1823.74,Visita a parques Nacionales,3/13/2023,2946,01JCVGPKYE3EJCAC586YP22H53
01JCVM33M37RE4QKDJ46RTK87N,555.44,Camping,11/19/2023,1097,01JCVGPKYE3EJCAC586YP22H53
01JCVM33M41HF6P8JAXAN28W2C,208.51,Cabalgata,1/2/2022,2203,01JCVGPKYNDRFSJ2S7QV5R3TP9
01JCVM33M4VR76EESRZKQ4R92T,1686.0,Senderismo,3/27/2021,3970,01JCVGPK8HYB7JRW8Y1SKH9WRY
01JCVM33M5Y7YBD59EFX2WAZJF,106.4,Cabalgata,8/24/2022,3003,01JCVGPKYAZTTA3Y5AW0BJGY0R
01JCVM33M6E791GFWXFP3MAGN0,1735.71,Senderismo,1/1/2024,797,01JCVGPK6BXMJKQWVVAQVQ7X3V
01JCVM33M6FNWJ2S7MVRBSCWG9,2763.79,Senderismo,3/25/2024,2042,01JCVGPK57TNQF1W72MDZSSYCH
01JCVM33M7NNTT1P3QNT1RSHA4,553.1,Visita a parques Nacionales,12/22/2021,439,01JCVGPK7REAV9Q17HD0YM0R4E
01JCVM33M7MM147ES2F0D4K6RT,1472.08,Camping,2/5/2023,507,01JCVGPKTGYDCJQZ2BTWZ5ZQTR
01JCVM33M8SX1AEEF8K636BWC2,391.56,Visita a parques Nacionales,12/18/2021,2955,01JCVGPKKKS9QQZWDFN6Z6QVTX
01JCVM33M88WEKHBHFB18VK2D0,476.95,Cabalgata,10/19/2024,2934,01JCVGPK9FAHJEK9VH35SRGRJX
01JCVM33M93JHRTE4B1KSAFJAE,871.56,Pesca,2/14/2021,2888,01JCVGPKZAD1W8RADWMT3KQ94P
01JCVM33M944GBFM8XVHSAJ4RJ,1418.45,Cabalgata,4/11/2024,262,01JCVGPK6MRAXWBE63KSWVFPMT
01JCVM33MASED8HDM1M11ZZ2KW,1390.32,Visita a parques Nacionales,1/25/2021,3738,01JCVGPKX8GP72BDBH4FPPVQXJ
01JCVM33MA6RAYXYCQVC6841KG,2777.96,Camping,6/27/2021,3519,01JCVGPKKN4525C17251KZ88W9
01JCVM33MBGT8T1KBCW68FAQ5D,172.05,Camping,3/6/2024,888,01JCVGPKCD0346XK7CWS6G7AYY
01JCVM33MCA1KNRE2NY1Y954PN,2529.28,Cabalgata,4/26/2022,3819,01JCVGPKMJ3KTD29MYRYAW9MSD
01JCVM33MCEGAQ5KMTRQSJM449,1238.39,Senderismo,1/29/2024,2896,01JCVGPKAE5NEB5ZC6N00H29ST
01JCVM33MDYYQTT1C379WXJ8D7,2682.34,Senderismo,2/15/2024,479,01JCVGPK5RHRG30CNFZPKDAZZW
01JCVM33MDVWMM2E83J5E0AFGY,1421.46,Festivales,6/13/2022,1644,01JCVGPM16X0KX8PQ0BTE7QPVX
01JCVM33MEPFANSVYD16D034XE,739.78,Pesca,1/14/2023,2027,01JCVGPKBSW1E4A3HSG39JJYPK
01JCVM33MFKVGREVY0VSS16EEK,2311.39,Senderismo,4/18/2023,1116,01JCVGPKDTFSHD9V9T3TCB28JM
01JCVM33MGTYJTAH43Y4ZYM91N,2152.1,Camping,1/4/2024,195,01JCVGPKX09D8WX293KQFWG7MX
01JCVM33MGXQ5MRC1NFTKY94Q1,2308.27,Camping,11/23/2021,3124,01JCVGPK6QPT83HFEY9EVHRTMS
01JCVM33MHJMSEC5Y5VR4EYXAH,2075.86,Camping,12/20/2021,795,01JCVGPKZAWXG3ESW8022TZWMC
01JCVM33MHAVRA1B34ETB6TR0T,829.17,Cabalgata,1/25/2023,3944,01JCVGPJYF525C9HZZPTPJPV1H
01JCVM33MJBXTJBJ87JRWN6CXA,2664.73,Camping,5/30/2022,3188,01JCVGPKTNGXZQ0YXKHG16JJ45
01JCVM33MJJ0D5Z2NHB6HAKWE3,565.51,Senderismo,8/7/2022,193,01JCVGPKQWKPRDTE58GA7AFWRM
01JCVM33MKNS3XJX1NQM0DNR4T,288.78,Festivales,10/11/2022,3464,01JCVGPKFW4ZP1JTS9GDJ4DKD9
01JCVM33MKZK1NFJRK4H7QDQ7M,670.67,Senderismo,11/25/2022,248,01JCVGPKKFADQRZEDKH8H8M77Q
01JCVM33MMAXK86B9YB2GXCETW,1999.52,Pesca,10/6/2022,4237,01JCVGPKQ1KMAT5RDZH5MGS1TS
01JCVM33MM7NEZ44738BPWK5VE,1950.19,Camping,12/7/2022,4213,01JCVGPKQJPQZY0SRTD7ZVYZED
01JCVM33MNFK57G8E7S9BKXTFB,1179.24,Cabalgata,5/10/2022,3094,01JCVGPK7ST261V2C88ACQSTAF
01JCVM33MN6MWY1D878AZ2GXBG,857.51,Cabalgata,8/23/2022,2117,01JCVGPK6818857CP057FP3WHB
01JCVM33MP8AB7K87M2EX2PCGE,614.4,Festivales,4/4/2023,4161,01JCVGPKSHHRHXV0GHP6B9KYX4
01JCVM33MQ5VJ3YNTBDBY3ZJ10,907.18,Camping,8/3/2023,2727,01JCVGPKRJW84X4BCNC79H8W9E
01JCVM33MQPZ17NXV6TZG52S51,2671.78,Festivales,2/19/2021,1986,01JCVGPKKZ04CM5PBQC0CCM4EC
01JCVM33MR18MD8FQVHY2ATN0F,1375.98,Camping,2/18/2021,250,01JCVGPK77SAF3ZP8DGFZCFFY6
01JCVM33MR6E8C9SRN7HDBZ3E8,1626.7,Camping,10/1/2022,3104,01JCVGPKKJVG2KX4WYZHBSYKE9
01JCVM33MST7QDCZ96JDP4A1KW,2560.62,Senderismo,10/12/2021,1465,01JCVGPKWQYSW5CV6Q8T1QG87M
01JCVM33MSBQAAWCTJF15TAV4E,799.01,Cabalgata,10/21/2024,2041,01JCVGPKMN36TG3GMGT7EBS6NY
01JCVM33MT19365WPECN4KYTZZ,1668.04,Festivales,6/10/2021,740,01JCVGPKFX2XEYFEYG5HTN0BXE
01JCVM33MTS2078T36ZJ570S4Q,396.37,Senderismo,7/19/2022,1895,01JCVGPKPW4T4XJ862S1T92HZS
01JCVM33MV6BVWTKA45K91QJQ5,1092.61,Camping,1/17/2024,532,01JCVGPKQ3T0WWRF3Y8ZATA3F2
01JCVM33MWGV0FX2M77NHBVXMR,617.61,Camping,9/7/2022,4270,01JCVGPKZXE69KPCX08V1M31T9
01JCVM33MWX04RS725XM0JZ37T,2744.47,Camping,1/26/2024,750,01JCVGPKE9P509BS40MT53WB2B
01JCVM33MXPB6RFX8T736FGW3B,270.49,Cabalgata,9/15/2023,533,01JCVGPKZ5W9ZK3DP5V4ZVN5ZE
01JCVM33MXVZJHMHCKT75N43AM,1121.25,Senderismo,4/25/2024,914,01JCVGPKTF1CF07YPW9GNDZCM6
01JCVM33MY78HQTNC34JX28M20,1893.12,Cabalgata,2/17/2024,905,01JCVGPKMYWCV5S0VB14FYB2KT
01JCVM33MYG6NQ4Y8S1SKWWFJH,789.07,Visita a parques Nacionales,6/30/2021,2993,01JCVGPK7F60NVRAJRBZ3FTAVX
01JCVM33MZ067AT8W3NXZNTE5C,2001.43,Camping,8/9/2024,624,01JCVGPK6CTZPAGC5K8HE66WY4
01JCVM33MZP100D2S2XP88D24Z,2602.3,Senderismo,10/10/2023,1165,01JCVGPKA95JQMYT5GZYNA88CJ
01JCVM33N091AZ5MB4P4RAGV3R,2688.86,Camping,10/12/2023,1165,01JCVGPKE4NT1KD0ABZ95DWKCV
01JCVM33N0D9K62HXWWNHRJ934,2875.42,Senderismo,6/11/2022,999,01JCVGPKVXF3WQFDAJV6J5HNVK
01JCVM33N1R3H5EEK0ZMRPBHYN,1569.48,Senderismo,7/14/2023,1017,01JCVGPKCBP8RKSHXQ31EX396E
01JCVM33N1N9JETBACP45QB7TW,1810.98,Camping,12/23/2022,2772,01JCVGPK88SYE8Q04Q4NXQQVQ1
01JCVM33N230HBS6MYHM0BPS06,2840.7,Festivales,3/6/2023,2252,01JCVGPKTF1CF07YPW9GNDZCM6
01JCVM33N37847YE8YQY0MCBTW,1666.19,Visita a parques Nacionales,8/23/2023,494,01JCVGPK6XY98PNR40B8KFDQ5V
01JCVM33N34S59TCE1KK0NNB5T,2935.79,Festivales,11/4/2023,2887,01JCVGPK98SE9YG535ZJYNKEVN
01JCVM33N4XJFQPF0YQBNGXB63,2474.84,Camping,7/21/2024,1154,01JCVGPKP9Q9YHJPPP0W49JCAD
01JCVM33N6CTSWAGG7PTM1QQ8J,2207.67,Cabalgata,10/2/2023,2550,01JCVGPK15R3V5DXRBRD3DZ7G0
01JCVM33N69RX0YCBP0BBRQ8AH,461.54,Visita a parques Nacionales,1/27/2024,2170,01JCVGPKW6B1SFY9GXX48HZBP2
01JCVM33N76VJ1C33FCH6JVVJ2,2691.75,Camping,8/17/2023,341,01JCVGPKNJ18YP18FYRJ04NY8N
01JCVM33N7DZATTF5VF0D6TCNA,763.64,Festivales,2/17/2023,754,01JCVGPKR10ZHGWS85W2MQ5B3D
01JCVM33N822WGDSJMRFZBD0JX,564.85,Senderismo,2/12/2023,778,01JCVGPK8RWW6Q4CXZS9QE5HP8
01JCVM33N80R44QRQJQ4XTZW3J,809.75,Cabalgata,11/11/2024,1560,01JCVGPKRQ9A8N8J8WSGVQFFN6
01JCVM33N9ZFYFZW2EZ534SA6Q,2726.64,Festivales,2/1/2024,2691,01JCVGPKZNABECVMDK8JZ08BHM
01JCVM33N9Z72R4FGGR3TVV89A,2596.68,Cabalgata,11/20/2022,3436,01JCVGPK6CMKPQQ4SY5SPAP6X8
01JCVM33NA7FKDBAS38K89F12M,2606.8,Camping,6/2/2023,388,01JCVGPKTE1K82HEC3QA062Q4P
01JCVM33NAQC4R6E1D43J2T61Q,1605.63,Senderismo,9/25/2023,1324,01JCVGPK10X410Y8TM7M9JR05T
01JCVM33NBEZ6ZR0NT6QN6MVRY,514.76,Camping,2/25/2021,1488,01JCVGPKPM1WTDHFR3E108WH4M
01JCVM33NBGVT5JX2BKAE9VASJ,1265.58,Senderismo,2/5/2022,1532,01JCVGPKVVRR3163ZBV27CJYC1
01JCVM33NC37M30K3YWJ7BQJT7,2730.97,Camping,8/30/2022,2399,01JCVGPK612B5K36GFMQYR20YB
01JCVM33NCBP4WGCGK9AGTJFMX,1802.93,Festivales,10/28/2022,2185,01JCVGPKBFV8Z2T264E1Q337VK
01JCVM33NDEZ8PWDHQSP2XF9P5,1264.9,Senderismo,8/23/2022,2441,01JCVGPKWQCYH3Y4E1TA0NRVG4
01JCVM33ND69DKPY7FF5QJJS67,333.61,Senderismo,11/8/2022,1102,01JCVGPKKVAYJBW3GB2DMAMAJM
01JCVM33NE4CJ9HX2NW6RSSW7X,308.5,Camping,1/28/2022,1455,01JCVGPKX1GWRAT7F874QVMV4Z
01JCVM33NFCSNQK700D1AW6DP9,1012.64,Visita a parques Nacionales,5/2/2024,325,01JCVGPK17Q882B001B1ZX6NJR
01JCVM33NG3DSVT73PPHQXSKR2,1355.04,Pesca,8/4/2022,1195,01JCVGPK7KF47N6Y1PFAFTWG4V
01JCVM33NHMR915X1NM414G4WG,1253.23,Visita a parques Nacionales,8/10/2023,682,01JCVGPKR6CE8CJWD47JGDSG0D
01JCVM33NJXQ281FN5V2CY4D82,2512.45,Cabalgata,11/21/2023,2397,01JCVGPKY99BEVCRVTNDYMQQGX
01JCVM33NKY816KMWGF3MFD1MF,1458.03,Pesca,5/24/2023,91,01JCVGPKQYYBP456ZT1X9J281A
01JCVM33NMYD2N1QA3MHN0658K,1349.22,Senderismo,12/4/2023,4155,01JCVGPKYT7PWRRK786K4NRM4A
01JCVM33NM3Z00HA7NZ0JAD6N0,1337.42,Pesca,10/21/2024,3740,01JCVGPKY0H2FZRZNQ9T2CBG38
01JCVM33NNPQS8T5GM0JZRK06K,1116.58,Cabalgata,9/18/2023,1049,01JCVGPK8EAMDW0FGHBJSW4R4S
01JCVM33NN4E3AP7V3W4FHWK0P,2188.57,Senderismo,3/10/2022,3794,01JCVGPJZCTKBM0DTNZY3QD17Z
01JCVM33NPZA7XFFQFGP3GKHG7,1548.63,Cabalgata,10/19/2024,224,01JCVGPKT19D53MPZW9R33FYG6
01JCVM33NQMF6E6YZ95KK5HA41,2491.87,Camping,1/23/2022,2168,01JCVGPK9QH33BX20J9GJBG1W8
01JCVM33NQZ69EGYC9RQXD9FST,2901.35,Visita a parques Nacionales,7/19/2023,4036,01JCVGPKT0T80JH8CGZ9WYERBC
01JCVM33NRADTGPPFNT2X8QFTB,358.35,Cabalgata,12/21/2021,1269,01JCVGPKAKXMDQ000VNCZJWCE9
01JCVM33NRH95BQW75C5A9P7D5,1771.48,Camping,9/19/2021,3534,01JCVGPKY354X8ZYH12ATJMJFB
01JCVM33NSHGD6NR87JHSZ81DD,1052.98,Camping,4/21/2023,3425,01JCVGPK5Y8W5QVFE8D5GYR2GY
01JCVM33NS26D93HVQWE7W5BFZ,455.21,Senderismo,10/15/2023,2748,01JCVGPKV9BB73Q1GV25469C1H
01JCVM33NTWC2JRE7JHYAGSGXW,1243.01,Senderismo,8/2/2023,3051,01JCVGPJZVF57VV620V7NDJ683
01JCVM33NTZXT2YW9KQHSREJ5R,1353.35,Festivales,6/30/2024,757,01JCVGPK80R6JDCH9S5SBS56C5
01JCVM33NVRCFF3Q0GBDJ5Z4A5,1335.93,Camping,1/12/2024,4252,01JCVGPKNSWH6A0ZB2958NGAMK
01JCVM33NVCSZH1E2REC8Z5PP0,1624.21,Visita a parques Nacionales,12/11/2023,970,01JCVGPKNQGQQAZNCSN9TPCVQV
01JCVM33NWYWH5WXMEVXXX9833,1002.9,Camping,10/21/2023,4181,01JCVGPK88SYE8Q04Q4NXQQVQ1
01JCVM33NW11M575HCTBRE0N19,823.54,Cabalgata,8/21/2023,1437,01JCVGPKY69JRR7V79QF2WJWD3
01JCVM33NX9S931BZWKDEA15DF,2913.53,Camping,12/12/2023,2736,01JCVGPKVE45XDPW9BED9KN27Q
01JCVM33NXW635AH6W17MA6K38,1175.52,Camping,10/16/2023,3631,01JCVGPKHVQ1X5CRMT8VY3760W
01JCVM33NYN0FZ6S845B1FJTKZ,1072.83,Camping,10/30/2023,1852,01JCVGPK8WFXR5ERR84DBT7M95
01JCVM33NYC4ZEBAYYBMETJKPC,1397.17,Pesca,10/29/2022,2872,01JCVGPKJ0AZXEMY4VYZM6DS3N
01JCVM33NZ33J60BS09P67JTCN,708.4,Senderismo,11/1/2021,4222,01JCVGPJYPD8SPVCK5VVYJG8QE
01JCVM33P0S5HFYTG0D72M9XSJ,1219.77,Visita a parques Nacionales,10/2/2021,785,01JCVGPKKGCMYTF4N1W7YJ2130
01JCVM33P15GM5CZPHRTGP0YEQ,1088.43,Cabalgata,9/6/2022,3913,01JCVGPKVBEDZ62YD36KXXKGTD
01JCVM33P2D3RFHSXA8VW35ZVX,1276.21,Camping,4/20/2022,4086,01JCVGPKNFEGBX7MTPCKDB8M3E
01JCVM33P3WYHXSJE6SAYDE3TH,2206.71,Visita a parques Nacionales,11/27/2023,3575,01JCVGPM1XS211EWYXBK2GX4H8
01JCVM33P41PT5N81W9DHGK3JQ,2100.75,Pesca,9/22/2021,179,01JCVGPK6P2SDK14ERMSVYJTHG
01JCVM33P5GDY2WTF2Y61YEGDH,140.06,Visita a parques Nacionales,6/5/2022,4478,01JCVGPKDDKNK19JQM1YAFN92H
01JCVM33P697X95NT0NB424FZN,595.75,Camping,6/15/2021,3046,01JCVGPKE1WHEVSB2YVXCZC5F4
01JCVM33P789DW2THTAC045DNG,1323.99,Camping,4/2/2023,2587,01JCVGPJZD793BPQZP1PA9VZ9W
01JCVM33P897ZSEA5E0JB30QQ2,2038.54,Senderismo,2/4/2022,3944,01JCVGPK4KABMAV0RZEVJABDJM
01JCVM33PA72G82GP40VTA4YT2,1045.77,Festivales,3/31/2024,1333,01JCVGPKM6K33K8XP8213H573T
01JCVM33PB90FPH5ZKDJ73GRY2,444.91,Visita a parques Nacionales,8/24/2022,4212,01JCVGPKPEY3C3DEPQFR0H42R4
01JCVM33PC1CDG9W1RCNGAZ5H4,1496.29,Visita a parques Nacionales,4/10/2024,2056,01JCVGPKRMZG82B0993WGXNN2X
01JCVM33PDEFAWCJ3ZSVANVF32,2919.33,Senderismo,11/12/2021,1021,01JCVGPKHAJ3Q6V8SYJ0DAQJDR
01JCVM33PETNSWB6CY58F6RC8C,529.54,Senderismo,4/22/2022,175,01JCVGPKWYFNGJ3TKQ7B1PSXHR
01JCVM33PFNRHN4VFF11R1NAGB,83.8,Visita a parques Nacionales,9/24/2023,3736,01JCVGPK8EAMDW0FGHBJSW4R4S
01JCVM33PG09MPHNZ6Q5HNMFWK,1468.45,Camping,1/27/2022,3769,01JCVGPK9E7MZMDG4S66MPY63A
01JCVM33PGZQGQGJRMXG1NJRF2,1517.67,Camping,11/7/2023,2211,01JCVGPJXYRQMQVN1CEZ07DX19
01JCVM33PHME27JEVV11DVSXE8,2359.28,Pesca,4/29/2021,3184,01JCVGPKA3RZBF7YFM95GPD1MB
01JCVM33PHVEHGRR09MGZ3ARX3,622.67,Cabalgata,10/15/2024,330,01JCVGPKVQVS7CZHXTQ907AT5R
01JCVM33PJGNXKGM2NTSS8K5DG,1080.37,Visita a parques Nacionales,5/22/2021,1128,01JCVGPKR0YJ0M1S8VMV2SCD0P
01JCVM33PJNEPA009MXD5V8TH0,1195.68,Visita a parques Nacionales,5/11/2022,2322,01JCVGPKH0Z6JG1EKC24HSS2YB
01JCVM33PKNZZSWR8N8YZH3S9G,2055.64,Visita a parques Nacionales,8/26/2021,1325,01JCVGPK6P09D7548GXJZSH8EH
01JCVM33PKM095BWZJSRCP98CP,1949.4,Camping,1/15/2024,2313,01JCVGPJYC703DRMSGEW1TA2F2
01JCVM33PMD9KCHVMNP1WXCTG4,1624.12,Camping,2/12/2024,2282,01JCVGPKSFNK9EQQ9CY97X5TAW
01JCVM33PM8P8DEB3TWVGYAPSR,1312.03,Camping,3/14/2021,4354,01JCVGPK0WEFM0RVC1SV907F7S
01JCVM33PNTVC0N6M450Q8Y5ZX,169.95,Visita a parques Nacionales,8/11/2024,273,01JCVGPK15PMGGBZ38FFM8ZRV0
01JCVM33PNCAQW3KJF05K4W92Q,2989.89,Senderismo,6/12/2023,2248,01JCVGPKFPZN3H08JZ7ER872C3
01JCVM33PP0JQT974BCEQG5BZB,2852.17,Camping,7/27/2024,2327,01JCVGPJYJAPZB81K43TDMW7KV
01JCVM33PQVCBKB2H60EVCBCP6,1684.14,Camping,4/26/2024,1910,01JCVGPK8HYB7JRW8Y1SKH9WRY
01JCVM33PRNX7CMHCWEXZ9R0P2,214.9,Camping,1/28/2022,3459,01JCVGPKRY7MXBA0591KQPSGT9
01JCVM33PS26WV3758GQW00DP7,498.99,Pesca,1/15/2024,3945,01JCVGPK8CZE3DQW06AAC0BG4V
01JCVM33PT3FWSY3JFA1QN1262,2259.22,Camping,2/26/2023,3507,01JCVGPK48E3ZK2QXJ7QBS6VGZ
01JCVM33PT6V5WG18KSAZ76N9H,1352.64,Camping,4/4/2022,3803,01JCVGPKVHWRVNS9GKSKJDTQB0
01JCVM33PVDQDBV652JGQHY2KE,1481.85,Cabalgata,6/5/2022,2480,01JCVGPKBW37XWDD1HF9QW1YB4
01JCVM33PWNK5AS96A4QAME0S1,703.7,Festivales,6/16/2022,3952,01JCVGPK5PWCXFG0326S63XYRR
01JCVM33PWDKWFDAYJX3FS1XM2,279.26,Cabalgata,1/15/2021,2763,01JCVGPKVR8HY5CATTJX4WX5Y0
01JCVM33PWY9JFMWT89QWJ1YSE,1628.41,Cabalgata,8/28/2024,798,01JCVGPK94XDHP3E1A7HTDY2W9
01JCVM33PXH5BP1VETQ2CQFSDP,603.32,Senderismo,10/15/2023,2459,01JCVGPM07WDGXZ3WVB9FPJEC3
01JCVM33PXE2QN5VPR9WV1QPG5,2342.25,Camping,1/23/2023,2021,01JCVGPK4MMXHHXN2YH4MT04K1
01JCVM33PYN2MVP1SV7TZZJGJY,1945.57,Cabalgata,8/2/2024,893,01JCVGPKTZ1VX46GV6A2KN1TNP
01JCVM33PZHH1HMTBQ3GRZG6GZ,2250.47,Senderismo,4/7/2023,1118,01JCVGPM1GDD52G66P9DHRTGQV
01JCVM33PZQZV73D633XRVMXBQ,1747.12,Visita a parques Nacionales,7/12/2023,3854,01JCVGPKCS3P7WRKZJWQ1Q4FCS
01JCVM33Q0CQ19YJAH8NRQ65XJ,2557.48,Senderismo,9/6/2024,233,01JCVGPKVHWRVNS9GKSKJDTQB0
01JCVM33Q1EEVGX8VJHJ881TCF,2690.58,Pesca,3/30/2023,1582,01JCVGPKA5J713EZ0RJTV444FX
01JCVM33Q228WJ1TKDNDVDWX2S,2177.76,Camping,8/4/2021,3736,01JCVGPK7QFKAPBCKZ5DA2FGQ7
01JCVM33Q3127QZJKCZQ4BNK1P,638.03,Cabalgata,9/23/2023,3987,01JCVGPK7JQZCS1P8T3Z3Z87S8
01JCVM33Q4TBKKS4WHC2AG7DDT,2631.57,Camping,9/22/2022,2639,01JCVGPKGEN318A07DG367FE5Q
01JCVM33Q5D9X7VPFHW242Z3FQ,796.91,Camping,1/5/2023,3652,01JCVGPKZTD071SECGM4BNSXMR
01JCVM33Q6V44DMPHR131EH7KW,469.74,Camping,9/27/2024,941,01JCVGPKYAZTTA3Y5AW0BJGY0R
01JCVM33Q762N259WM4DFGXXKQ,516.22,Cabalgata,7/18/2024,2419,01JCVGPKGMGMKFP508ZHPZ89RV
01JCVM33Q8HJHR6EDWZ3B4XVS5,1042.56,Festivales,4/17/2021,3216,01JCVGPKEBWNPXPR4D1ESFTPEX
01JCVM33Q977SW2ZXDNSNXC2RQ,889.09,Cabalgata,11/25/2023,449,01JCVGPJZ3R4WMWTBTTF4BN83V
01JCVM33QAK3AS0PBGGSY2GHD0,1439.8,Festivales,12/26/2021,1340,01JCVGPKE5ABHCTSTSD0QQR7R2
01JCVM33QAVA8FK96TGR5QM20R,2740.5,Festivales,9/1/2022,4226,01JCVGPKTJ6JC1KRF8FBD5Q9NA
01JCVM33QBS07DBP6F53R7DVQW,530.62,Camping,5/5/2023,2098,01JCVGPKCTMFDGDE8D43N0JPRN
01JCVM33QBS6T81DPMR10B94EM,482.83,Camping,1/5/2022,2277,01JCVGPK6HMX72P8B1YD90XTHX
01JCVM33QCXQBZRWW1S61E12K9,539.94,Festivales,10/16/2022,3622,01JCVGPKS5G7DDE5XKPB947N95
01JCVM33QC585NPCY6439928PE,1999.38,Senderismo,1/29/2023,1414,01JCVGPKFV4S8T4AE9AMR5C5ND
01JCVM33QDCW4NE7RG33108QTQ,2232.95,Senderismo,6/20/2022,3078,01JCVGPKTTZSRRBWS4X64P71HB
01JCVM33QDTCS0M4X9WD1QPFM5,2525.98,Senderismo,12/6/2022,3059,01JCVGPKH0Z6JG1EKC24HSS2YB
01JCVM33QEWZYF8DENVHD1SZH6,2212.12,Visita a parques Nacionales,2/20/2024,828,01JCVGPKZXE69KPCX08V1M31T9
01JCVM33QE4R13Y6VNRZN3ANK9,2715.06,Senderismo,9/22/2022,980,01JCVGPKR10ZHGWS85W2MQ5B3D
01JCVM33QFCBAY2217B0FG0DV9,2135.85,Pesca,10/23/2022,173,01JCVGPK9C8M3MKMA4BAPM6KR9
01JCVM33QGEG3DD3QS2BTMWVNF,2414.55,Senderismo,11/23/2022,56,01JCVGPM0ZM79XQ7NY4QA55488
01JCVM33QGZY45TQTRHVH03G2K,2437.8,Pesca,8/23/2021,307,01JCVGPK7H5F36CF1VNHBEQY2Z
01JCVM33QHXJD8YN2XEJQ469E0,2782.36,Camping,2/22/2023,1632,01JCVGPJZ0AZRGV50T85771CPV
01JCVM33QHFFQTNDWP26ZPZZDM,1510.85,Camping,10/30/2024,2747,01JCVGPKWHMT5TN4TXEB2E561J
01JCVM33QJ6WJKAQ9EA5V9925R,1569.35,Camping,2/22/2022,787,01JCVGPKVXF3WQFDAJV6J5HNVK
01JCVM33QJYNVTH48A5M45RGKV,873.05,Senderismo,9/1/2024,3632,01JCVGPKFME12NSPR9KBCQX3PY
01JCVM33QKGPZFG3CJZR5FGQJ9,2632.17,Senderismo,11/9/2023,3507,01JCVGPKC7H13SKBG96ESRKN49
01JCVM33QKAK2YR1HDKEVE8BS1,1045.29,Senderismo,2/28/2024,696,01JCVGPKVGGY9KXNN5KGCZYM1X
01JCVM33QMQBQ9S5NWBH3AS33A,2795.63,Camping,5/7/2022,1227,01JCVGPKDQA8KEHH1Q4Z81G513
01JCVM33QNXJ8EHW1X8FQH6ES9,2310.07,Camping,8/4/2023,4323,01JCVGPKQ3YXTQA0DJQPBR5DG0
01JCVM33QNKQ0DT0ZEYFQJD2PB,1867.56,Senderismo,6/18/2022,2460,01JCVGPKQJPQZY0SRTD7ZVYZED
01JCVM33QPGG1QDK2M133AMY12,2536.79,Cabalgata,5/26/2022,850,01JCVGPKH9EZX3REQR0CAW1JYG
01JCVM33QP783D6M6KMJAPZYRD,283.54,Cabalgata,11/3/2024,2991,01JCVGPK52QJBKXZPJW97874FF
01JCVM33QQ00JYA0TJKCXVXVF3,693.34,Visita a parques Nacionales,1/19/2023,2512,01JCVGPK6T3AQCSEM2VQNWY882
01JCVM33QQDNJTYMSHDR64XRRJ,64.01,Cabalgata,1/6/2022,363,01JCVGPKZGRYEMKR7CTPJ8XJH4
01JCVM33QRPG8DS1XC8P9XQ0Z8,1930.16,Senderismo,7/5/2024,693,01JCVGPK6E0HJ39Z3QJZVX015Q
01JCVM33QR5B3VYXYSXG8HT748,2485.07,Cabalgata,3/8/2022,3157,01JCVGPK9BQDVTXM9ZCX97TAGT
01JCVM33QSCCRXMW9N519FJGF0,1209.72,Visita a parques Nacionales,8/25/2024,2641,01JCVGPKYFFXZK5YNV2R8B8ZE8
01JCVM33QS44JXEM55P37HMCBT,312.22,Cabalgata,8/5/2021,377,01JCVGPKKQ5BF7DHATQK46TEJV
01JCVM33QTWNC9672KN4VHXXYY,2263.47,Pesca,8/6/2022,3311,01JCVGPKCBP8RKSHXQ31EX396E
01JCVM33QT1K5S2E4F0NWHKKCV,2741.64,Festivales,10/28/2021,981,01JCVGPKDM03YM707KPH2DEHMS
01JCVM33QVWGMPEJK3QRR3K93D,2336.31,Festivales,12/30/2021,2976,01JCVGPKM8WHHQH2C8WV1X42RV
01JCVM33QVCM6J8S6B2PBPA0M9,1559.31,Pesca,9/7/2021,334,01JCVGPKVSSJMJJRR9CN1T3KGS
01JCVM33QWWKKFBJJDQMDTH95K,1849.45,Pesca,2/11/2022,4187,01JCVGPKHAJ3Q6V8SYJ0DAQJDR
01JCVM33QW25STN9KVV1ZZGSAW,954.87,Pesca,9/23/2024,2629,01JCVGPKKBYWMW07DEMPVT63H8
01JCVM33QX42YZYQC764QKZVHE,985.9,Camping,6/9/2023,646,01JCVGPK94XDHP3E1A7HTDY2W9
01JCVM33QXMEGSF97VRX5G7H0M,635.93,Cabalgata,2/5/2021,280,01JCVGPKSEWBCJQ7KPVDK4304J
01JCVM33QY38S2KQ5E6MX7SX6V,385.39,Camping,10/11/2023,3344,01JCVGPKVVRR3163ZBV27CJYC1
01JCVM33QYKYZ5XA1BKQE18EFV,273.68,Visita a parques Nacionales,1/7/2023,1900,01JCVGPKFFHR3TFZX2ZGD9D2NY
01JCVM33QZ2W8NVDB8QD7XQT5P,1892.06,Senderismo,6/29/2023,2081,01JCVGPK8F2ZBA0HHPPM9371CX
01JCVM33QZDZNTGQH7WBKPSK55,814.28,Camping,9/14/2021,1150,01JCVGPKXB93MSEAGSA34W6VEW
01JCVM33R0ZE78NDAPY03TGAFV,2511.36,Visita a parques Nacionales,12/19/2021,72,01JCVGPK69R9GRTPBQGPKBZB83
01JCVM33R0EGJWDBEXW2D7R5D1,2572.12,Festivales,2/28/2021,2455,01JCVGPKEAEQKD7D71AEQ12155
01JCVM33R15V83G9B3DHSD9GEZ,378.01,Visita a parques Nacionales,8/29/2024,260,01JCVGPK6CMKPQQ4SY5SPAP6X8
01JCVM33R1FMH693CVWFX138J8,1791.81,Camping,9/28/2021,563,01JCVGPKXAQ9KNDXABNNHN04WW
01JCVM33R2T7MB8T7GDC6QTDGB,2538.3,Visita a parques Nacionales,7/20/2021,1889,01JCVGPKSN7ZGNVWP43KQ6D31D
01JCVM33R36FYEW9JVBSMMDKEZ,224.53,Pesca,10/27/2023,4483,01JCVGPK5WQHWD564SD9YW4DAZ
01JCVM33R3ST03GZDYVT8Y0PBT,784.14,Camping,3/10/2022,1439,01JCVGPK6S88FJF0HACDE4S93R
01JCVM33R4PBHDTMCKZNA4K2P1,280.11,Cabalgata,11/4/2023,906,01JCVGPKZQJ73RQEFF4DNKK12Y
01JCVM33R426RH82Z8EG2VHHQ0,1618.79,Camping,12/30/2023,2449,01JCVGPK8KD1S94SSK8B6MEA2Z
01JCVM33R5697EQS3KF2QF1Z8Q,1405.51,Camping,7/25/2023,2251,01JCVGPKVXF3WQFDAJV6J5HNVK
01JCVM33R6TFR211M45BFNE39Z,554.01,Pesca,10/18/2024,1462,01JCVGPK417R3Y3NTGEJPBQ3QJ
01JCVM33R67NGDCHWDRJ5J46RT,651.97,Visita a parques Nacionales,10/27/2023,700,01JCVGPK8Y7SH4X3YVN5VKHQ5M
01JCVM33R7TFADME29K0K9FS5B,1644.4,Senderismo,2/19/2023,1029,01JCVGPKS0SJAHH5CN9ATXDQX7
01JCVM33R7ZKCBRAHTH0B4MVDY,2480.21,Cabalgata,10/12/2023,2992,01JCVGPKF81R89BEQNXXH63X0F
01JCVM33R81GDP0AJ73PWJWHG4,2035.91,Festivales,1/4/2022,3862,01JCVGPK514QNEWHJXWN7NZYD6
01JCVM33R8ERTDNKG21TFQRDA6,398.32,Festivales,9/26/2023,1418,01JCVGPK6BXMJKQWVVAQVQ7X3V
01JCVM33R9ZXF5GAR67SV04BRV,2642.62,Camping,5/13/2023,4256,01JCVGPKK8SGQ5AQQMKKBW2FCB
01JCVM33R92X3XSFFXABXMEFE4,2539.36,Camping,3/24/2022,3424,01JCVGPKA95JQMYT5GZYNA88CJ
01JCVM33RAAGVEHV948WX2H05P,1773.26,Camping,2/27/2024,2044,01JCVGPKTFDZ4M7MY413VFCRFY
01JCVM33RA3SZ5F5AG0GTB2Z8C,360.19,Visita a parques Nacionales,10/31/2024,3583,01JCVGPKC7H13SKBG96ESRKN49
01JCVM33RB4AXKGTHWQBDERT8W,2741.34,Cabalgata,2/22/2021,2442,01JCVGPKWVF8MVT9D7S3AMA04S
01JCVM33RBFAVHC8GWPN30REDN,999.65,Camping,5/31/2024,3234,01JCVGPKW5J3CX512VQWF8GPGZ
01JCVM33RCR7E5FNN5Z0P5MHNP,519.27,Cabalgata,4/8/2022,1868,01JCVGPKKWJZC21Y76H1DZAD7V
01JCVM33RE9G3DVPR1SNZ04B7Y,168.84,Senderismo,9/27/2021,41,01JCVGPKAKXMDQ000VNCZJWCE9
01JCVM33RE4D10NBB4EN05AVX5,2767.62,Festivales,5/30/2021,518,01JCVGPKT19D53MPZW9R33FYG6
01JCVM33RFTZ0BXXPVKR193FRW,1366.44,Cabalgata,3/6/2023,3952,01JCVGPK9FAHJEK9VH35SRGRJX
01JCVM33RHEG43MZP8Y3NVN82J,2022.05,Visita a parques Nacionales,3/14/2023,1076,01JCVGPK8TA1HJZF6GZ721Y93G
01JCVM33RJ5ETQGYMS2AN3T06W,563.79,Senderismo,5/11/2022,873,01JCVGPKWMGGD4MS6FBZW5J54E
01JCVM33RKF3STQK5N9D40X2GF,1438.51,Pesca,7/19/2022,219,01JCVGPM16X0KX8PQ0BTE7QPVX
01JCVM33RMFC7SN9M7BTJVSTAX,2211.25,Camping,6/14/2022,3949,01JCVGPM129BWTD30PH5HCQDWR
01JCVM33RNV52JRXAWKBYRRS5F,573.23,Cabalgata,1/29/2023,4204,01JCVGPKRTSX1GR9R7K9NNH25C
01JCVM33RP6WJ6TNRPGGDGAV40,1604.9,Senderismo,10/28/2024,559,01JCVGPKP6KTPBGHGVQW5NQY43
01JCVM33RP0BAJY74NSZKWEBZ7,79.06,Senderismo,1/17/2022,3542,01JCVGPJZ0AZRGV50T85771CPV
01JCVM33RQ6D7QYJJW97WKCGY8,2918.98,Camping,1/27/2021,1696,01JCVGPK7KF47N6Y1PFAFTWG4V
01JCVM33RRTEKSDM53PKNKHYB7,176.74,Cabalgata,9/29/2022,4494,01JCVGPKCQZ947FE8WXPZQREBD
01JCVM33RTTYYSF01QHN2E7NQ2,874.77,Camping,6/25/2021,719,01JCVGPKCASXVP5B6CSFNHAVRZ
01JCVM33RVDAZNBSWWRW63AGAG,1998.47,Camping,8/29/2021,3667,01JCVGPK4P16AXWDGYBHA5J44A
01JCVM33RWFGF9QY0CGZ276RCD,2915.57,Cabalgata,9/12/2021,2686,01JCVGPK5FVAFYWKH668W9C6P6
01JCVM33RXQQCEV6TJRMZEPJ28,126.67,Festivales,6/15/2024,437,01JCVGPKCJAYCK1HSFXXY100H0
01JCVM33RY9YFXW3TF8KWCBWGP,1446.88,Senderismo,12/5/2022,709,01JCVGPJZ65ADZPR7DRHTBHAJY
01JCVM33RZCPF9T3D2NMRK5JNR,2720.68,Senderismo,10/12/2023,3662,01JCVGPK90D7KMCT38MYPKC65P
01JCVM33S0N8M75X7PGWAAKZKR,1546.91,Senderismo,7/2/2023,2868,01JCVGPKZRGQT4NFDB82WT8R16
01JCVM33S1DHSFX8G3JWD587FE,1196.31,Camping,11/22/2023,3905,01JCVGPKYYYZAS60W05AA791GC
01JCVM33S22S095YZWDYT8MR8X,1062.25,Visita a parques Nacionales,3/8/2021,2002,01JCVGPK9WBPC3XP57VB61F103
01JCVM33S2AAWQZP8G8RQ1ZQYA,245.7,Pesca,4/11/2023,122,01JCVGPKRWEWK9M5N6CW95Q2QT
01JCVM33S37862ZF46H4FGNVZR,552.3,Senderismo,4/4/2021,722,01JCVGPK03A38VZNZ6PKRPGWME
01JCVM33S3AEQS9BYF37T79M6K,214.56,Camping,2/14/2024,2176,01JCVGPKYFFXZK5YNV2R8B8ZE8
01JCVM33S4WFT2R3R4S2EPE2FA,2565.42,Festivales,9/26/2024,2625,01JCVGPKF5MFZTTZTG4HNQTQ5A
01JCVM33S420A91PG2XPBPYNZB,511.2,Festivales,3/19/2024,3667,01JCVGPKHDY5N2ADKWN5E6NAYF
01JCVM33S57KD7PZS9ZP6MSZGQ,1710.77,Senderismo,2/18/2024,559,01JCVGPKZ6FNWEEBJDNA4JDXN1
01JCVM33S6FPHMPXQ3R5A20X1V,1326.36,Camping,3/7/2024,1263,01JCVGPK72H6A5SSGRRF40M25K
01JCVM33S7Z6K4F236FDPHDD61,1149.06,Camping,3/12/2021,4069,01JCVGPKKBYWMW07DEMPVT63H8
01JCVM33S7C60S8QRDV5P8N3WV,783.97,Camping,9/1/2023,4485,01JCVGPKRZM8W9C5JKCT6YGHP9
01JCVM33S8W2DT3TEG38HE2P1A,350.08,Cabalgata,12/28/2023,1441,01JCVGPKE09TRK7JNKZ44BPP6T
01JCVM33S881S3V1JQ095JMJ5W,2096.0,Cabalgata,11/14/2024,1849,01JCVGPKPFXS0DJ951R77JNBXJ
01JCVM33SARTR1TVC9QJE7FNRY,507.03,Camping,1/8/2023,444,01JCVGPK72H6A5SSGRRF40M25K
01JCVM33SB84WBTZ6GJDP8T0S6,2767.92,Camping,6/12/2024,3247,01JCVGPM0WHGZP5TZAK4EHBWGJ
01JCVM33SCC1QTHK4GZMH839ME,2921.47,Visita a parques Nacionales,2/26/2021,2246,01JCVGPKZAWXG3ESW8022TZWMC
01JCVM33SDCF9W8FEA1HCD0VGE,2699.54,Camping,4/14/2022,2535,01JCVGPJZVXSGSMZ4MGE7JPN39
01JCVM33SDNQRW16NM8BNH9KG4,2961.11,Senderismo,5/10/2023,3537,01JCVGPKHX767YTVWGA0MCMTQ6
01JCVM33SEBDHBDXD1PW7W4CDQ,2740.28,Camping,4/27/2021,4201,01JCVGPKR5TPC845WSQT5VCPAF
01JCVM33SE8DEZ3YVJNVS9E9Y5,321.21,Senderismo,9/20/2022,2119,01JCVGPKPCQYZ30P7NKMZ0XG1Z
01JCVM33SF1WQYFZ10BWSSTMDS,169.58,Camping,2/13/2023,4062,01JCVGPKGD542X82PVRP07KZD1
01JCVM33SFMWRDTGF2MZS4B128,2184.13,Festivales,7/21/2024,1851,01JCVGPJZ9SS5HJV5FNYX89ZD4
01JCVM33SGK37PF5GWETAACHM5,1091.89,Camping,1/21/2023,1414,01JCVGPK81S17SJ28JDE69E0GB
01JCVM33SGM3H4M7BGQ9JBY0MD,139.67,Camping,11/21/2022,2536,01JCVGPK6AF017KZMFPJHJZD14
01JCVM33SHFFNEFPP7BBZGE1TX,862.04,Pesca,6/17/2023,468,01JCVGPKD9E6TN5D9XR2DK7G3A
01JCVM33SHXM004KDQ0F4BNBFT,2609.66,Pesca,2/24/2021,2179,01JCVGPKVBEDZ62YD36KXXKGTD
01JCVM33SJKBV3XF5GCXFV7980,2103.16,Visita a parques Nacionales,4/29/2023,2772,01JCVGPKY1367ZRSEKGGT4J3YX
01JCVM33SJWW291826VGEH3M4Y,429.53,Senderismo,12/25/2022,1428,01JCVGPK7WPQV8B8WR3SMCMZKC
01JCVM33SK1JTWPACFWYNA80CR,369.74,Pesca,5/19/2024,1466,01JCVGPKVRSC77K4G74SSEKT4C
01JCVM33SKJ5P93NEDVAB3X8WD,1728.29,Cabalgata,12/9/2022,1192,01JCVGPKGFK3H3700CP42CKKJS
01JCVM33SMBV6W5G5KCQ04KB7B,2596.89,Pesca,7/4/2023,1314,01JCVGPKBW37XWDD1HF9QW1YB4
01JCVM33SMDEWJJ0WK5K6V2CRB,601.11,Senderismo,4/26/2024,4388,01JCVGPKFJE0GGH0NYYY01DHZD
01JCVM33SNFQ4SRYYA8KWDZX63,2198.69,Pesca,9/6/2024,4441,01JCVGPKNYKX4QE932FG7FMPF6
01JCVM33SNBEE9TN25MCYGDT3Z,2933.17,Visita a parques Nacionales,9/5/2021,1586,01JCVGPK67G1XGX6B4G7RVQB6B
01JCVM33SPWC58B3C2ZCCHGNA0,2864.73,Senderismo,11/25/2023,3670,01JCVGPKPY2TQ1QMQMQBXM9F4C
01JCVM33SPH9MWSC5R39YHGD5H,866.97,Camping,10/22/2024,4007,01JCVGPJZZ6EFM4W6QT76QKHFN
01JCVM33SQ4EF8Q3SC4T67X3TY,164.16,Senderismo,1/21/2021,3706,01JCVGPKHJ4TPP41PYBJ9Y8DBY
01JCVM33SSNZ9BEK118F19XE17,2349.81,Senderismo,1/16/2021,2783,01JCVGPK6P2SDK14ERMSVYJTHG
01JCVM33SS5CXMJXSG9NDZT4MM,688.5,Pesca,9/16/2021,3365,01JCVGPKS0SJAHH5CN9ATXDQX7
01JCVM33STZFC0K87ZS0AGCF7K,1136.26,Festivales,9/7/2022,811,01JCVGPM1JNFZAP97HSB82NZ4C
01JCVM33SV1RWBDS6K2HTGGD0V,114.55,Senderismo,5/29/2022,159,01JCVGPKC6JKJ30V55ENPM6G2G
01JCVM33SVWV4T47QVYMN5FXXS,57.22,Visita a parques Nacionales,1/4/2023,2790,01JCVGPK8KD1S94SSK8B6MEA2Z
01JCVM33SWAMM7VYKFJ0HCVTC6,2897.7,Senderismo,4/25/2024,4172,01JCVGPKYMZMX2SAKQY4BA7ZG5
01JCVM33SW703BNZ3PMSF3P3SE,895.37,Pesca,6/28/2022,1059,01JCVGPK9E7MZMDG4S66MPY63A
01JCVM33SXRGZTX5V1FTRVB64W,2990.41,Pesca,2/27/2022,3022,01JCVGPK7NK96KR7AHG7S8R1MG
01JCVM33SXQGC54R6GFVQE60A1,2238.59,Camping,9/23/2024,3652,01JCVGPJZ3R4WMWTBTTF4BN83V
01JCVM33SY4FR3KT4V31GPG8M5,2861.39,Senderismo,8/31/2021,458,01JCVGPK91R1D20Z1XDBH7RKMW
01JCVM33SYWCKZ7JR755K2M4HD,1906.81,Camping,10/23/2021,966,01JCVGPKRJW84X4BCNC79H8W9E
01JCVM33SZ82DE6TCYNEG0RM1G,1136.92,Camping,4/8/2023,164,01JCVGPJYWQ9T62ZYNMXJRZZDX
01JCVM33SZB5382BV8P48V5YY1,1475.81,Visita a parques Nacionales,7/7/2022,1664,01JCVGPK7G7MEGS56KX467BW9N
01JCVM33T0AQQ9QGXTJ8X2MWY5,311.21,Senderismo,7/30/2024,1632,01JCVGPKTHQ91YNG11D8435Y60
01JCVM33T0G5Q6SFH51J7FVBTF,355.11,Senderismo,8/15/2021,3660,01JCVGPKXCZPVPHVKK2C7Q0B2N
01JCVM33T19TQ5KKVTXEKZDPSR,1817.3,Visita a parques Nacionales,10/11/2023,2960,01JCVGPKQ77YXZS41DHQ92VN37
01JCVM33T2HFGFEZFAZJ831420,2734.78,Visita a parques Nacionales,6/23/2024,1255,01JCVGPKDM5HC5MWD2A9TVYDPT
01JCVM33T28VSFHVX9AXYMSP9A,2948.28,Cabalgata,1/20/2024,633,01JCVGPM1TVFD7PXQSNMPHAE94
01JCVM33T34ZY70ZB1D8GQXPZN,1786.64,Pesca,8/18/2022,3438,01JCVGPK1RQPPYZMYKP0EWWKSY
01JCVM33T305VH5F5H3THNF2MY,782.76,Camping,7/3/2024,2814,01JCVGPKTTCAMC53T5SRQ3AB44
01JCVM33T45X99EZT1DSNPZHY5,1907.56,Cabalgata,1/10/2024,4131,01JCVGPKC8PGZCAYJMEPBPY2Q2
01JCVM33T4GN7SQWCHT0NY5NY2,1756.93,Pesca,8/23/2023,249,01JCVGPK01EJYEMBWFYGNCZ4TM
01JCVM33T5FY0B27R8P5GVW65X,557.78,Cabalgata,2/6/2024,2350,01JCVGPK5MEB9BX8XKCSZVH6C6
01JCVM33T6V7JGVER9N2KDBBYS,68.01,Senderismo,5/13/2021,3136,01JCVGPK4GMFKGB76H91WKTCXN
01JCVM33T6P0PB278WYSDBJZDJ,2819.59,Camping,3/25/2021,2687,01JCVGPKM9E3K8R7QHZQA1GCCJ
01JCVM33T7KHDAPX4861JZ2RNP,2862.54,Camping,4/4/2024,3539,01JCVGPKEHRHDMG52G3K2JQAJB
01JCVM33T7H3PS3P65G4ANKDBD,2468.1,Senderismo,3/20/2022,2726,01JCVGPKK8SGQ5AQQMKKBW2FCB
01JCVM33T8VG3M5GV4WSPGAANH,1632.73,Senderismo,12/9/2022,3145,01JCVGPKMCB51F0Y0C57TTS6AJ
01JCVM33T8ZEQJ919P90WHSFYP,214.49,Cabalgata,5/11/2022,470,01JCVGPKH78N6FHKAC0367ERXC
01JCVM33T9F98VJB6SJBT24D6N,1163.11,Senderismo,1/18/2022,1372,01JCVGPK52QJBKXZPJW97874FF
01JCVM33T9YS156E7KWZX99YSZ,202.52,Senderismo,3/15/2023,166,01JCVGPK1G4XTM0HJ1F0E2W29B
01JCVM33TAZ4TMBBPBQ5AHME6F,990.89,Camping,12/15/2021,851,01JCVGPKNMFV343PKFX09FM41D
01JCVM33TBV79EMNR83S1XS8PG,137.51,Senderismo,10/11/2024,1872,01JCVGPK6T3AQCSEM2VQNWY882
01JCVM33TBRBGEXTT0CDVBGXC3,2945.98,Cabalgata,7/22/2021,3427,01JCVGPKD52X5CGQRMENR4R7H0
01JCVM33TC3NHQNMG2BWAAGFG7,195.32,Camping,3/23/2021,2496,01JCVGPKT3EM9AYR02RRBS1KW6
01JCVM33TCAXAWZQNZEMAPBXPB,2019.22,Senderismo,6/2/2021,3453,01JCVGPM1JNFZAP97HSB82NZ4C
01JCVM33TDZE7HC6B0SC5H9TW0,2669.49,Senderismo,6/13/2023,3048,01JCVGPKJ08B05YX78F439HJ95
01JCVM33TDY6SSQHER5DP0Z0C1,539.23,Visita a parques Nacionales,10/25/2023,3124,01JCVGPKFFHR3TFZX2ZGD9D2NY
01JCVM33TETFEB36H2NVCBXQNE,1240.91,Camping,7/12/2023,2014,01JCVGPKQ1KMAT5RDZH5MGS1TS
01JCVM33TE8A300D0KFWX1SBX3,1993.12,Pesca,8/15/2022,3907,01JCVGPKHQB0BW46J2R3D6F5YS
01JCVM33TFG5J2J1P7MS4VMMKQ,659.79,Festivales,11/23/2021,1166,01JCVGPKNAN9DNJZ1VZYTZZ459
01JCVM33TFN1KJ847WXAENC2JS,602.99,Camping,10/15/2024,2882,01JCVGPKTYZCGEFGFPZB067Q7G
01JCVM33TGHQNH7NY0MDZKHPJB,2010.7,Camping,5/29/2021,1779,01JCVGPKBMW105K0SNDEAM70YY
01JCVM33TGMBH8VN8RGZH5R6RY,2212.66,Senderismo,8/31/2021,1216,01JCVGPKC0EB7PJNHM4J6GB22P
01JCVM33TH145H7P7N4W1FVGR3,1756.84,Camping,7/4/2022,947,01JCVGPKC4D0DESBAB4NBWCFKS
01JCVM33TH3K572N4A1W525763,2156.5,Camping,2/1/2023,1429,01JCVGPK6DEX6GE8KDBK1Y1T6Q
01JCVM33TJRTC67ZKX1PS04R1Y,1952.84,Visita a parques Nacionales,12/31/2022,969,01JCVGPKDM03YM707KPH2DEHMS
01JCVM33TJZ9C9MQQX23ZSCBB5,2837.08,Camping,4/10/2023,2626,01JCVGPKHM5C7ASF0G6JVWTZJD
01JCVM33TKKKRQKG6TY0N1RFKP,386.0,Senderismo,9/23/2021,1842,01JCVGPM1TVFD7PXQSNMPHAE94
01JCVM33TKQYE00DM6M46XFV5Y,2638.66,Camping,11/18/2023,1061,01JCVGPK6818857CP057FP3WHB
01JCVM33TMBZ1JEV05XB78BXDG,2272.31,Cabalgata,2/1/2024,113,01JCVGPKY2JYZCCM4K70ANKZV1
01JCVM33TNBPV5HD9ABMCM09GD,636.82,Festivales,9/23/2024,585,01JCVGPK5MEB9BX8XKCSZVH6C6
01JCVM33TNX66CZ8M2HY96WAJB,313.73,Visita a parques Nacionales,1/3/2022,2727,01JCVGPJYTR18Q7QY4S4T9YX7W
01JCVM33TP4EW5974YTP23Z577,1394.76,Cabalgata,7/31/2022,3057,01JCVGPJYNKPD3TAEFC1H21QA6
01JCVM33TQPFX311QRQ1D59AJ9,1342.95,Visita a parques Nacionales,4/9/2022,1020,01JCVGPKQX77JRB5ZQYN9440J0
01JCVM33TQ4JCC62469NS5FGEA,2597.43,Senderismo,6/6/2023,2886,01JCVGPKW72MM7975S9A0HMYD9
01JCVM33TRQ7GJWENG5041SF1H,590.98,Senderismo,1/2/2022,104,01JCVGPK0Z871MGCEPB5DF492S
01JCVM33TR3Q3Y1RZA9RF344YD,777.55,Camping,8/14/2023,690,01JCVGPKV0WNTEDR0HJHR6WPXG
01JCVM33TSW7HNAJF3QYCB9NR9,1072.63,Visita a parques Nacionales,5/31/2024,2530,01JCVGPKMJ3KTD29MYRYAW9MSD
01JCVM33TS9119CR6Z5CHADMW8,1842.98,Visita a parques Nacionales,5/13/2021,1790,01JCVGPK0K7SQ2R1S65B0KKVHH
01JCVM33TT3QZVE5PYG7E4QHN1,378.23,Camping,8/27/2022,3452,01JCVGPKN4BGJJS8CJSPCDPEEJ
01JCVM33TTPAT9W9Y6A7T7DKP6,1251.24,Camping,10/7/2024,168,01JCVGPKNCA3EKXGMA9KVXVXK5
01JCVM33TVZSPXF2RGFP3E3GA8,146.35,Visita a parques Nacionales,4/3/2024,1523,01JCVGPKTSVWSZ53XM1VJBYFK9
01JCVM33TVKPKX1Y2D8EZBE118,2282.32,Visita a parques Nacionales,2/7/2024,1884,01JCVGPKTQBGQFQ15235ZZZY0V
01JCVM33TWB97JTCKSEHTA94KY,2425.38,Senderismo,10/11/2024,4439,01JCVGPKTF1CF07YPW9GNDZCM6
01JCVM33TW4XKBERWTAHSKQ525,361.42,Camping,8/15/2021,2181,01JCVGPM00X21Q27BA7YNKFEP8
01JCVM33TXFGQ9F41P3S252JXJ,558.69,Camping,12/26/2021,3250,01JCVGPKGFK3H3700CP42CKKJS
01JCVM33TYS2XCHFK5NPSCEJ1G,910.78,Senderismo,11/15/2023,3121,01JCVGPKN6CVQK27CDW5W4F6Z0
01JCVM33TZBBP1TM3QJZCSD69C,2391.97,Festivales,1/18/2024,4042,01JCVGPKQ914ZD9SH4TEG688Y9
01JCVM33V0MP13QJS7PT34AX0B,393.58,Senderismo,2/18/2022,3515,01JCVGPKP6KTPBGHGVQW5NQY43
01JCVM33V07MJ404PKY58X825E,206.45,Senderismo,10/11/2023,4497,01JCVGPK04AE8JH9F0Z18PD5AN
01JCVM33V12EVATG2AC7S6YZA0,922.55,Visita a parques Nacionales,3/2/2023,1934,01JCVGPK6WYDSK46D9EHS4JMS1
01JCVM33V1JWRJ1PRHQSEKPE68,2094.21,Senderismo,3/28/2023,2936,01JCVGPKZR67J7G1F3PDAEVZE8
01JCVM33V2NG30WBE93Y2PQQTW,197.79,Camping,5/6/2021,2383,01JCVGPK73ZZ1AQ82MG7QM8RD7
01JCVM33V2APDMDTVDJS520HA3,1894.53,Senderismo,3/9/2022,4178,01JCVGPKGVWJ6FCMVWS89H5A7V
01JCVM33V3FA9NR2E33B1E38X8,201.91,Senderismo,2/9/2022,1744,01JCVGPKWHMT5TN4TXEB2E561J
01JCVM33V3WX7CXWTG90AYVAGQ,1473.4,Camping,12/4/2022,334,01JCVGPKKFADQRZEDKH8H8M77Q
01JCVM33V4CBHJR942P0ARZZ78,187.39,Senderismo,9/16/2021,551,01JCVGPM07WDGXZ3WVB9FPJEC3
01JCVM33V4EZ1WZ3Y55EF5CRST,1718.92,Cabalgata,1/19/2021,1117,01JCVGPKMP1NH8M4NTPE5F4WKC
01JCVM33V5A2Z4DYGVYX18XER2,285.9,Camping,4/22/2021,117,01JCVGPK3V0CQW8AQX4Y2QNC4K
01JCVM33V59T8DAHKF0WR2PK4C,2383.31,Pesca,10/31/2024,1607,01JCVGPKZW4A9VSYSEEEK3FXG7
01JCVM33V68VXZHRW1YKN13DKN,2257.39,Pesca,7/23/2024,3395,01JCVGPKKACEFN0ZX2FDDNBD7A
01JCVM33V6KDZCF9PQZWTHMYPW,335.02,Pesca,4/16/2023,3968,01JCVGPKW8QC4JEPY4RPD68VTX
01JCVM33V7RGVE1236WDY0WZJN,2777.58,Camping,9/16/2021,694,01JCVGPK46PPEECYE9BY55PXWS
01JCVM33V7YC3QF2FG9M17W0QK,2641.6,Cabalgata,3/2/2024,304,01JCVGPKMJ3KTD29MYRYAW9MSD
01JCVM33V8SF80HJR929P47MR4,2333.96,Pesca,1/11/2023,4221,01JCVGPKPCQYZ30P7NKMZ0XG1Z
01JCVM33V8G7GHRCPVGAZY5Y53,585.28,Senderismo,1/31/2023,1638,01JCVGPKTWHCBXZ9B0XG1WX0VN
01JCVM33V98RP4MKQV0PMXXRW1,1086.94,Cabalgata,9/17/2024,1488,01JCVGPKM7VWSD042AKGH2DHF9
01JCVM33V9G2BA7NXM8CNBT9YC,2606.8,Pesca,7/4/2022,1066,01JCVGPKCT87JN692ZWH77P6GX
01JCVM33VA1CHEZ57QBSXEM3SB,491.4,Camping,4/30/2022,2138,01JCVGPKKN4525C17251KZ88W9
01JCVM33VBB35CYFWY9BM4BBGA,2824.66,Cabalgata,12/22/2023,917,01JCVGPKCWEKEKVYZ4RJ70VJJ3
01JCVM33VB652K0HFNFQ7EE5RQ,537.81,Camping,8/19/2021,2177,01JCVGPK6VH3M6Y9JAC2D4VFQP
01JCVM33VC28XBEX56DQKCE805,1515.35,Pesca,11/14/2024,1198,01JCVGPKM9E3K8R7QHZQA1GCCJ
01JCVM33VCCR5W9CCY50HR1QEF,1895.67,Senderismo,9/13/2023,2323,01JCVGPKWQCYH3Y4E1TA0NRVG4
01JCVM33VDAFRE23DEBZN1H150,133.82,Pesca,2/11/2024,4095,01JCVGPK0530WA2ZJDXAWBRNY1
01JCVM33VDZWNETKTBFQKXGKBM,1728.52,Camping,5/9/2021,3763,01JCVGPKST42WP0V7N74AZGRAD
01JCVM33VESA55GCQEN9MEQNZF,2954.37,Senderismo,6/28/2021,680,01JCVGPK0PRCF148VWYX7XPDD4
01JCVM33VEK7BEKRDEM3GN6H42,713.61,Camping,8/6/2022,2908,01JCVGPKZ7678EFGHSMQX2EC2K
01JCVM33VEYBQSSYER6QCP4K1K,2054.21,Senderismo,1/10/2023,1005,01JCVGPK69R9GRTPBQGPKBZB83
01JCVM33VFHE2M2F7YJB7CSWNK,2204.58,Camping,1/25/2023,3297,01JCVGPKECH0G2FEFEW4GJEPQW
01JCVM33VGBYFKRZECH6932W2H,1410.2,Pesca,11/2/2024,1761,01JCVGPK48E3ZK2QXJ7QBS6VGZ
01JCVM33VGZY1MQ0RGS2JC8P18,256.55,Pesca,5/23/2024,3951,01JCVGPKKBYWMW07DEMPVT63H8
01JCVM33VHJYKFTHK8PKCD9Y5H,354.18,Camping,6/4/2024,2574,01JCVGPKDECHQ93NWPFY7TBQ9X
01JCVM33VHFYMVZ04F4FN6SVT2,1458.93,Cabalgata,3/22/2022,4058,01JCVGPJZT07JDMH1YW6ZMZ9CX
01JCVM33VJJZ0G89EG074FMZSM,1283.24,Pesca,11/6/2023,1603,01JCVGPKDVYYZ7JJ8SQ8YZWZFZ
01JCVM33VJ98V18HKG31RA823N,438.67,Camping,9/15/2021,426,01JCVGPKS8AFT35KVBNKNVKGM4
01JCVM33VK79FJS4F5FN0ZBCN9,2692.78,Senderismo,2/1/2023,461,01JCVGPK6QPT83HFEY9EVHRTMS
01JCVM33VK4HK46F2XKJ58W5RA,1889.1,Pesca,7/30/2021,470,01JCVGPKH3FNNMZ3SKSEGDSKKY
01JCVM33VMCMVGTYXCYN6XAD8P,1734.08,Camping,3/3/2022,2869,01JCVGPKCTMFDGDE8D43N0JPRN
01JCVM33VMQ8ASN901BXYKG6GX,2304.72,Camping,8/8/2024,4180,01JCVGPKWW82JV6NPGPAPRWJ8H
01JCVM33VN1V8BNTAXP79ES6TC,993.79,Senderismo,12/8/2021,2553,01JCVGPKY7B68J08BX24TJFCJ5
01JCVM33VPXWFRATX2N4ECWK1Z,1279.91,Pesca,2/8/2022,2996,01JCVGPKTXQJ7B49492K83EZES
01JCVM33VPB9S65PHG066XSMHQ,2826.68,Camping,8/27/2022,3180,01JCVGPKH9EZX3REQR0CAW1JYG
01JCVM33VQYBWBC4T6SPBYJP7D,1634.45,Pesca,5/20/2024,843,01JCVGPKGD542X82PVRP07KZD1
01JCVM33VR2XDJX0AG0BK5YD49,1455.38,Camping,10/6/2022,1528,01JCVGPKB52VE80YWYBNGFXY68
01JCVM33VS2RD7ZHFPZRPKDCY5,1122.01,Pesca,5/21/2022,2119,01JCVGPK4MMXHHXN2YH4MT04K1
01JCVM33VT3Z31VY37S4HSVXD5,274.75,Festivales,7/29/2023,393,01JCVGPKDE3E4R0FD4WQ64GPPT
01JCVM33VTN951HDANPFMPQ0ER,1171.87,Pesca,7/9/2021,100,01JCVGPKRR004WSKZ1XMVE979H
01JCVM33VVJHHCM1JH2EGCRZWG,1019.63,Senderismo,2/16/2023,474,01JCVGPKDBHC8Q553T9GR12K4V
01JCVM33VVY48P4686W550MYSC,2358.17,Senderismo,3/10/2021,2320,01JCVGPK4DWD9HG7CF69YWBSAN
01JCVM33VWKVR516M8KA08ATCG,69.32,Camping,12/29/2021,959,01JCVGPKMBZ5EYT6A89QC3N0DZ
01JCVM33VWKM0FX8VHYPMA6B49,960.98,Senderismo,2/28/2022,1081,01JCVGPKSC9HK5A22GXFGRXZMX
01JCVM33VXY7QY0BVXRBE043W7,927.62,Camping,10/17/2022,3487,01JCVGPKT5K48ENPFFJ4MMKMV9
01JCVM33VXZHETS8X62DKRAWP1,1952.49,Visita a parques Nacionales,9/11/2023,984,01JCVGPKZGRYEMKR7CTPJ8XJH4
01JCVM33VY50DR6XB4WYMTWX6Q,2724.89,Cabalgata,4/14/2023,213,01JCVGPKWXN8HWJ6QAKH1W2A0E
01JCVM33VYHYM0BKPEV0X140QJ,1821.42,Pesca,6/20/2021,1889,01JCVGPKRR004WSKZ1XMVE979H
01JCVM33VZXYR3E45TK6JH7GKW,2527.82,Senderismo,6/29/2022,3154,01JCVGPKCHYGWTQH3WZKGEA55B
01JCVM33W0DDCQD7QN118370YG,1337.01,Camping,11/29/2021,1941,01JCVGPKF81R89BEQNXXH63X0F
01JCVM33W18KV235KRMTP11ZSV,1924.53,Camping,4/27/2022,430,01JCVGPKX2JKN5H1B9Z2TYNFNW
01JCVM33W2KR31KCGKV0D2RPEJ,2591.57,Festivales,7/15/2021,4055,01JCVGPK80R6JDCH9S5SBS56C5
01JCVM33W3K7DPP32AKBVM2DFX,1620.24,Camping,5/6/2023,2650,01JCVGPKKJ41AAA0VJYSKVD7Y6
01JCVM33W48K5C5V6QM6K73QKC,1554.1,Visita a parques Nacionales,6/15/2022,561,01JCVGPKWPZQDMAKVR32QB14YR
01JCVM33W5Z4CR6W9RRT633626,1447.12,Cabalgata,11/25/2023,3625,01JCVGPKDCZFFYWCQ07FJ2J2EV
01JCVM33W77RTEJZ8A0MEJHGJZ,1450.54,Cabalgata,6/21/2023,3757,01JCVGPKD3WJ4CYQ3D46GEQG55
01JCVM33W8A83T0RNB2QKSYXVS,2908.34,Pesca,6/27/2023,431,01JCVGPKZ6FNWEEBJDNA4JDXN1
01JCVM33W9XH5WNMXV0DDKC8KC,2555.04,Pesca,8/22/2023,1620,01JCVGPK84NA662E4KZEN15V7W
01JCVM33WAK3K9XJZQJE5DNMB2,2478.37,Camping,3/21/2024,2132,01JCVGPKKP6Y6B9SZ9S9EEWK4A
01JCVM33WC1CNPHVZ4EJCKGZYQ,2762.99,Senderismo,11/20/2023,2598,01JCVGPKKZ04CM5PBQC0CCM4EC
01JCVM33WDH1WAVDB1APJAT32S,1795.52,Senderismo,1/14/2024,1212,01JCVGPK0S6A74N8W8EGN4EPSN
01JCVM33WDAPTZBYMYH71GQVGF,2309.98,Cabalgata,11/6/2022,3664,01JCVGPK5WQHWD564SD9YW4DAZ
01JCVM33WE3GQDM409VCJ9QC1K,2190.96,Senderismo,11/30/2023,2827,01JCVGPKDTFSHD9V9T3TCB28JM
01JCVM33WEA2CB9DY0656KC8H1,1044.22,Senderismo,5/27/2024,1678,01JCVGPKQ1KMAT5RDZH5MGS1TS
01JCVM33WFGKGHVQJ4B5DH9HDW,2719.76,Camping,10/28/2022,1619,01JCVGPK1G4XTM0HJ1F0E2W29B
01JCVM33WGE66YT4V0201J7D99,1349.89,Senderismo,9/21/2021,2695,01JCVGPKG9MA7E9YXTNX03DVEJ
01JCVM33WJ6R5WKT5C4DHGA1AZ,389.23,Senderismo,3/14/2024,778,01JCVGPKWRDJH3BJJDH7T87NMR
01JCVM33WJJJ88RHRWJC1HDT1X,2556.96,Senderismo,1/24/2022,1141,01JCVGPK7BR32ET1Z2XC4MNJ1R
01JCVM33WMF4B37VN2KYZX5VSF,253.44,Festivales,4/2/2021,2770,01JCVGPK0XA7SW0AETGEEMMH1K
01JCVM33WMEAF2ZDHPCV1P4BKJ,1628.61,Visita a parques Nacionales,5/28/2021,622,01JCVGPKTE1K82HEC3QA062Q4P
01JCVM33X3NYJC47TA4PXJQ7F4,651.92,Cabalgata,1/13/2024,2611,01JCVGPKAFYZPCSD8ZVDEPCPVC
01JCVM33X4TX1THA3DE34TWA26,242.16,Senderismo,9/16/2023,1461,01JCVGPKQG2FGBQCE9AE9G2VKZ
01JCVM33X5S4C36S7GD1BBYC98,2878.6,Camping,3/31/2024,2553,01JCVGPKQ914ZD9SH4TEG688Y9
01JCVM33X5B6JF8RWRTCC5PFD1,2841.03,Camping,2/19/2022,2306,01JCVGPKAYSAVY2CZMEFW1BVS7
01JCVM33X6BBVYW1EVY32SK9C1,2641.05,Camping,11/5/2022,2235,01JCVGPKRY7MXBA0591KQPSGT9
01JCVM33X6EW7D1VJJPPP6WWSN,340.73,Festivales,12/4/2021,3824,01JCVGPKY354X8ZYH12ATJMJFB
01JCVM33X7QENV8YWMZDXAHNM3,2776.03,Senderismo,5/15/2023,2658,01JCVGPKHB6QYGC569HM532C7P
01JCVM33X71E10Z6XYFS72DJAY,2894.42,Festivales,5/10/2022,1619,01JCVGPKW342BVRHZPYQAKBJZ9
01JCVM33X8WPV88RYKKJ8CE3DA,2328.83,Visita a parques Nacionales,3/6/2022,2750,01JCVGPKNJ18YP18FYRJ04NY8N
01JCVM33X8EVB66VA9J2AAY47J,2392.25,Senderismo,3/11/2022,1145,01JCVGPKVVRR3163ZBV27CJYC1
01JCVM33X9QAK41ZYRS4663FJB,92.9,Camping,4/28/2023,4431,01JCVGPJYY2N2HHEQK87EQ6NFP
01JCVM33XAZ7HN6H656K429MH3,1296.14,Camping,6/16/2023,4463,01JCVGPKWJ4AZ49PBXJQH3MA7S
01JCVM33XAQWC4N8197NXYJWFR,883.63,Camping,5/7/2021,902,01JCVGPKAZ3FQPCKDC1BYXRA83
01JCVM33XBE122C6DS0R3C5MTE,1986.6,Senderismo,9/5/2021,2449,01JCVGPKPPPVCCYE39WBF9H658
01JCVM33XC1Y80G84KS8T8KRF4,2004.54,Pesca,4/13/2022,1536,01JCVGPKHM5C7ASF0G6JVWTZJD
01JCVM33XCVJYJCTTN0P9M432T,1085.37,Festivales,1/19/2022,2643,01JCVGPKRSNV0XEW69KZBM1PPG
01JCVM33XD5JXX6KSBBWDE2W87,2300.86,Senderismo,1/9/2023,227,01JCVGPK067SQ7BXGTD0C3SR8D
01JCVM33XESX5M81PG6WDMJBTG,2427.12,Visita a parques Nacionales,7/4/2022,3395,01JCVGPKZ2DSQ7CA7D6VRZPTCS
01JCVM33XEATRXANKCFYACAWHQ,2056.12,Camping,4/12/2021,1058,01JCVGPKFD6X58VCKDJ6FTN1BX
01JCVM33XF3NV50SDCP1YGCSK6,1084.69,Camping,9/18/2023,3751,01JCVGPKQK50TFBH9VPQPRJGMF
01JCVM33XFK0TX3Z0EPG948JVS,708.69,Pesca,10/27/2023,1707,01JCVGPKRBP5PJPY7C8PGAAGXH
01JCVM33XG3GZ2AZK1B87YTCFC,1380.1,Cabalgata,2/20/2021,3902,01JCVGPK8TA1HJZF6GZ721Y93G
01JCVM33XG25P1B1T9ZBR1XMK8,1808.58,Festivales,9/26/2024,2903,01JCVGPM1V5SK4VQBKXSFQ12CS
01JCVM33XH00HBFM44ZR7SJ1JG,1944.43,Camping,6/9/2023,1918,01JCVGPKZ1HNPQ5A17TXYEZQB4
01JCVM33XHWHSVTXW1YYNRGQKC,2629.31,Cabalgata,2/10/2023,669,01JCVGPK514QNEWHJXWN7NZYD6
01JCVM33XJH9V987N19ZX936BF,1005.35,Camping,6/18/2021,3499,01JCVGPKPEY3C3DEPQFR0H42R4
01JCVM33XJZHZEFZDQRQZJDDQR,912.59,Festivales,11/15/2021,253,01JCVGPK6HMX72P8B1YD90XTHX
01JCVM33XKX8J483SNGJCAVS98,267.97,Camping,6/29/2022,3909,01JCVGPKXB93MSEAGSA34W6VEW
01JCVM33XKP7NRSZVT8TKSKMSZ,465.03,Visita a parques Nacionales,12/12/2021,2540,01JCVGPKST42WP0V7N74AZGRAD
01JCVM33XMK20T0TDQQ43ZF4MV,458.0,Camping,7/6/2023,2944,01JCVGPM1F733DEHASKTB6BR9K
01JCVM33XM6AZXF5GDJHT1MRGC,1901.07,Cabalgata,1/30/2022,2681,01JCVGPKC6JKJ30V55ENPM6G2G
01JCVM33XNAXNB1001DX0WTB23,112.38,Cabalgata,12/18/2021,3776,01JCVGPM0ENFYH6BE4JNP89XPS
01JCVM33XP0YVGF6RMNF6KQSQK,1803.47,Festivales,11/25/2022,1940,01JCVGPM15H892QZT5BJ6SP8NP
01JCVM33XQ1SFR2266D6MR74JC,1503.49,Cabalgata,7/4/2022,2704,01JCVGPKT9R8D82DBQXW3N46YW
01JCVM33XQ3SRXM2PQGJ11AG9D,921.87,Pesca,4/30/2021,2084,01JCVGPK5JWG1AZ696012RE6C1
01JCVM33XRBT6XC21KSN4BD7XR,1363.09,Visita a parques Nacionales,6/3/2022,2175,01JCVGPM25CED1CDFS2H7RVAEM
01JCVM33XSM8Q692NNE1Q55BZN,1065.36,Camping,7/12/2023,3847,01JCVGPKN4BGJJS8CJSPCDPEEJ
01JCVM33XSGYCEVC4A03WCWKJ3,1903.42,Senderismo,8/4/2024,1454,01JCVGPK6VH3M6Y9JAC2D4VFQP
01JCVM33XT1BSRMZW3J9CAVP5B,2910.38,Senderismo,11/13/2022,4071,01JCVGPK4431973QD8AREFQZPS
01JCVM33XTX99EE6YATXYHJAVF,2681.34,Cabalgata,9/7/2024,3945,01JCVGPKFPQ7C51DN63K1Z641S
01JCVM33XV781EV90F7B584JCB,1962.37,Camping,7/16/2023,4317,01JCVGPKZZJK5T83W0ZBY5BKV9
01JCVM33XVE9ZVVPB9XNJXNFX9,1077.55,Senderismo,12/3/2022,1295,01JCVGPKHB6QYGC569HM532C7P
01JCVM33XWH3ZA84D6JV2TZ5GB,838.75,Camping,9/27/2023,1513,01JCVGPKTA19A8R1P2D78D7A9V
01JCVM33XXXGJP3FK604YS8KGK,2462.01,Camping,4/27/2022,2219,01JCVGPKB13MSXYK8EJNZNDA3R
01JCVM33XYB0XHSANAABMDSKZV,264.3,Visita a parques Nacionales,11/17/2023,1092,01JCVGPKV57GD1XMKBDXEC9XYD
01JCVM33Y0E1W9KG34D6ZTXEM9,1557.08,Camping,10/6/2021,2871,01JCVGPM0A46H269V475950PV4
01JCVM33Y18KBFDSPB1EZ2K4CP,662.22,Camping,11/10/2021,4078,01JCVGPKPW4T4XJ862S1T92HZS
01JCVM33Y2W3FYDZP8W169JN1H,1419.34,Pesca,8/2/2021,3543,01JCVGPJYHXTBZ1JZXB4PCSG07
01JCVM33Y25CS3SN7QS5P40HA0,1103.57,Camping,11/1/2023,1948,01JCVGPKMZ842T6KDCGV0MWXWS
01JCVM33Y3CND3FZ3JHZNXK7ED,2826.65,Camping,2/8/2021,4193,01JCVGPKKWJZC21Y76H1DZAD7V
01JCVM33Y3938FHSMVS24VK5H0,2473.1,Camping,7/2/2023,2107,01JCVGPK5ZXS2JKJBHH38KG633
01JCVM33Y4J5C8EM4QKJAM7HNT,2580.25,Senderismo,12/9/2021,1359,01JCVGPKW1XWT5BWJR22YVHV7W
01JCVM33Y4JT9662F4CSG737TF,1839.79,Senderismo,5/13/2021,3906,01JCVGPKRG35NAJHGWVGNQSNB4
01JCVM33Y5YM16JCAK8FAAZPS3,770.19,Senderismo,3/3/2023,2066,01JCVGPKF5MFZTTZTG4HNQTQ5A
01JCVM33Y62FJH7C0D5GT85Y54,2682.69,Camping,10/22/2022,1445,01JCVGPKFKN016VZ5KMBH17HPJ
01JCVM33Y6J7G0E1WMT27FYMGQ,1057.01,Camping,5/24/2023,4107,01JCVGPKY69JRR7V79QF2WJWD3
01JCVM33Y7DNY4XSM7G0R1YNG3,740.25,Visita a parques Nacionales,11/3/2024,118,01JCVGPKVE45XDPW9BED9KN27Q
01JCVM33Y8BFBK0WZ199GN23NC,77.98,Senderismo,10/16/2021,4023,01JCVGPKHCAHSWKJ8S8E9W0E86
01JCVM33Y9EN17NBXHAMKVYKNF,2356.92,Visita a parques Nacionales,11/16/2021,2385,01JCVGPK6P2SDK14ERMSVYJTHG
01JCVM33YA93CYM2380W4PM4PC,995.71,Senderismo,3/23/2023,1761,01JCVGPKPJJDQ65FK9QJ0W4AE8
01JCVM33YBPF89BBSDC89B7B5M,2237.57,Festivales,6/14/2023,200,01JCVGPK11AMDQ3HDR3TBXP79E
01JCVM33YCFTT57T2FSWHJV2CD,2737.16,Visita a parques Nacionales,7/4/2021,1986,01JCVGPK71NVAD6PN0E7NB92AP
01JCVM33YC2NDPSWTYWJ8KVY2K,2928.33,Pesca,8/11/2021,984,01JCVGPKP6KTPBGHGVQW5NQY43
01JCVM33YDNZJTXS8QDEZ47B9W,1614.49,Camping,6/7/2023,3655,01JCVGPKQVBV6MKWXK7HCXMG6N
01JCVM33YD6MMW6R5C6WNZW47C,966.25,Senderismo,5/20/2023,1739,01JCVGPKATP56FGGQW5QP2WAQA
01JCVM33YFV27EDNGQJF0SRYPP,2209.66,Visita a parques Nacionales,10/24/2021,1001,01JCVGPKA06KQTP1WK6VQF10MS
01JCVM33YG2E2GAYXG6C8483TT,2521.54,Pesca,5/1/2021,4342,01JCVGPM0SG494AAYCJ4GWSFWA
01JCVM33YG2AQ1F6SEBC3EJZH8,2894.56,Camping,2/21/2023,4095,01JCVGPKKDR0PJB31EHVSK6RXN
01JCVM33YHTFMM9H4WMYS78VND,1525.49,Cabalgata,7/8/2024,4053,01JCVGPKRVKPA8969GBV4J11TA
01JCVM33YJZVQBAJJKNWB12F5S,382.86,Visita a parques Nacionales,9/18/2024,1857,01JCVGPK84NA662E4KZEN15V7W
01JCVM33YJAD7CHW7V4B75JKMG,2980.0,Senderismo,4/4/2023,406,01JCVGPJYWQ9T62ZYNMXJRZZDX
01JCVM33YKFV6MDBSSYWTPENND,1072.86,Pesca,9/29/2024,1813,01JCVGPK77GPFFW3E34269Q4DN
01JCVM33YKFPM1MBTKY5KJ80JM,2280.12,Camping,11/30/2023,49,01JCVGPKEQ9VEAZ8W2M0XNKG7Z
01JCVM33YM1ZEMERNJZ9HC2YMK,2930.76,Senderismo,10/20/2024,2069,01JCVGPJYWPTJNW49F98ACWZ6M
01JCVM33YM782RHDHXREQ1D1T9,2327.43,Senderismo,11/15/2022,1511,01JCVGPKHRG7Z5ZQP86CB34THT
01JCVM33YN0VBYVT7W0EQ2QTF3,2146.75,Camping,3/16/2024,1675,01JCVGPK0Z871MGCEPB5DF492S
01JCVM33YN5JH4Q37BRHZ03212,111.75,Camping,10/13/2022,2765,01JCVGPKW8QC4JEPY4RPD68VTX
01JCVM33YPZW4SVPCEMEVJFCXD,690.31,Visita a parques Nacionales,1/20/2021,1198,01JCVGPK1JHJ36KNAX3MKF0SSH
01JCVM33YQEXRAVNF5YS73YN78,1807.26,Camping,9/25/2023,144,01JCVGPM23X42ED3VS7FQCPN51
01JCVM33YQBYJP83R3VHMARZVV,1913.58,Festivales,10/23/2021,793,01JCVGPK15PMGGBZ38FFM8ZRV0
01JCVM33YRV8PDGC2JRX2R9BAN,434.51,Camping,3/10/2024,2860,01JCVGPKEAEQKD7D71AEQ12155
01JCVM33YRP9FGTNE1RMEP2CFY,61.02,Festivales,9/12/2021,551,01JCVGPKESEJSTCNNQZKFCT71Q
01JCVM33YSPPJR17ZCN11RBZHG,1198.27,Senderismo,4/1/2024,2405,01JCVGPK67G1XGX6B4G7RVQB6B
01JCVM33YSG3EDKYQQA47PH2E6,2102.88,Senderismo,1/10/2023,1763,01JCVGPKSV8XHZVD793H3J771Y
01JCVM33YTKZZPE41YYC14JMJJ,1963.63,Senderismo,8/19/2024,833,01JCVGPKFBVHDFPXWD34MG2N8H
01JCVM33YTG30DQDE0REP135AG,2053.79,Cabalgata,4/11/2022,1848,01JCVGPKRSCPMPQRFA6KWPDG31
01JCVM33YV1JF321G5697053W4,977.52,Cabalgata,1/15/2024,602,01JCVGPKSQYQ4JSBSD9CC0APP0
01JCVM33YWE5MFE9ESRFZFXH31,2030.35,Cabalgata,6/17/2023,4218,01JCVGPKZ7678EFGHSMQX2EC2K
01JCVM33YWM255MPKS77P7TWF5,1231.43,Festivales,3/13/2022,3692,01JCVGPKE1WHEVSB2YVXCZC5F4
01JCVM33YXCWKQ68ETNG0C2MR0,2952.68,Camping,5/31/2021,2002,01JCVGPKDJX9K3RZM3PRT7B9FH
01JCVM33YY0Z7QTEY9M7GTY3HY,662.44,Senderismo,1/6/2023,1947,01JCVGPKMX7MR4GGTTTZ5F9SEG
01JCVM33YZ9E4VJQE1QNZX7Z60,1965.87,Senderismo,11/29/2021,140,01JCVGPKB52VE80YWYBNGFXY68
01JCVM33YZRZ2S12G2K0Z5Q44Z,2841.69,Senderismo,8/18/2021,723,01JCVGPKWTGWH2MNZ9H7FAPASY
01JCVM33Z1GT47G6GTXGCRSWNE,2707.93,Senderismo,9/10/2021,3386,01JCVGPKHB6QYGC569HM532C7P
01JCVM33Z1SH99AWY8PSBWES8Z,1097.21,Festivales,7/7/2024,3254,01JCVGPKHKT5PAAVJNEZT432FK
01JCVM33Z2PKDPDPWDDWCBRQBD,1359.13,Camping,8/24/2022,2129,01JCVGPKP0JTMCAQ9CG7DEMEFX
01JCVM33Z2DZBM0REV35116VTX,2457.14,Pesca,9/7/2023,1009,01JCVGPKVCENCXEQ4NZTMCX41J
01JCVM33Z3P7Q9XM16BC41WEXR,1448.45,Festivales,1/25/2024,2272,01JCVGPKT19D53MPZW9R33FYG6
01JCVM33Z3VFGMKNMRZG8RFN7K,68.53,Pesca,3/8/2022,913,01JCVGPKTHQ91YNG11D8435Y60
01JCVM33Z45HDGZQ8EPXHSTS38,543.81,Camping,5/20/2021,3491,01JCVGPK0J16GBXRYKR0WS74TT
01JCVM33Z47TA9WSSCE4Z5R1H0,2162.6,Camping,5/3/2024,1413,01JCVGPKZ40H2S3Y38G1YD72EF
01JCVM33Z58NBWZQ6Y2J4366F9,610.4,Cabalgata,8/24/2023,890,01JCVGPKVHWRVNS9GKSKJDTQB0
01JCVM33Z6APN11272CD7MBS9S,726.19,Camping,2/15/2024,1893,01JCVGPM112YXNGTFCE1B8S38H
01JCVM33Z6R8DT6R723A904QDW,2013.37,Senderismo,3/1/2022,778,01JCVGPK7ZD5KWXEF66QW6MHM8
01JCVM33Z8EA9F731VGECX294N,2448.75,Senderismo,8/24/2023,2475,01JCVGPK50768M8D7VK8GCXGH2
01JCVM33Z8J1JY6J5HC1XYZ6KB,2269.06,Camping,5/7/2022,3537,01JCVGPKNYKX4QE932FG7FMPF6
01JCVM33Z96MEB54H278X6JQFW,1573.88,Camping,10/18/2022,2193,01JCVGPKSV3G4FV54RY2G497J6
01JCVM33Z9AS3GFDC6Y3E2ZJB3,1452.85,Senderismo,12/17/2022,4301,01JCVGPKG4YP1W80GG7TKHQ1VG
01JCVM33ZA7A21MF0X7HSHS0KY,1303.96,Camping,2/4/2021,3628,01JCVGPKNWBAB3PYQRZH1910NP
01JCVM33ZA7AG9Q35BXEB02Y3T,653.18,Senderismo,8/7/2023,4062,01JCVGPKG9MA7E9YXTNX03DVEJ
01JCVM33ZBX8VCTH2DZXV33ECX,494.61,Visita a parques Nacionales,10/4/2024,321,01JCVGPKGTPJHJSF52C3G4J8QQ
01JCVM33ZCF2D61GX8PHJ6WQEC,845.39,Cabalgata,7/14/2021,3067,01JCVGPKRR004WSKZ1XMVE979H
01JCVM33ZD2KW2RCC571T54XZE,1336.4,Camping,4/15/2021,2319,01JCVGPK5FVAFYWKH668W9C6P6
01JCVM33ZED9NZHAVRMZ73WXJ3,51.22,Senderismo,10/21/2024,1098,01JCVGPKQ6XT8PJF47GZ9ECFDJ
01JCVM33ZEP7MB9QFGHE7ZS9WX,1350.88,Cabalgata,8/26/2024,3491,01JCVGPKRCB5QK4K0TNWQKYF25
01JCVM33ZF69CXNQK3K7B0CC7Y,737.58,Camping,11/27/2021,1859,01JCVGPKMRRMGKDZH4G59FEH1Y
01JCVM33ZF9Z7NWTYS977YEAFE,365.53,Senderismo,10/8/2022,3425,01JCVGPKDRT35MHYB570SW9GPA
01JCVM33ZHVVGYED48M1X4BVYN,2146.86,Cabalgata,7/28/2023,2386,01JCVGPK99BC62D8PRQ5D2H3FF
01JCVM33ZH86BZFRJQW1F79M09,2738.39,Camping,6/25/2024,4386,01JCVGPKT2533PRRZ948Y7MVC0
01JCVM33ZJZBTKRWHGM61ZJRED,651.05,Senderismo,5/15/2024,3640,01JCVGPKTQBGQFQ15235ZZZY0V
01JCVM33ZJKV95M16SR376BNJY,2947.86,Pesca,5/7/2021,2345,01JCVGPM0CMGHXN12PXSZX6K7K
01JCVM33ZKHG8FW5E9P1AB73DN,1758.41,Senderismo,6/27/2021,1610,01JCVGPKGD542X82PVRP07KZD1
01JCVM33ZKX21DSHTY0AK6S9RK,922.01,Pesca,5/27/2023,2039,01JCVGPKMV38WTVC55MTDP2A11
01JCVM33ZMVAJZS2RTQJQCWWZD,301.69,Senderismo,6/23/2023,3822,01JCVGPKS3XNFAXTPM8MSTFY4B
01JCVM33ZMB1H7ZK4EPVASPVSJ,1152.14,Camping,12/26/2022,3281,01JCVGPKFJE0GGH0NYYY01DHZD
01JCVM33ZNF5S5WEEQAD6GS6KZ,2650.11,Pesca,3/23/2021,999,01JCVGPKA7XEPV5KRAY556CHP4
01JCVM33ZNAKX7S5BEA91V1H0G,391.11,Visita a parques Nacionales,7/22/2022,1293,01JCVGPJZ0AZRGV50T85771CPV
01JCVM33ZPFPR3X7YAAHVTKCBC,689.77,Camping,7/18/2023,1780,01JCVGPKC3QE8EXGJ2KPPVQF9H
01JCVM33ZQ17C51G7AHQN9JY3T,2346.58,Camping,10/30/2021,1185,01JCVGPKVVRR3163ZBV27CJYC1
01JCVM33ZRXMQPC9R3MS3DTXTS,2402.56,Visita a parques Nacionales,10/18/2024,4419,01JCVGPK0HCQZTVAYP9WWGEZHR
01JCVM33ZRWPKWZCNTV7ADCFE0,1059.84,Camping,5/9/2022,3426,01JCVGPKFJE0GGH0NYYY01DHZD
01JCVM33ZS360F5XF5RW708293,486.96,Camping,12/8/2022,1355,01JCVGPKJ0AZXEMY4VYZM6DS3N
01JCVM33ZTW2SVYRAD7J1MK7EN,1294.98,Camping,10/19/2022,3051,01JCVGPK067SQ7BXGTD0C3SR8D
01JCVM33ZT0G30F4D04D3JY3CY,2250.93,Visita a parques Nacionales,7/3/2022,3655,01JCVGPM05MMNM59670P215WYF
01JCVM33ZVQ5H2JSMZT0W0CY1V,1797.92,Camping,11/25/2023,492,01JCVGPJYA85B1NZ0V878H3TRJ
01JCVM33ZVWNC88XEAW4JMS70V,117.5,Senderismo,7/17/2021,1131,01JCVGPKFJE0GGH0NYYY01DHZD
01JCVM33ZWHQ0KKCV7NA6XK3T3,189.44,Pesca,3/11/2022,2967,01JCVGPKVP6T53BY5C3TB09MJX
01JCVM33ZWBX5YV27MBEP2FAYP,335.53,Pesca,3/10/2022,1267,01JCVGPK4431973QD8AREFQZPS
01JCVM33ZX4C8P51CG5PDA0ST8,1980.06,Festivales,6/4/2023,892,01JCVGPKW1XWT5BWJR22YVHV7W
01JCVM33ZXZG3SC3JXRNX9G0P7,2338.57,Festivales,6/3/2024,3266,01JCVGPKZM8KMM5MNHZ7Y9TAJW
01JCVM33ZYPB1N9ZS0DNJVZJTX,2008.63,Senderismo,11/14/2022,616,01JCVGPKNBEJPMW6D5R4NRQZY1
01JCVM33ZZY88R47CE4VVF5H36,431.82,Cabalgata,6/27/2024,2152,01JCVGPK7C7R14NT8XFYDFHHKW
01JCVM33ZZPCGD2M2CZZZ2A2TT,964.47,Festivales,1/12/2022,2744,01JCVGPK3V0CQW8AQX4Y2QNC4K
01JCVM3400Y9F6QWZ23GFB4NRV,2111.34,Pesca,4/2/2023,3651,01JCVGPK5W2GD7DKTD67571WS8
01JCVM34004NMSX08G358P5X8F,1171.68,Camping,4/8/2023,2180,01JCVGPKYT7PWRRK786K4NRM4A
01JCVM3401C2TE3XN3PXKWZNM0,446.61,Camping,7/2/2024,3851,01JCVGPM1S4RJBKPDKV6F80XDY
01JCVM3402V2JMZC0ZHRCVRRTY,369.02,Camping,5/13/2023,3324,01JCVGPKN6CVQK27CDW5W4F6Z0
01JCVM3403W44SNQCTRMD01041,1098.82,Festivales,9/30/2023,3388,01JCVGPKH9EZX3REQR0CAW1JYG
01JCVM3403B7WT1YCGHT0F1Y5Z,1526.84,Pesca,3/22/2024,3475,01JCVGPKNBHKS4Z1FCEGB7RZ4F
01JCVM3404280X48ZXYTC17M20,1928.66,Camping,6/25/2024,2319,01JCVGPKYHSSHTFSAEJ9QEYY61
01JCVM3404E8V6P3PY37NBKN97,335.62,Camping,12/3/2023,2335,01JCVGPKZ91NNA9XYC3ZDAPSZT
01JCVM34052MXM0JHZ6TKEGQFQ,2096.51,Camping,9/19/2022,1108,01JCVGPJYXTQWVHXKRA2C5KNZP
01JCVM3405ZDA2VBZF9G8CV1CT,2649.42,Senderismo,7/22/2021,3478,01JCVGPKKX63JR001XMV240PP7
01JCVM3406KMYWETP47A4M5Z6M,2953.15,Camping,9/8/2021,1150,01JCVGPM2BYBC6X6Q36KMH1R5Q
01JCVM3406YP3DWGDF5G5959NP,2708.12,Senderismo,9/14/2022,2440,01JCVGPKYB55KEBR1SV9T7VVK1
01JCVM3407YKRE9Y2XZR8512Q3,2942.43,Festivales,3/9/2021,4144,01JCVGPKSYBZPP57YNY63KXJ6W
01JCVM34073VWRKRZBFQ6A9ATF,2845.58,Camping,1/10/2022,3803,01JCVGPK71NVAD6PN0E7NB92AP
01JCVM3408M5E1DCPYNWV9XMV9,1934.02,Pesca,3/14/2024,2267,01JCVGPKATP56FGGQW5QP2WAQA
01JCVM3408324ES0N1SX87X7YP,805.57,Festivales,6/23/2024,2875,01JCVGPKHX767YTVWGA0MCMTQ6
01JCVM34095VK0DZFW81BQDAKB,754.28,Cabalgata,2/13/2023,4140,01JCVGPKTFDZ4M7MY413VFCRFY
01JCVM34097ZGVE24Z7Z0GCDNY,1842.37,Cabalgata,1/19/2024,2980,01JCVGPKGA81MP1F2YBSN34T3T
01JCVM340A40020H7D7H1XJKQ0,2089.62,Festivales,10/22/2021,1800,01JCVGPKBWK1PRCJ9ZXJ5AQ431
01JCVM340AET0EH8HEN4HF6PVZ,2808.11,Camping,4/3/2022,3394,01JCVGPM18V4VXESF8NG5930G0
01JCVM340BGM6BNBTYB80XD2HF,857.46,Senderismo,9/21/2023,141,01JCVGPK1CD5NQHBJPTNCSQSXV
01JCVM340CVC8P5PPYSK747DH9,2480.54,Senderismo,2/28/2021,1554,01JCVGPKX7GT4WX584XMHM3NVK
01JCVM340CWNXJ59X8D9PNZ1KD,1295.8,Senderismo,5/20/2024,1211,01JCVGPK9C8M3MKMA4BAPM6KR9
01JCVM340DNYKTNRQQGX53QTCQ,627.0,Senderismo,4/30/2022,4420,01JCVGPM1JNFZAP97HSB82NZ4C
01JCVM340DS49VW7KPYT7X3Z0T,2032.87,Cabalgata,2/6/2021,2898,01JCVGPKVHWRVNS9GKSKJDTQB0
01JCVM340EVQ17BSKH8EFH4PQG,1656.52,Camping,10/17/2022,3151,01JCVGPKXV38AZT5W4GF7GHSGS
01JCVM340E8X48S4JKCEAQSV5J,1801.64,Camping,5/7/2021,283,01JCVGPKN8FJP966Y70QB6YT0T
01JCVM340FQVHEWMM97R7F2Q03,2565.22,Senderismo,7/10/2021,321,01JCVGPKNWBAB3PYQRZH1910NP
01JCVM340F5ZC8Q2R7EPQ43HE2,2920.64,Visita a parques Nacionales,7/5/2023,3863,01JCVGPM09PDRTK001XYF0SYP0
01JCVM340GGKKZYGMK5A6D9DAC,685.02,Senderismo,2/21/2022,2806,01JCVGPKY850E27E9HD2QVT4RW
01JCVM340HZ0QCYFTHCNCWPADJ,2019.42,Camping,6/16/2021,598,01JCVGPK7JQZCS1P8T3Z3Z87S8
01JCVM340HYC0BF0A8ARDHKTDK,1781.25,Festivales,7/4/2024,226,01JCVGPKWCFVF3YZC5R9ZGH1TJ
01JCVM340JNE75Y686J7MCJ197,1803.85,Cabalgata,5/11/2023,1694,01JCVGPKZ91NNA9XYC3ZDAPSZT
01JCVM340JGAQSRXC31HEEG4QN,591.2,Senderismo,11/13/2024,1360,01JCVGPKWTGWH2MNZ9H7FAPASY
01JCVM340KEHPZM8SW5Q79H3E4,2429.82,Camping,6/25/2023,4353,01JCVGPKPZEEZVB4E5J0BQE5XV
01JCVM340KY5EBGRVQ16FSC4QY,922.58,Festivales,9/21/2023,2565,01JCVGPKY5AWWAXDA100EANADA
01JCVM340M61TS8GZJ60QR4PHT,2358.98,Cabalgata,4/8/2021,2198,01JCVGPM04GVKYKESFDZZQARRC
01JCVM340MB5CKAJR65KBJ5FDE,1226.42,Senderismo,9/10/2024,1580,01JCVGPKFBVHDFPXWD34MG2N8H
01JCVM340N42N67Q4GRZ1AN2Q8,487.75,Festivales,10/18/2021,296,01JCVGPKZ4PPKZ8RYEFWJY1HPR
01JCVM340NBRENPMDG8WDA22CQ,1453.0,Cabalgata,1/29/2021,2353,01JCVGPK77SAF3ZP8DGFZCFFY6
01JCVM340P3DTFXFBVDVQSJD9A,650.73,Cabalgata,8/21/2024,1568,01JCVGPKNT1E73X8HSFV26F6B2
01JCVM340P5XACG54YEW0X9M84,2631.84,Senderismo,2/15/2021,2273,01JCVGPKPM1WTDHFR3E108WH4M
01JCVM340QVJTVWK9XBSQB7GTT,338.37,Festivales,6/6/2022,454,01JCVGPKKM5XGX60EZTY7N46DN
01JCVM340RZABC8Q24EMCA6688,787.27,Camping,9/4/2023,4428,01JCVGPKRMNNPGY3CB1ZXSW7NV
01JCVM340TXCBC4V8BKCEG3XGF,225.59,Cabalgata,6/1/2023,2439,01JCVGPM03G1DR1XF55VWAC66Y
01JCVM340T69DNBTJRE1J6T2TP,456.33,Senderismo,8/6/2024,3796,01JCVGPKEJPJNNTE8TQAY7YHXP
01JCVM340VWV206WA0QBQHYG3B,1014.28,Visita a parques Nacionales,3/9/2022,3321,01JCVGPKMP1NH8M4NTPE5F4WKC
01JCVM340WFNZYKT42MZT4BK5M,2347.03,Pesca,8/1/2024,2319,01JCVGPKH78N6FHKAC0367ERXC
01JCVM340W4Z4C9XPMNRBN7TDT,1792.37,Camping,7/13/2024,979,01JCVGPKCBP8RKSHXQ31EX396E
01JCVM340XCK17SW9Z3N1WFZRM,557.28,Senderismo,9/25/2022,1939,01JCVGPM18V4VXESF8NG5930G0
01JCVM340X7Q606RJABC0Y8HYD,801.18,Cabalgata,12/3/2022,2252,01JCVGPKY0H2FZRZNQ9T2CBG38
01JCVM340YS4WZFGTKA2ANGFTC,2861.32,Senderismo,3/20/2023,1541,01JCVGPK7WPQV8B8WR3SMCMZKC
01JCVM340ZFCN7WYFS4T6AW90R,1334.96,Senderismo,11/18/2023,1010,01JCVGPK3ZX44Z0V2FA940D8W2
01JCVM340ZPQJNWX8ZD33CXGM3,855.0,Senderismo,11/2/2023,823,01JCVGPKE09TRK7JNKZ44BPP6T
01JCVM3410DG63A3BC821WP207,1220.3,Visita a parques Nacionales,2/17/2022,4081,01JCVGPKE7HC4ZKKD3C2DH4ZV3
01JCVM3411ECVY79VGSQ895CTX,968.46,Senderismo,5/17/2023,2777,01JCVGPKWQYSW5CV6Q8T1QG87M
01JCVM3412VT2CSKP3CNP0S87Z,161.55,Festivales,10/27/2023,1123,01JCVGPKSDSDTR2552T7E4Q2P6
01JCVM3413FW81Q6M7BMJC0YV7,265.63,Senderismo,1/25/2024,974,01JCVGPKW8QC4JEPY4RPD68VTX
01JCVM3413BX5GTPTQQDSFX4ZK,998.09,Senderismo,9/15/2022,3080,01JCVGPK7AHV2D1RE8WN63QH5V
01JCVM3414ABG7X8240ZYX3TC7,359.15,Senderismo,6/14/2023,3567,01JCVGPKW6B1SFY9GXX48HZBP2
01JCVM3414QP3JTTK3848JGSPR,1408.34,Camping,1/3/2022,4099,01JCVGPKQ914ZD9SH4TEG688Y9
01JCVM3415PHKZDP99TSG7HGBM,1775.02,Camping,7/31/2021,2206,01JCVGPKTM8QW6VDZKNSEBEZW9
01JCVM34153FQ0RQ9JGEGZD691,2564.05,Festivales,4/18/2022,862,01JCVGPKHEQCQ4GC01H20SRQ42
01JCVM3416ZQZG9Y7HK3DBGS6W,1866.22,Festivales,1/30/2021,967,01JCVGPKVTKVBNWVBZZAEFB23H
01JCVM3416DNCHEGPMYDTH92ZS,743.48,Pesca,3/25/2022,1845,01JCVGPK192J1JXAZ0SPE46XSC
01JCVM3417XASB5B374YGFTW8K,2025.46,Camping,2/16/2024,340,01JCVGPKDSZTWMZ6HGXE20KYD9
01JCVM341833YRXNJW3E1VBBE5,2274.89,Camping,6/26/2023,781,01JCVGPK4C3PA7QB9E6ETAY03T
01JCVM34184TNNA050JYXH9G5Q,753.52,Cabalgata,12/27/2023,141,01JCVGPKAYSAVY2CZMEFW1BVS7
01JCVM3418BNG9QNQ7XDXEWMBX,2089.99,Cabalgata,12/23/2022,2533,01JCVGPKNFEGBX7MTPCKDB8M3E
01JCVM3419M6WXN5ASS2BMHXNA,2497.01,Cabalgata,10/16/2023,1013,01JCVGPKAKXMDQ000VNCZJWCE9
01JCVM341A19MJ3PVA50GNDJWA,1247.17,Senderismo,7/1/2024,4077,01JCVGPM0D2WZ98DBD15TE17AR
01JCVM341BQ5WAHYPE4BBYHEZ3,2502.8,Visita a parques Nacionales,9/17/2023,887,01JCVGPKV4ENJF0QVPV23FQZS5
01JCVM341CMRQE39Y7BTPKQMV1,1596.89,Camping,3/3/2022,4159,01JCVGPKV9BB73Q1GV25469C1H
01JCVM341CWK49N4GPGB71AXBG,2480.08,Camping,3/23/2023,2938,01JCVGPKQ2YW9V4277Y79CZP1J
01JCVM341DYX8CPGF50PS64MRT,2082.34,Festivales,7/19/2022,3279,01JCVGPKDBHC8Q553T9GR12K4V
01JCVM341E9YSKC3V02CZPSYVR,1033.75,Camping,5/14/2023,212,01JCVGPKBCX2T0VGDGWKTZR3WD
01JCVM341FWSF522Q5MS2KE5SK,660.37,Camping,5/4/2022,2325,01JCVGPK6MRAXWBE63KSWVFPMT
01JCVM341FEP2D185EF93AZF9X,2932.85,Camping,10/23/2023,274,01JCVGPKH60TEQPSRQ4RJKW1H7
01JCVM341GSZCK0GD6CRYH8MQH,1256.3,Visita a parques Nacionales,2/7/2024,3129,01JCVGPKGH136A3JP243X39EFF
01JCVM341G1PR7BJN4WQBVTX48,2231.72,Camping,1/7/2022,1246,01JCVGPK7G7MEGS56KX467BW9N
01JCVM341HSRR1G2TFRP3RHB1R,2137.23,Senderismo,1/18/2023,2880,01JCVGPKT19D53MPZW9R33FYG6
01JCVM341K50R9YKM9K71176SY,1029.65,Senderismo,4/5/2024,597,01JCVGPKY354X8ZYH12ATJMJFB
01JCVM341MGHD6DHH5BZPP7SX7,2412.53,Senderismo,10/19/2024,2474,01JCVGPKKFADQRZEDKH8H8M77Q
01JCVM341N6HBPRKZY52JZ2PSP,2140.03,Pesca,6/25/2024,3691,01JCVGPKP9Q9YHJPPP0W49JCAD
01JCVM341PFWC5TK1HYEX3ZQPP,452.78,Camping,10/2/2024,992,01JCVGPK0WEFM0RVC1SV907F7S
