id_lugar,id_incendio
01JCVGPJYGMVGERRHFVGTS49JF,01JCVGZBFYX5GNAFZM2JPQ1X52
01JCVGPJYA85B1NZ0V878H3TRJ,01JCVGZBAMA6NHZBFA0K83VH69
01JCVGPJYHXTBZ1JZXB4PCSG07,01JCVGZBCVAAB67PN25X1PZQ5B
01JCVGPJYDM9C41N3B27YRGP9N,01JCVGZBP5CF4K4DBAV1PGC06C
01JCVGPJYK2RSHZAVHBG3JR24F,01JCVGZBK1TEZKCC0Q973B8QMN
01JCVGPK02HBT2RAABKHYZ090T,01JCVGZBF0BAY75S9W52XHSG6P
01JCVGPJYMNFA8NSGSWCQKC63Q,01JCVGZBKCC7J9VPCBCEZMMY99
01JCVGPJYPD8SPVCK5VVYJG8QE,01JCVGZBKRDWYSSQYPDH9F7X66
01JCVGPJYA85B1NZ0V878H3TRJ,01JCVGZBTRHHAM93Y2YFBTVH2N
01JCVGPJYY2N2HHEQK87EQ6NFP,01JCVGZBPJDCT96SRW79Y1K3B2
01JCVGPJYA85B1NZ0V878H3TRJ,01JCVGZBE61Y8N99CD087RFAJV
01JCVGPJYGMVGERRHFVGTS49JF,01JCVGZBF7CP2SVE5C16NZ8M9F
01JCVGPJZ1M39Z16X2GYK7ATSE,01JCVGZBBX3BJKVG76CWX74JW0
01JCVGPJYJAPZB81K43TDMW7KV,01JCVGZBKV2XD81XE6X6SKGC34
01JCVGPK02HBT2RAABKHYZ090T,01JCVGZBKP0N9GPABVD1HBM032
01JCVGPJYJAPZB81K43TDMW7KV,01JCVGZBE19NA5DYC8DGXVYFQD
01JCVGPJYMNFA8NSGSWCQKC63Q,01JCVGZBG7C3MVQCXEVKJ1M233
01JCVGPJZ1M39Z16X2GYK7ATSE,01JCVGZBHGPXP3R9DB2PP0YTB4
01JCVGPK02HBT2RAABKHYZ090T,01JCVGZBBG0Y7ZAPNXTR5CME9Y
01JCVGPJYXTQWVHXKRA2C5KNZP,01JCVGZBDQPCS55CGEHP89QE3Z
01JCVGPJYGMVGERRHFVGTS49JF,01JCVGZBQN3ZJJP9WXS91W507S
01JCVGPJYJAPZB81K43TDMW7KV,01JCVGZBBCKYMHF8NMHVS42QGK
01JCVGPJYHXTBZ1JZXB4PCSG07,01JCVGZBC7T17JFSDDY7HE8Z3H
01JCVGPJZ5TTZXC07DPF4S0MMF,01JCVGZBJ9XEC8RN96NHDVGHKJ
01JCVGPJYXTQWVHXKRA2C5KNZP,01JCVGZBNHA4R7SZKEV6VD62TH
01JCVGPJZ0AZRGV50T85771CPV,01JCVGZBFKBNYSGRSK3FD29ZDR
01JCVGPJYZ8QMYHNT7P6XVXW43,01JCVGZBCBQEJEKPJD5WMRM9FG
01JCVGPK02HBT2RAABKHYZ090T,01JCVGZBDGJFT6WG0EBKANB03R
01JCVGPJXYRQMQVN1CEZ07DX19,01JCVGZBDPJ4NDAKYMN8P3HXXA
01JCVGPJXYRQMQVN1CEZ07DX19,01JCVGZBJA78A8383YZPBZD0GW
01JCVGPJY93QDYBJ0EV2FXKAAB,01JCVGZBKPB4HQZ7SH5ZDHCZMR
01JCVGPJYZ8QMYHNT7P6XVXW43,01JCVGZBCD44K8SYAKPYQ0SX85
01JCVGPJZ5TTZXC07DPF4S0MMF,01JCVGZBN2BW5EPRAJFVSZ6XN7
01JCVGPJZ0AZRGV50T85771CPV,01JCVGZBHB42CTHBHQJJKFNSJ9
01JCVGPJZ5TTZXC07DPF4S0MMF,01JCVGZBGWRRK9AYM09EVDKHME
01JCVGPJYTR18Q7QY4S4T9YX7W,01JCVGZBMCVGQ7P88CBYY2F9CP
01JCVGPJYK2RSHZAVHBG3JR24F,01JCVGZBMJNMSG2FH27VWEDK5Q
01JCVGPJYJAPZB81K43TDMW7KV,01JCVGZBDPJ4NDAKYMN8P3HXXA
01JCVGPJYMNFA8NSGSWCQKC63Q,01JCVGZBPE9FCETBXZ5VCAS16C
01JCVGPJYZ8QMYHNT7P6XVXW43,01JCVGZBGPA24ZR7W98YN6Y86S
01JCVGPJYY2N2HHEQK87EQ6NFP,01JCVGZBPFHMRFKYWHSKX89AXJ
01JCVGPJYMNFA8NSGSWCQKC63Q,01JCVGZBS2WHN3FVSXS86YKH52
01JCVGPK02HBT2RAABKHYZ090T,01JCVGZBF635KQTPWXR4HP34EG
01JCVGPJYA85B1NZ0V878H3TRJ,01JCVGZBK04WECMM45FA844QYY
01JCVGPJYY2N2HHEQK87EQ6NFP,01JCVGZBQKB5JGENYK2PMTQYBK
01JCVGPJY93QDYBJ0EV2FXKAAB,01JCVGZBNR9Q53GRZT0J5G7PTZ
01JCVGPJYK2RSHZAVHBG3JR24F,01JCVGZBPEZCGBCDAZ6MMNF629
01JCVGPJYHXTBZ1JZXB4PCSG07,01JCVGZBMG28H9CD249ZVF7777
01JCVGPJYZ8QMYHNT7P6XVXW43,01JCVGZBNH10069Y05C8DTJVHX
01JCVGPJYY2N2HHEQK87EQ6NFP,01JCVGZBMY6ETFTMEHCFBQJKJW
01JCVGPJYA85B1NZ0V878H3TRJ,01JCVGZBJ6QSHJYBXENP0Z08MS
01JCVGPJYC703DRMSGEW1TA2F2,01JCVGZBC1PEEQ4N40SRC3HPD3
01JCVGPJYY2N2HHEQK87EQ6NFP,01JCVGZBR2WNVKYWQFS2QR1XMA
01JCVGPJYHXTBZ1JZXB4PCSG07,01JCVGZBKEVS0JJH7Z4ZZ0HGP4
01JCVGPJYXTQWVHXKRA2C5KNZP,01JCVGZBNSHNH60Z8KTHZKS26N
01JCVGPJYXTQWVHXKRA2C5KNZP,01JCVGZBR2WNVKYWQFS2QR1XMA
01JCVGPJYDM9C41N3B27YRGP9N,01JCVGZBNVSRBMCVCS5G524AWR
01JCVGPJYXTQWVHXKRA2C5KNZP,01JCVGZBM3FETXNY3A0TTB3KT2
01JCVGPJYTR18Q7QY4S4T9YX7W,01JCVGZBG4YYZ8XKKSYPEXKQXB
01JCVGPJZ5TTZXC07DPF4S0MMF,01JCVGZBFKBNYSGRSK3FD29ZDR
01JCVGPJYK2RSHZAVHBG3JR24F,01JCVGZBMPDN2YZRTT4KXV39BM
01JCVGPJZ5TTZXC07DPF4S0MMF,01JCVGZBJPHQ0SSTMTYZ8S38Z3
01JCVGPJYK2RSHZAVHBG3JR24F,01JCVGZBC6WEX3M5SE9XHBYA2B
01JCVGPJY93QDYBJ0EV2FXKAAB,01JCVGZBQN3ZJJP9WXS91W507S
01JCVGPJZ1M39Z16X2GYK7ATSE,01JCVGZBM4X68FFWZF7X0GB00N
01JCVGPJYZ8QMYHNT7P6XVXW43,01JCVGZBD63WCHBPJ9FEVW9SSN
01JCVGPJYPD8SPVCK5VVYJG8QE,01JCVGZBN0F9Q1ZCSFX916CWR6
01JCVGPJXYRQMQVN1CEZ07DX19,01JCVGZBQB2H3W44N9D3RYM2AQ
01JCVGPJYTR18Q7QY4S4T9YX7W,01JCVGZBNH10069Y05C8DTJVHX
01JCVGPJYGMVGERRHFVGTS49JF,01JCVGZBNXB2VB45VK4AKCA5FG
01JCVGPJYK2RSHZAVHBG3JR24F,01JCVGZBNP3RZ5DY59CFEWN55R
01JCVGPJYHXTBZ1JZXB4PCSG07,01JCVGZBFKPV5YYCB93A73DPKZ
01JCVGPJYDM9C41N3B27YRGP9N,01JCVGZBKVPRSMQKKC9SCDPXPJ
01JCVGPJYZ8QMYHNT7P6XVXW43,01JCVGZBMXRDYQJERRFNNR8BV2
01JCVGPJYA85B1NZ0V878H3TRJ,01JCVGZBCVAH52PTXSRT7S3HWW
01JCVGPJYZ8QMYHNT7P6XVXW43,01JCVGZBQGZKCZK852E2PBT417
01JCVGPJYGMVGERRHFVGTS49JF,01JCVGZBJCKKA00A0DRWA8V4XZ
01JCVGPJYPD8SPVCK5VVYJG8QE,01JCVGZBHREDJQA6N6DRS3MQ3X
01JCVGPJYHXTBZ1JZXB4PCSG07,01JCVGZBBWTRRFFDBZS5GT6HKC
01JCVGPJXYRQMQVN1CEZ07DX19,01JCVGZBMW7P1N05M0ZQM32M5N
01JCVGPJYZ8QMYHNT7P6XVXW43,01JCVGZBJ6SW7PARJCRNRG5P9K
01JCVGPJYC703DRMSGEW1TA2F2,01JCVGZBB8NE5Q3WB4YZ4K5ETC
01JCVGPJYHXTBZ1JZXB4PCSG07,01JCVGZBJEGNCFY39MSRBAP9DT
01JCVGPJYPD8SPVCK5VVYJG8QE,01JCVGZBKN13TZENX4THMMGDWQ
01JCVGPJYDM9C41N3B27YRGP9N,01JCVGZBPEZCGBCDAZ6MMNF629
01JCVGPJYC703DRMSGEW1TA2F2,01JCVGZBJ7SM0TSNKQZBD8P9VG
01JCVGPJZ1M39Z16X2GYK7ATSE,01JCVGZBP13EZTP6FG14R79FQS
01JCVGPK02HBT2RAABKHYZ090T,01JCVGZBGATXB6SG579F6W5WR9
01JCVGPJYHXTBZ1JZXB4PCSG07,01JCVGZBN57NNYKQA4BZNPP3GW
01JCVGPK02HBT2RAABKHYZ090T,01JCVGZBP2GPXKTW1X3V8XAWGE
01JCVGPJYHXTBZ1JZXB4PCSG07,01JCVGZBG9YPA1B91RND7Y8RQ4
01JCVGPJYXTQWVHXKRA2C5KNZP,01JCVGZBQTYSPQ93BJVDEGX97C
01JCVGPJXYRQMQVN1CEZ07DX19,01JCVGZBR8RPKXDC2WVCDZ27GW
01JCVGPJZ5TTZXC07DPF4S0MMF,01JCVGZBP976AQMEZ7H6SGBPPP
01JCVGPJZ5TTZXC07DPF4S0MMF,01JCVGZBMJE3FHHKC5CQBQANSE
01JCVGPJYK2RSHZAVHBG3JR24F,01JCVGZBCA2EZYJZ6X3T3X2J6Z
01JCVGPJZ1M39Z16X2GYK7ATSE,01JCVGZBRF94HQNPYGMDE0B2E8
01JCVGPJXYRQMQVN1CEZ07DX19,01JCVGZBB4VZ7PKEH0GBAVATJ1
01JCVGPJY93QDYBJ0EV2FXKAAB,01JCVGZBDCK84BD9YHAY6G2FWA
01JCVGPJYGMVGERRHFVGTS49JF,01JCVGZBF0SWK6D5E41FWAWD7Q
01JCVGPJYTR18Q7QY4S4T9YX7W,01JCVGZBJDDSWT6SD75MGHFDKV
01JCVGPJZ5TTZXC07DPF4S0MMF,01JCVGZBGGGRWHQQ5W5Y4152A5
01JCVGPJYPD8SPVCK5VVYJG8QE,01JCVGZBKC1CTD3F5RXSKC4GK5
01JCVGPJYZ8QMYHNT7P6XVXW43,01JCVGZBKC1CTD3F5RXSKC4GK5
01JCVGPJYY2N2HHEQK87EQ6NFP,01JCVGZBJD928Q1ACKWGQR3QM9
01JCVGPJYGMVGERRHFVGTS49JF,01JCVGZBFZZ3KDKK885B72SJVH
01JCVGPJYZ8QMYHNT7P6XVXW43,01JCVGZBHHYY36XNA2FQNPV541
01JCVGPJYK2RSHZAVHBG3JR24F,01JCVGZBFGPT084Q09KA0ZPNQ0
01JCVGPJYDM9C41N3B27YRGP9N,01JCVGZBMCVGQ7P88CBYY2F9CP
01JCVGPJYGMVGERRHFVGTS49JF,01JCVGZBF58D5BRK3ECFKQBTPB
01JCVGPJYTR18Q7QY4S4T9YX7W,01JCVGZBDYWMD2EB3VPGPKYG12
01JCVGPJYJAPZB81K43TDMW7KV,01JCVGZBCA2EZYJZ6X3T3X2J6Z
01JCVGPJZ1M39Z16X2GYK7ATSE,01JCVGZBH5WCRBYTFXAN3TTSCP
01JCVGPJY93QDYBJ0EV2FXKAAB,01JCVGZBQH3TFWJZ1528HWYF8K
01JCVGPJXYRQMQVN1CEZ07DX19,01JCVGZBH0BDQAG3X1Q1GKDJWJ
01JCVGPJYXTQWVHXKRA2C5KNZP,01JCVGZBKZT0K5GNS2GMZ8V37X
01JCVGPJYA85B1NZ0V878H3TRJ,01JCVGZBQNKXZHX5515Z8QH44K
01JCVGPJYGMVGERRHFVGTS49JF,01JCVGZBDFZYX189E33G5Q4H2G
01JCVGPJZ1M39Z16X2GYK7ATSE,01JCVGZBMQJWTRF1T14MGHH4KY
01JCVGPJYJAPZB81K43TDMW7KV,01JCVGZBN0F9Q1ZCSFX916CWR6
01JCVGPJYZ8QMYHNT7P6XVXW43,01JCVGZBPK5MM94HMXMQ5CERJS
01JCVGPJYPD8SPVCK5VVYJG8QE,01JCVGZBH84KJDK4X6QNJTW1KV
01JCVGPJXYRQMQVN1CEZ07DX19,01JCVGZBMKJHBZXXWZWHB97NK5
01JCVGPJYK2RSHZAVHBG3JR24F,01JCVGZBDYNWA5KP651FGP4D4Z
01JCVGPJYXTQWVHXKRA2C5KNZP,01JCVGZBRD90DZ5BHQ72N61BC8
01JCVGPJZ5TTZXC07DPF4S0MMF,01JCVGZBD63WCHBPJ9FEVW9SSN
01JCVGPJYC703DRMSGEW1TA2F2,01JCVGZBPJDCT96SRW79Y1K3B2
01JCVGPJXYRQMQVN1CEZ07DX19,01JCVGZBM50E00YAFDQSGSCYQD
01JCVGPK02HBT2RAABKHYZ090T,01JCVGZBCZKGNX5FFP0Q4C3XG9
01JCVGPJYA85B1NZ0V878H3TRJ,01JCVGZBD9XDY8AYPV1Y8RXB6K
01JCVGPJYGMVGERRHFVGTS49JF,01JCVGZBHHNWW3Q8EZ8GCNDG52
01JCVGPJYK2RSHZAVHBG3JR24F,01JCVGZBHFA6JAWVEHYVW0N0SP
01JCVGPJZ0AZRGV50T85771CPV,01JCVGZBHE4KTDAZ5AK3X3N28Q
01JCVGPJYY2N2HHEQK87EQ6NFP,01JCVGZBDPTGYP6K41FGEFFQW3
01JCVGPJYHXTBZ1JZXB4PCSG07,01JCVGZBKX7A6KWHDQ497B5HF4
01JCVGPJYZ8QMYHNT7P6XVXW43,01JCVGZBF0BAY75S9W52XHSG6P
01JCVGPK02HBT2RAABKHYZ090T,01JCVGZBRCX0REN4EPACPXBKJM
01JCVGPJYC703DRMSGEW1TA2F2,01JCVGZBNDD6K6V1T1ZS2BM5H3
01JCVGPJYGMVGERRHFVGTS49JF,01JCVGZBS5RHWSYYHJRXZP6Y72
01JCVGPJYA85B1NZ0V878H3TRJ,01JCVGZBKVPRSMQKKC9SCDPXPJ
01JCVGPJYJAPZB81K43TDMW7KV,01JCVGZBN6PSW16TYGRE9KKQYJ
01JCVGPJYXTQWVHXKRA2C5KNZP,01JCVGZBBY3CVVAVTQYAEFNVMW
01JCVGPJXYRQMQVN1CEZ07DX19,01JCVGZBR6FPVYVQ6ECADXK78K
01JCVGPJYPD8SPVCK5VVYJG8QE,01JCVGZBP7TAXGZKGPV67P0D2W
01JCVGPJY93QDYBJ0EV2FXKAAB,01JCVGZBEQKJHA2BBFNG1NGACT
01JCVGPJYJAPZB81K43TDMW7KV,01JCVGZBJQ8YSFG7H2Z7071AJP
01JCVGPJZ5TTZXC07DPF4S0MMF,01JCVGZBM7DSWVWWPTSK64JFR8
01JCVGPJYJAPZB81K43TDMW7KV,01JCVGZBQTYSPQ93BJVDEGX97C
01JCVGPJYZ8QMYHNT7P6XVXW43,01JCVGZBMN5JBTN6R15KHEF7TG
01JCVGPJYC703DRMSGEW1TA2F2,01JCVGZBGN9H88M62TKSGAG69S
01JCVGPJYA85B1NZ0V878H3TRJ,01JCVGZBKX7A6KWHDQ497B5HF4
01JCVGPJY93QDYBJ0EV2FXKAAB,01JCVGZBRARC1RQQB6PWFJ8MG7
01JCVGPJYDM9C41N3B27YRGP9N,01JCVGZBHAK46QJVCQ369MNTF0
01JCVGPJYY2N2HHEQK87EQ6NFP,01JCVGZBCKQ67BQKSY5SZEBGAZ
01JCVGPJYTR18Q7QY4S4T9YX7W,01JCVGZBQX6K62JN80SKAEWR0P
01JCVGPJYTR18Q7QY4S4T9YX7W,01JCVGZBG9240VA3P6TX9ZW0Z0
01JCVGPJYPD8SPVCK5VVYJG8QE,01JCVGZBKKXM7NF7JP7GX6V0XP
01JCVGPJYY2N2HHEQK87EQ6NFP,01JCVGZBGE0N82WBVTN22DQZVW
01JCVGPJYXTQWVHXKRA2C5KNZP,01JCVGZBG3QSB4QGYWZF6DEF2D
01JCVGPJYZ8QMYHNT7P6XVXW43,01JCVGZBQGJAEPGKRX044YCKVM
01JCVGPJYK2RSHZAVHBG3JR24F,01JCVGZBAZS09HFB1W2ZCBDCD2
01JCVGPJYK2RSHZAVHBG3JR24F,01JCVGZBCC7NG56PJY6EWJ8C00
01JCVGPJYHXTBZ1JZXB4PCSG07,01JCVGZBQXA95QYPWGDSSVBB7W
01JCVGPJZ5TTZXC07DPF4S0MMF,01JCVGZBFF4VR8KB39J2051FSK
01JCVGPJYMNFA8NSGSWCQKC63Q,01JCVGZBR2FXZ2S2W8EBQ3TDGN
01JCVGPJYXTQWVHXKRA2C5KNZP,01JCVGZBB8T34G8T8ZSN3PKN8E
01JCVGPJYA85B1NZ0V878H3TRJ,01JCVGZBD0NX114QF96P3CEEKB
01JCVGPJXYRQMQVN1CEZ07DX19,01JCVGZBQ2QM106NDA531VX1MW
01JCVGPJYXTQWVHXKRA2C5KNZP,01JCVGZBB12K3F7ERM2KY09KYF
01JCVGPJY93QDYBJ0EV2FXKAAB,01JCVGZBQDKP2BQZ4DD5S5C02Y
01JCVGPJYXTQWVHXKRA2C5KNZP,01JCVGZBN0QGCN122JK2Q63R2X
01JCVGPK02HBT2RAABKHYZ090T,01JCVGZBEHTZ8NT5W0VCZHTV8B
01JCVGPJYMNFA8NSGSWCQKC63Q,01JCVGZBNMSHRB8E189RQN2TB9
01JCVGPJZ0AZRGV50T85771CPV,01JCVGZBENSWW5HA2DQ6D0FKNA
01JCVGPJYJAPZB81K43TDMW7KV,01JCVGZBNQA09BZFRES6P12BBX
01JCVGPJYA85B1NZ0V878H3TRJ,01JCVGZBJ4QWXM7BE15XS6R037
01JCVGPJXYRQMQVN1CEZ07DX19,01JCVGZBNPM7D7R6N24S8A3XZC
01JCVGPJXYRQMQVN1CEZ07DX19,01JCVGZBJ0JZ6VJ7RJB15V9ZTX
01JCVGPJZ0AZRGV50T85771CPV,01JCVGZBTP4MGEV0AKVM14DJ3P
01JCVGPJZ0AZRGV50T85771CPV,01JCVGZBMW8GHM5W56QYFV022D
01JCVGPJYA85B1NZ0V878H3TRJ,01JCVGZBJXM8NFA834P9HNXHT3
01JCVGPJYK2RSHZAVHBG3JR24F,01JCVGZBHTZXBH482H570EQSH8
01JCVGPJYMNFA8NSGSWCQKC63Q,01JCVGZBHAK46QJVCQ369MNTF0
01JCVGPJYXTQWVHXKRA2C5KNZP,01JCVGZBCBQEJEKPJD5WMRM9FG
01JCVGPJZ1M39Z16X2GYK7ATSE,01JCVGZBP538BYYFNA0YBQV1ET
01JCVGPJXYRQMQVN1CEZ07DX19,01JCVGZBDMYMGGZHVQSMV3D1M8
01JCVGPJZ5TTZXC07DPF4S0MMF,01JCVGZBMT4N9HREZNS1ZQD1T7
01JCVGPJYGMVGERRHFVGTS49JF,01JCVGZBD728E8DW03W63410FQ
01JCVGPJYXTQWVHXKRA2C5KNZP,01JCVGZBNG9YE38BKZ74XE1HJ1
01JCVGPJZ0AZRGV50T85771CPV,01JCVGZBRKRDDAPNT1E7JHPD0F
01JCVGPJYA85B1NZ0V878H3TRJ,01JCVGZBKMBN8KXJJ1ZGN3WFYB
01JCVGPJYA85B1NZ0V878H3TRJ,01JCVGZBRPZRHJE1AH3WS7AKJV
01JCVGPJYMNFA8NSGSWCQKC63Q,01JCVGZBR2FXZ2S2W8EBQ3TDGN
01JCVGPJYJAPZB81K43TDMW7KV,01JCVGZBR283ECNWWV3E5GV4R6
01JCVGPJYHXTBZ1JZXB4PCSG07,01JCVGZBQNKXZHX5515Z8QH44K
01JCVGPK02HBT2RAABKHYZ090T,01JCVGZBRPZRHJE1AH3WS7AKJV
01JCVGPJZ0AZRGV50T85771CPV,01JCVGZBP5CF4K4DBAV1PGC06C
01JCVGPJYTR18Q7QY4S4T9YX7W,01JCVGZBGGSHFQTYQQE8XEKD8Z
01JCVGPJZ0AZRGV50T85771CPV,01JCVGZBJECCXMHTWH05SZH9WQ
01JCVGPJYXTQWVHXKRA2C5KNZP,01JCVGZBF635KQTPWXR4HP34EG
01JCVGPJYPD8SPVCK5VVYJG8QE,01JCVGZBNMSHRB8E189RQN2TB9
01JCVGPJYK2RSHZAVHBG3JR24F,01JCVGZBN14WDZ5GJ53H1NKSP4
01JCVGPJYPD8SPVCK5VVYJG8QE,01JCVGZBJ311X83A1Q636AGGQ6
01JCVGPJYTR18Q7QY4S4T9YX7W,01JCVGZBCWSFY2AMYCQP547BMV
01JCVGPJYTR18Q7QY4S4T9YX7W,01JCVGZBMBV9KFKQXWRJT926ZS
01JCVGPJYC703DRMSGEW1TA2F2,01JCVGZBCJYD74QF8RCV1A9FMA
01JCVGPJYY2N2HHEQK87EQ6NFP,01JCVGZBQ2G4VXZKMX226BBST2
01JCVGPJYMNFA8NSGSWCQKC63Q,01JCVGZBHXRVX07W831C6ER26Z
01JCVGPJZ1M39Z16X2GYK7ATSE,01JCVGZBPR0G4QMFTYT4NTS3HV
01JCVGPJZ1M39Z16X2GYK7ATSE,01JCVGZBG9YPA1B91RND7Y8RQ4
01JCVGPJZ5TTZXC07DPF4S0MMF,01JCVGZBKCC7J9VPCBCEZMMY99
01JCVGPJYJAPZB81K43TDMW7KV,01JCVGZBG3QSB4QGYWZF6DEF2D
01JCVGPJYXTQWVHXKRA2C5KNZP,01JCVGZBBRJ65ESJQDFZT2QAKF
01JCVGPJYXTQWVHXKRA2C5KNZP,01JCVGZBQCCVCZCWT4D7RJC5R4
01JCVGPJYGMVGERRHFVGTS49JF,01JCVGZBTNVQW9WN3E8M2RKEF2
01JCVGPJYHXTBZ1JZXB4PCSG07,01JCVGZBPN1V6RNSYFZCWZ4K4N
01JCVGPJYA85B1NZ0V878H3TRJ,01JCVGZBE9R130ZA39YMXDQ5Q3
01JCVGPJYGMVGERRHFVGTS49JF,01JCVGZBKJJSTZFRKW77SPZNJK
01JCVGPJYY2N2HHEQK87EQ6NFP,01JCVGZBKMBN8KXJJ1ZGN3WFYB
01JCVGPJZ5TTZXC07DPF4S0MMF,01JCVGZBRA1Q2TCGTMREFJNNCC
01JCVGPJYGMVGERRHFVGTS49JF,01JCVGZBET2B5VH531WXKQK54K
01JCVGPJYDM9C41N3B27YRGP9N,01JCVGZBB81WWQWEDDHW5FKXEM
01JCVGPJYPD8SPVCK5VVYJG8QE,01JCVGZBMGN2N3VCM5S85C0RY9
01JCVGPJYC703DRMSGEW1TA2F2,01JCVGZBJD928Q1ACKWGQR3QM9
01JCVGPJYK2RSHZAVHBG3JR24F,01JCVGZBC1PEEQ4N40SRC3HPD3
01JCVGPJXYRQMQVN1CEZ07DX19,01JCVGZBMG28H9CD249ZVF7777
01JCVGPJYY2N2HHEQK87EQ6NFP,01JCVGZBRABJ2948C5FNC8NXCA
01JCVGPJYPD8SPVCK5VVYJG8QE,01JCVGZBHGPXP3R9DB2PP0YTB4
01JCVGPJYY2N2HHEQK87EQ6NFP,01JCVGZBRSN5GXVY43X4RJBPSY
01JCVGPJYMNFA8NSGSWCQKC63Q,01JCVGZBJW9HC16Z4D86B653RF
01JCVGPJYJAPZB81K43TDMW7KV,01JCVGZBBMH0W7ANSQDT31CX59
01JCVGPJYDM9C41N3B27YRGP9N,01JCVGZBBYDT6CY2PYQKTK72W2
01JCVGPJXYRQMQVN1CEZ07DX19,01JCVGZBM4329RJNYJQF6ZV06B
01JCVGPJYC703DRMSGEW1TA2F2,01JCVGZBRKVP9C9NTKN801M4D7
01JCVGPJYY2N2HHEQK87EQ6NFP,01JCVGZBP5CDHRP9W9K4V6DKZJ
01JCVGPJYGMVGERRHFVGTS49JF,01JCVGZBTQWHP4T6GTEHAMP4CH
01JCVGPJYJAPZB81K43TDMW7KV,01JCVGZBGAMB3E20VJ946STD94
01JCVGPJYHXTBZ1JZXB4PCSG07,01JCVGZBDGJFT6WG0EBKANB03R
01JCVGPJZ0AZRGV50T85771CPV,01JCVGZBKGYKZFAV4C64WQJ5DV
01JCVGPJXYRQMQVN1CEZ07DX19,01JCVGZBM6K5SKP2MAJ9F8344G
01JCVGPJYDM9C41N3B27YRGP9N,01JCVGZBPBB1AYSB8PKQ3M8TW8
01JCVGPJZ5TTZXC07DPF4S0MMF,01JCVGZBNVSRBMCVCS5G524AWR
01JCVGPJYDM9C41N3B27YRGP9N,01JCVGZBFDSMX1ZM26V41TPY9Q
01JCVGPJZ5TTZXC07DPF4S0MMF,01JCVGZBJ09SFR5PHSWPEM56BD
01JCVGPJYK2RSHZAVHBG3JR24F,01JCVGZBNKKFFKX6DSPFKZV4EQ
01JCVGPJYTR18Q7QY4S4T9YX7W,01JCVGZBR5J00846CR2NEEV8E2
01JCVGPK02HBT2RAABKHYZ090T,01JCVGZBCK9YMWGH4QAQPNBDY7
01JCVGPJYC703DRMSGEW1TA2F2,01JCVGZBB8NE5Q3WB4YZ4K5ETC
01JCVGPJYMNFA8NSGSWCQKC63Q,01JCVGZBFHBDEW9K0XZE7MC3TQ
01JCVGPJYA85B1NZ0V878H3TRJ,01JCVGZBPEZCGBCDAZ6MMNF629
01JCVGPJYGMVGERRHFVGTS49JF,01JCVGZBQAZZY2B44KVH83MAS3
01JCVGPK02HBT2RAABKHYZ090T,01JCVGZBRS34WFV33B4VZZ8018
01JCVGPJZ1M39Z16X2GYK7ATSE,01JCVGZBHGPXP3R9DB2PP0YTB4
01JCVGPJXYRQMQVN1CEZ07DX19,01JCVGZBKEVS0JJH7Z4ZZ0HGP4
01JCVGPJYK2RSHZAVHBG3JR24F,01JCVGZBDW4HSWFVXJ6G4M2BNP
01JCVGPJZ1M39Z16X2GYK7ATSE,01JCVGZBPM12GX2EBYY4TBE96R
01JCVGPJZ1M39Z16X2GYK7ATSE,01JCVGZBK4649RACB2JX75E3FG
01JCVGPJYC703DRMSGEW1TA2F2,01JCVGZBDZECJ95F93421AR5EY
01JCVGPJYTR18Q7QY4S4T9YX7W,01JCVGZBANDSXDFWG0TD75KM1N
01JCVGPJZ1M39Z16X2GYK7ATSE,01JCVGZBJZATZ2QS23VJFYCQ1G
01JCVGPJYC703DRMSGEW1TA2F2,01JCVGZBNMSHRB8E189RQN2TB9
01JCVGPJYDM9C41N3B27YRGP9N,01JCVGZBBR1FDWY3MW1X683WSZ
01JCVGPJXYRQMQVN1CEZ07DX19,01JCVGZBDTPSFZ5PSW80F56MVE
01JCVGPJYXTQWVHXKRA2C5KNZP,01JCVGZBGGSHFQTYQQE8XEKD8Z
01JCVGPJZ0AZRGV50T85771CPV,01JCVGZBRQ2D85XXWGBMJ2PY05
01JCVGPJYC703DRMSGEW1TA2F2,01JCVGZBS2WHN3FVSXS86YKH52
01JCVGPJYZ8QMYHNT7P6XVXW43,01JCVGZBFDSMX1ZM26V41TPY9Q
01JCVGPJYPD8SPVCK5VVYJG8QE,01JCVGZBDBJG771PMTX0D2DPKV
01JCVGPJYK2RSHZAVHBG3JR24F,01JCVGZBHAS92DGHY6S69XP4AN
01JCVGPJYMNFA8NSGSWCQKC63Q,01JCVGZBBX7B0NKNRDFMJ1M3H7
01JCVGPJXYRQMQVN1CEZ07DX19,01JCVGZBKBD04PHBMN0NKS9GK1
01JCVGPJYJAPZB81K43TDMW7KV,01JCVGZBCFVP0R648E6PFM53S2
01JCVGPJXYRQMQVN1CEZ07DX19,01JCVGZBC9G3NYYFFJX841M9C2
01JCVGPJYA85B1NZ0V878H3TRJ,01JCVGZBKJJSTZFRKW77SPZNJK
01JCVGPJY93QDYBJ0EV2FXKAAB,01JCVGZBHFY0YGREFBVS7CMD1G
01JCVGPJYGMVGERRHFVGTS49JF,01JCVGZBNZYTSX1Y1HFGAJZYH6
01JCVGPJYGMVGERRHFVGTS49JF,01JCVGZBDJE31EA8HPFKMFJ4S1
01JCVGPJXYRQMQVN1CEZ07DX19,01JCVGZBGJTEQ54F6VSXS285ET
01JCVGPJYDM9C41N3B27YRGP9N,01JCVGZBM4329RJNYJQF6ZV06B
01JCVGPJYJAPZB81K43TDMW7KV,01JCVGZBFPW2E369HS3ZVH1716
01JCVGPJYA85B1NZ0V878H3TRJ,01JCVGZBGSFBA59NHMTNBJ7SR6
01JCVGPJYC703DRMSGEW1TA2F2,01JCVGZBBZQJQ31P2SQVV6Y4MF
01JCVGPJYA85B1NZ0V878H3TRJ,01JCVGZBMQQNAFMHVGJZ6C04FH
01JCVGPJY93QDYBJ0EV2FXKAAB,01JCVGZBD1YZM5VE7C9290Y6HC
01JCVGPJXYRQMQVN1CEZ07DX19,01JCVGZBJ4ZJCSSZAEA1PRPEA5
01JCVGPJYTR18Q7QY4S4T9YX7W,01JCVGZBBA1QZQFKK4MN8BM6Q8
01JCVGPJYMNFA8NSGSWCQKC63Q,01JCVGZBNDD6K6V1T1ZS2BM5H3
01JCVGPJYDM9C41N3B27YRGP9N,01JCVGZBRN3QVQVFWAYB5TYDJ8
01JCVGPJZ5TTZXC07DPF4S0MMF,01JCVGZBJPHQ0SSTMTYZ8S38Z3
01JCVGPJY93QDYBJ0EV2FXKAAB,01JCVGZBKX7A6KWHDQ497B5HF4
01JCVGPJYTR18Q7QY4S4T9YX7W,01JCVGZBNQ1BRNGQ6HM5DW24WG
01JCVGPJXYRQMQVN1CEZ07DX19,01JCVGZBRECYAZ5AKC9K79MZ2G
01JCVGPJYJAPZB81K43TDMW7KV,01JCVGZBF063FPW42Y56KVTC99
01JCVGPJYZ8QMYHNT7P6XVXW43,01JCVGZBQNXJXGGGQZKF84BCS4
01JCVGPK02HBT2RAABKHYZ090T,01JCVGZBRG8XY0ERM62N2MBCN4
01JCVGPJYA85B1NZ0V878H3TRJ,01JCVGZBKYM7KH9FKTN4XG7N30
01JCVGPJY93QDYBJ0EV2FXKAAB,01JCVGZBDBJG771PMTX0D2DPKV
01JCVGPJYDM9C41N3B27YRGP9N,01JCVGZBBC92BJSD4GD7YG6DBX
01JCVGPJZ5TTZXC07DPF4S0MMF,01JCVGZBS4FSSV159CV61RTQFW
01JCVGPJYZ8QMYHNT7P6XVXW43,01JCVGZBM50E00YAFDQSGSCYQD
01JCVGPJXYRQMQVN1CEZ07DX19,01JCVGZBPHVV1Z1GQJJD2S5HN5
01JCVGPJYGMVGERRHFVGTS49JF,01JCVGZBMABPQCA631WWV1J52T
01JCVGPJYGMVGERRHFVGTS49JF,01JCVGZBRKRDDAPNT1E7JHPD0F
01JCVGPJXYRQMQVN1CEZ07DX19,01JCVGZBR4RVBBJQK9HXAF17ZX
01JCVGPJYZ8QMYHNT7P6XVXW43,01JCVGZBRFF8XH7NR5M7AGG325
01JCVGPJXYRQMQVN1CEZ07DX19,01JCVGZBBD32EC3WXCGCXEJ740
01JCVGPK02HBT2RAABKHYZ090T,01JCVGZBF1R1B3C47FVT41EGNY
01JCVGPJYGMVGERRHFVGTS49JF,01JCVGZBBSECB0SS1ZQBVQF5CX
01JCVGPJYZ8QMYHNT7P6XVXW43,01JCVGZBHD3K3B6SK76Q5GFE2Q
01JCVGPJYHXTBZ1JZXB4PCSG07,01JCVGZBHX751GZYQ07XD2R09G
01JCVGPJY93QDYBJ0EV2FXKAAB,01JCVGZBD86NZQ9JGXQ0MFMMHQ
01JCVGPJYY2N2HHEQK87EQ6NFP,01JCVGZBJ311X83A1Q636AGGQ6
01JCVGPJYMNFA8NSGSWCQKC63Q,01JCVGZBDFSZFS6XBJKTF7DCCE
01JCVGPJYGMVGERRHFVGTS49JF,01JCVGZBJV2BCGM87QCF93H2XK
01JCVGPJYK2RSHZAVHBG3JR24F,01JCVGZBH1P218QESAK5JD6HST
01JCVGPJY93QDYBJ0EV2FXKAAB,01JCVGZBDN1CY1FBB2JQ9HGGKV
01JCVGPJYMNFA8NSGSWCQKC63Q,01JCVGZBQGJAEPGKRX044YCKVM
01JCVGPJZ0AZRGV50T85771CPV,01JCVGZBFPW2E369HS3ZVH1716
01JCVGPJYY2N2HHEQK87EQ6NFP,01JCVGZBBFVA0D8EKRYPX63WB1
01JCVGPJYTR18Q7QY4S4T9YX7W,01JCVGZBKGDNZY63Z1QHNE3W28
01JCVGPJYZ8QMYHNT7P6XVXW43,01JCVGZBM2AXXW0WZ6MSKG16BM
01JCVGPJYXTQWVHXKRA2C5KNZP,01JCVGZBEWV8EYPDFDKM9ASSPA
01JCVGPJZ5TTZXC07DPF4S0MMF,01JCVGZBPSE1ZMYRABZDA4QB9A
01JCVGPJYPD8SPVCK5VVYJG8QE,01JCVGZBTQWHP4T6GTEHAMP4CH
01JCVGPJYDM9C41N3B27YRGP9N,01JCVGZBHSD7RRN6CP3Q62YKEM
01JCVGPJYXTQWVHXKRA2C5KNZP,01JCVGZBNXK3G47F4PM9TK8TWD
01JCVGPJYJAPZB81K43TDMW7KV,01JCVGZBMEKKF1PJM790KR774A
01JCVGPJZ5TTZXC07DPF4S0MMF,01JCVGZBCS3NWNCAG69YSR6BAY
01JCVGPJYY2N2HHEQK87EQ6NFP,01JCVGZBKN13TZENX4THMMGDWQ
01JCVGPJYGMVGERRHFVGTS49JF,01JCVGZBP5CDHRP9W9K4V6DKZJ
01JCVGPJYK2RSHZAVHBG3JR24F,01JCVGZBQWHNKNGPFQMC6Z2ZS8
01JCVGPJYMNFA8NSGSWCQKC63Q,01JCVGZBQ8JQDT3KDH255H6TST
01JCVGPJYA85B1NZ0V878H3TRJ,01JCVGZBJBFVZJYP0ATKJXH308
01JCVGPJYMNFA8NSGSWCQKC63Q,01JCVGZBQX06SHDDK2282DKDB1
01JCVGPK02HBT2RAABKHYZ090T,01JCVGZBMJNMSG2FH27VWEDK5Q
01JCVGPJYGMVGERRHFVGTS49JF,01JCVGZBFHBDEW9K0XZE7MC3TQ
01JCVGPJYXTQWVHXKRA2C5KNZP,01JCVGZBB93F07HRYS4XMEQ9GE
01JCVGPJYY2N2HHEQK87EQ6NFP,01JCVGZBR41ZG56M70P2ZHCS8B
01JCVGPJYJAPZB81K43TDMW7KV,01JCVGZBAXBMRWNGCETK1MXVRW
01JCVGPJYTR18Q7QY4S4T9YX7W,01JCVGZBPWVA5PSMVEJAA6F6E0
01JCVGPJYZ8QMYHNT7P6XVXW43,01JCVGZBFYX5GNAFZM2JPQ1X52
01JCVGPJZ5TTZXC07DPF4S0MMF,01JCVGZBCK9YMWGH4QAQPNBDY7
01JCVGPJYDM9C41N3B27YRGP9N,01JCVGZBMW8GHM5W56QYFV022D
01JCVGPJYMNFA8NSGSWCQKC63Q,01JCVGZBRCWCCAJTYMMR28DTJK
01JCVGPJZ0AZRGV50T85771CPV,01JCVGZBANX5EKM1TFN2AB9F09
01JCVGPJYY2N2HHEQK87EQ6NFP,01JCVGZBMDXAWBN0TTBP21MZK9
01JCVGPJY93QDYBJ0EV2FXKAAB,01JCVGZBGKRWAMSADVMA2BJMD7
01JCVGPJYK2RSHZAVHBG3JR24F,01JCVGZBDDK3HRVXTEJV9556FH
01JCVGPJYK2RSHZAVHBG3JR24F,01JCVGZBCNG5SHB44N8Z88B2J8
01JCVGPJYZ8QMYHNT7P6XVXW43,01JCVGZBH84KJDK4X6QNJTW1KV
01JCVGPJYJAPZB81K43TDMW7KV,01JCVGZBQ6RJZXACQC3KX3530B
01JCVGPJYA85B1NZ0V878H3TRJ,01JCVGZBGAMB3E20VJ946STD94
01JCVGPJY93QDYBJ0EV2FXKAAB,01JCVGZBJGPY35BT5DNT95WRP9
01JCVGPJYDM9C41N3B27YRGP9N,01JCVGZBM1H35J8AP7G00KHCWH
01JCVGPJYC703DRMSGEW1TA2F2,01JCVGZBRVGW9GE4NXAJBKYVJT
01JCVGPK02HBT2RAABKHYZ090T,01JCVGZBDCAVF4FN999MEEC3Z4
01JCVGPJYZ8QMYHNT7P6XVXW43,01JCVGZBMDPN0JG8KNJ5C5E0ZD
01JCVGPJY93QDYBJ0EV2FXKAAB,01JCVGZBP7TAXGZKGPV67P0D2W
01JCVGPJYGMVGERRHFVGTS49JF,01JCVGZBJXM8NFA834P9HNXHT3
01JCVGPJYZ8QMYHNT7P6XVXW43,01JCVGZBCXBWWACJPY84Z4G3FA
01JCVGPJYTR18Q7QY4S4T9YX7W,01JCVGZBMBZHN4C7SSXYWQCYZQ
01JCVGPJYTR18Q7QY4S4T9YX7W,01JCVGZBKCH8FR5JD7GZRY75ZR
01JCVGPJYXTQWVHXKRA2C5KNZP,01JCVGZBC18NEESCVFXCX74SEZ
01JCVGPJYZ8QMYHNT7P6XVXW43,01JCVGZBB12K3F7ERM2KY09KYF
01JCVGPJYHXTBZ1JZXB4PCSG07,01JCVGZBFEBB484A6A9CT4QH0D
01JCVGPK02HBT2RAABKHYZ090T,01JCVGZBS0Z27VFSJDVEGK19YZ
01JCVGPJYTR18Q7QY4S4T9YX7W,01JCVGZBGE75NCW1XQW574AH7B
01JCVGPJZ0AZRGV50T85771CPV,01JCVGZBMA6TWEW8YZ31PRGFEA
01JCVGPJYY2N2HHEQK87EQ6NFP,01JCVGZBR8RPKXDC2WVCDZ27GW
01JCVGPJYTR18Q7QY4S4T9YX7W,01JCVGZBDQWYS3TS3YWZNBR3RS
01JCVGPJYZ8QMYHNT7P6XVXW43,01JCVGZBFS3B8AXXD17F6CP17S
01JCVGPJYDM9C41N3B27YRGP9N,01JCVGZBKA6551J88MFRYMDGXF
01JCVGPJYA85B1NZ0V878H3TRJ,01JCVGZBJY7SG5QY9T0RV0RTXW
01JCVGPJYPD8SPVCK5VVYJG8QE,01JCVGZBP87VBZTG9P0DS65G26
01JCVGPJYDM9C41N3B27YRGP9N,01JCVGZBGBNFB9ZPVEQK3SSDJ1
01JCVGPJYDM9C41N3B27YRGP9N,01JCVGZBPVPFAHBFWNBT8810Y0
01JCVGPJYGMVGERRHFVGTS49JF,01JCVGZBMNVFSFQ38HMM2XQ07B
01JCVGPJY93QDYBJ0EV2FXKAAB,01JCVGZBH64P3Z8J25N34R44MN
01JCVGPJXYRQMQVN1CEZ07DX19,01JCVGZBKJWS45966VW5TZCBVP
01JCVGPJZ0AZRGV50T85771CPV,01JCVGZBPVRET9STDSQMYVC8NA
01JCVGPJYGMVGERRHFVGTS49JF,01JCVGZBJ6SW7PARJCRNRG5P9K
01JCVGPJZ5TTZXC07DPF4S0MMF,01JCVGZBPCEMSSEM6M726524W4
01JCVGPJYDM9C41N3B27YRGP9N,01JCVGZBQ065705Z1C2J1VC6WG
01JCVGPJYJAPZB81K43TDMW7KV,01JCVGZBHWZE07HAJ5YHNY9FM9
01JCVGPJYHXTBZ1JZXB4PCSG07,01JCVGZBDX5YJMM4642W2HFQH0
01JCVGPJYMNFA8NSGSWCQKC63Q,01JCVGZBKYM7KH9FKTN4XG7N30
01JCVGPJZ5TTZXC07DPF4S0MMF,01JCVGZBQB5CYXEXKG3098KTBK
01JCVGPJYPD8SPVCK5VVYJG8QE,01JCVGZBCVAH52PTXSRT7S3HWW
01JCVGPJYXTQWVHXKRA2C5KNZP,01JCVGZBPA8N40A9ZDTAT0QB9W
01JCVGPJZ5TTZXC07DPF4S0MMF,01JCVGZBTQWHP4T6GTEHAMP4CH
01JCVGPJYGMVGERRHFVGTS49JF,01JCVGZBGH01D3AQGGTJH6YZ4Y
01JCVGPJZ0AZRGV50T85771CPV,01JCVGZBFCF0MVPGRRZABCJ4DZ
01JCVGPJZ0AZRGV50T85771CPV,01JCVGZBD30Y57WH09QHQJ1772
01JCVGPJYPD8SPVCK5VVYJG8QE,01JCVGZBQFC1ADBV62JRWEC8RG
01JCVGPJYHXTBZ1JZXB4PCSG07,01JCVGZBCT29EC52RFW63PQSMN
01JCVGPJXYRQMQVN1CEZ07DX19,01JCVGZBR171BG6D41H8Q89HM3
01JCVGPJYA85B1NZ0V878H3TRJ,01JCVGZBHR8CTPK5B3MTD926BZ
01JCVGPJYPD8SPVCK5VVYJG8QE,01JCVGZBS7GBZFEGDDRS888RSW
01JCVGPJYPD8SPVCK5VVYJG8QE,01JCVGZBPA8N40A9ZDTAT0QB9W
01JCVGPJYJAPZB81K43TDMW7KV,01JCVGZBRARC1RQQB6PWFJ8MG7
01JCVGPJYPD8SPVCK5VVYJG8QE,01JCVGZBRHJQ3JSZKNSHJAD0GT
01JCVGPJYK2RSHZAVHBG3JR24F,01JCVGZBQ065705Z1C2J1VC6WG
01JCVGPJZ0AZRGV50T85771CPV,01JCVGZBF8GY6HEJC50ZYASS8H
01JCVGPJYJAPZB81K43TDMW7KV,01JCVGZBCA7C1TBBFTFXVGZS9H
01JCVGPJXYRQMQVN1CEZ07DX19,01JCVGZBGCWEKN5Y6MX7H2EM36
01JCVGPJYHXTBZ1JZXB4PCSG07,01JCVGZBHV6DP7VB2S48H9ET60
01JCVGPJZ5TTZXC07DPF4S0MMF,01JCVGZBF4DF3MXXTSWP1BGNZS
01JCVGPJYA85B1NZ0V878H3TRJ,01JCVGZBRS34WFV33B4VZZ8018
01JCVGPJYMNFA8NSGSWCQKC63Q,01JCVGZBHTZXBH482H570EQSH8
01JCVGPJZ5TTZXC07DPF4S0MMF,01JCVGZBDMYMGGZHVQSMV3D1M8
01JCVGPJYK2RSHZAVHBG3JR24F,01JCVGZBQE9DESE6SZV1AE1WHN
01JCVGPJY93QDYBJ0EV2FXKAAB,01JCVGZBK04WECMM45FA844QYY
01JCVGPJY93QDYBJ0EV2FXKAAB,01JCVGZBP5CF4K4DBAV1PGC06C
01JCVGPJYC703DRMSGEW1TA2F2,01JCVGZBHAS92DGHY6S69XP4AN
01JCVGPJYY2N2HHEQK87EQ6NFP,01JCVGZBGWRRK9AYM09EVDKHME
01JCVGPJYDM9C41N3B27YRGP9N,01JCVGZBRBZNWBY8V70RF947ZW
01JCVGPJYDM9C41N3B27YRGP9N,01JCVGZBNFXQXTBKQYHWES1AH0
01JCVGPK02HBT2RAABKHYZ090T,01JCVGZBPJ0EKDH3CR7PSD70DT
01JCVGPJYHXTBZ1JZXB4PCSG07,01JCVGZBMJR77EX0E3ZJP0GH7E
01JCVGPJYTR18Q7QY4S4T9YX7W,01JCVGZBC40JP7F1XFSAJMWF9M
01JCVGPJZ1M39Z16X2GYK7ATSE,01JCVGZBC8F1BV7Q007M42N88Y
01JCVGPJY93QDYBJ0EV2FXKAAB,01JCVGZBR4RVBBJQK9HXAF17ZX
01JCVGPJYJAPZB81K43TDMW7KV,01JCVGZBERSH2DRQ9BXYHVDDH5
01JCVGPJYHXTBZ1JZXB4PCSG07,01JCVGZBHJDM2NFCJ7SP8GNZG3
01JCVGPJY93QDYBJ0EV2FXKAAB,01JCVGZBQ1R7P0ZQVJ3MP5H2ZP
01JCVGPJYY2N2HHEQK87EQ6NFP,01JCVGZBMQZV153V8JEEZ0WAE2
01JCVGPJYPD8SPVCK5VVYJG8QE,01JCVGZBM8499FN503BN5CFDCH
01JCVGPJYPD8SPVCK5VVYJG8QE,01JCVGZBQ47HXE34RQY104E8EB
01JCVGPJYPD8SPVCK5VVYJG8QE,01JCVGZBBR1FDWY3MW1X683WSZ
01JCVGPJZ5TTZXC07DPF4S0MMF,01JCVGZBBZ54B0SCQT0Z3H6Z9J
01JCVGPJYMNFA8NSGSWCQKC63Q,01JCVGZBGDSN06C9YV6BE7XPEH
01JCVGPJYA85B1NZ0V878H3TRJ,01JCVGZBB4QHFGCN7JHPSMM15R
01JCVGPJY93QDYBJ0EV2FXKAAB,01JCVGZBCGEZZK2H2SCE1TDM0P
01JCVGPJY93QDYBJ0EV2FXKAAB,01JCVGZBEF6RREBY1SZ1581QQJ
01JCVGPJXYRQMQVN1CEZ07DX19,01JCVGZBPE9FCETBXZ5VCAS16C
01JCVGPJZ5TTZXC07DPF4S0MMF,01JCVGZBGH01D3AQGGTJH6YZ4Y
01JCVGPJYPD8SPVCK5VVYJG8QE,01JCVGZBP4C6TCHQNR4C0KGP7K
01JCVGPJYY2N2HHEQK87EQ6NFP,01JCVGZBAP6649H2SV04AKK00B
01JCVGPJYJAPZB81K43TDMW7KV,01JCVGZBTQ3S4ZMXNRM8Y7WD21
01JCVGPJYDM9C41N3B27YRGP9N,01JCVGZBMRP2C9GN6Z56Y0RAPN
01JCVGPK02HBT2RAABKHYZ090T,01JCVGZBKCC7J9VPCBCEZMMY99
01JCVGPJYJAPZB81K43TDMW7KV,01JCVGZBJ068MNYCDN0KFKQSG0
01JCVGPJYJAPZB81K43TDMW7KV,01JCVGZBDDK3HRVXTEJV9556FH
01JCVGPJYMNFA8NSGSWCQKC63Q,01JCVGZBM4VAV3SFNW0Y8NF6S4
01JCVGPJYGMVGERRHFVGTS49JF,01JCVGZBHV6XJP1HP78MRDSRHE
01JCVGPJYC703DRMSGEW1TA2F2,01JCVGZBMXH6CC9WP46C73A4S1
01JCVGPJYHXTBZ1JZXB4PCSG07,01JCVGZBKPB4HQZ7SH5ZDHCZMR
01JCVGPJYA85B1NZ0V878H3TRJ,01JCVGZBB0R789SD4E34S6PYPD
01JCVGPJXYRQMQVN1CEZ07DX19,01JCVGZBF4QHHKQ20SQH81K1QQ
01JCVGPJYK2RSHZAVHBG3JR24F,01JCVGZBRTK276QCAF3Q1TCRHW
01JCVGPJYHXTBZ1JZXB4PCSG07,01JCVGZBTRHHAM93Y2YFBTVH2N
01JCVGPJYJAPZB81K43TDMW7KV,01JCVGZBGPA24ZR7W98YN6Y86S
01JCVGPJYZ8QMYHNT7P6XVXW43,01JCVGZBN7SZAAQVRFXBA0EZJC
01JCVGPJYHXTBZ1JZXB4PCSG07,01JCVGZBDPJ4NDAKYMN8P3HXXA
01JCVGPJYDM9C41N3B27YRGP9N,01JCVGZBPJ0EKDH3CR7PSD70DT
01JCVGPJYHXTBZ1JZXB4PCSG07,01JCVGZBGR1XZC1ZSY46JGP9ZZ
01JCVGPJYDM9C41N3B27YRGP9N,01JCVGZBDJBQNRQHQ6JE6VCS5V
01JCVGPJYK2RSHZAVHBG3JR24F,01JCVGZBP264BXX6FZQMSBA4MT
01JCVGPJYMNFA8NSGSWCQKC63Q,01JCVGZBQ97WA9RHNA992MBJJH
01JCVGPJZ1M39Z16X2GYK7ATSE,01JCVGZBP5CF4K4DBAV1PGC06C
01JCVGPJY93QDYBJ0EV2FXKAAB,01JCVGZBBCCNPQG4EEDTTJTTX8
01JCVGPJZ1M39Z16X2GYK7ATSE,01JCVGZBJ9XEC8RN96NHDVGHKJ
01JCVGPJYY2N2HHEQK87EQ6NFP,01JCVGZBNJ245CBAKY4HTTD65X
01JCVGPJYHXTBZ1JZXB4PCSG07,01JCVGZBPCTNY69CMYZ1QX382V
01JCVGPJYJAPZB81K43TDMW7KV,01JCVGZBHT0SQT7SC260GXDN4C
01JCVGPJYZ8QMYHNT7P6XVXW43,01JCVGZBBCCNPQG4EEDTTJTTX8
01JCVGPJYXTQWVHXKRA2C5KNZP,01JCVGZBPBB1AYSB8PKQ3M8TW8
01JCVGPK02HBT2RAABKHYZ090T,01JCVGZBP8JP0YKZEE2942SY7R
01JCVGPJYY2N2HHEQK87EQ6NFP,01JCVGZBR2WNVKYWQFS2QR1XMA
01JCVGPJYMNFA8NSGSWCQKC63Q,01JCVGZBJCKKA00A0DRWA8V4XZ
01JCVGPK02HBT2RAABKHYZ090T,01JCVGZBCGXAZ84F25SSB37YAW
01JCVGPK02HBT2RAABKHYZ090T,01JCVGZBD2ZGXGNB5Z8PT1SQ4Z
01JCVGPJYPD8SPVCK5VVYJG8QE,01JCVGZBR4RVBBJQK9HXAF17ZX
01JCVGPJYY2N2HHEQK87EQ6NFP,01JCVGZBPZ8GVA8PBBDEMBXD0Q
01JCVGPJYTR18Q7QY4S4T9YX7W,01JCVGZBCZKGNX5FFP0Q4C3XG9
01JCVGPJYDM9C41N3B27YRGP9N,01JCVGZBMC8GTAKD3PX25H3JME
01JCVGPJXYRQMQVN1CEZ07DX19,01JCVGZBHGPXP3R9DB2PP0YTB4
01JCVGPJY93QDYBJ0EV2FXKAAB,01JCVGZBM35YCT8CJ6RTJCXX65
01JCVGPJZ5TTZXC07DPF4S0MMF,01JCVGZBHB42CTHBHQJJKFNSJ9
01JCVGPJYDM9C41N3B27YRGP9N,01JCVGZBPW4ZNQRV43F7TNE4FW
01JCVGPJYGMVGERRHFVGTS49JF,01JCVGZBN7SZAAQVRFXBA0EZJC
01JCVGPJYXTQWVHXKRA2C5KNZP,01JCVGZBPX0R36YX2EGQNWZNJ0
01JCVGPJZ1M39Z16X2GYK7ATSE,01JCVGZBN7YAE4032JBTPGB3F9
01JCVGPJYHXTBZ1JZXB4PCSG07,01JCVGZBRJG0431N3KXN9448RM
01JCVGPJYY2N2HHEQK87EQ6NFP,01JCVGZBHZ7FFQG2XC9HDGNNQR
01JCVGPJYY2N2HHEQK87EQ6NFP,01JCVGZBGM66BT09DW97R85EBT
01JCVGPJYK2RSHZAVHBG3JR24F,01JCVGZBH9K6RCQ6S66MV83YZ2
01JCVGPK02HBT2RAABKHYZ090T,01JCVGZBQDH8MS11AEMVRVJV6S
01JCVGPJYXTQWVHXKRA2C5KNZP,01JCVGZBM1GMJNE96T27YJBPT4
01JCVGPJYTR18Q7QY4S4T9YX7W,01JCVGZBPFHMRFKYWHSKX89AXJ
01JCVGPJYZ8QMYHNT7P6XVXW43,01JCVGZBFZZ3KDKK885B72SJVH
01JCVGPJYDM9C41N3B27YRGP9N,01JCVGZBN1GMKE8W4MNR5TMT78
01JCVGPJYK2RSHZAVHBG3JR24F,01JCVGZBDZV5Y3GS7SPHH5PQQM
01JCVGPJZ1M39Z16X2GYK7ATSE,01JCVGZBNNEZREX54HSMBRA3EM
01JCVGPJYK2RSHZAVHBG3JR24F,01JCVGZBH5WCRBYTFXAN3TTSCP
01JCVGPJYMNFA8NSGSWCQKC63Q,01JCVGZBDSAJCFEE3NXTG1T4WS
01JCVGPJY93QDYBJ0EV2FXKAAB,01JCVGZBFEBB484A6A9CT4QH0D
01JCVGPJZ1M39Z16X2GYK7ATSE,01JCVGZBGR1XZC1ZSY46JGP9ZZ
01JCVGPK02HBT2RAABKHYZ090T,01JCVGZBJ855Q457E1MXKBV5T0
01JCVGPK02HBT2RAABKHYZ090T,01JCVGZBGANA8VENPJ7ESZ1XJQ
01JCVGPJXYRQMQVN1CEZ07DX19,01JCVGZBBVR3NE8JXD3KVXCY8T
01JCVGPJYA85B1NZ0V878H3TRJ,01JCVGZBDN1CY1FBB2JQ9HGGKV
01JCVGPJYY2N2HHEQK87EQ6NFP,01JCVGZBGVAN549PZ0ZDTXZQTD
01JCVGPJYDM9C41N3B27YRGP9N,01JCVGZBCA2EZYJZ6X3T3X2J6Z
01JCVGPJYJAPZB81K43TDMW7KV,01JCVGZBEPSDABV4NN815QXW2X
01JCVGPJYJAPZB81K43TDMW7KV,01JCVGZBQ97WA9RHNA992MBJJH
01JCVGPJYPD8SPVCK5VVYJG8QE,01JCVGZBG9AWE2V5MRGXRTG6TA
01JCVGPJZ5TTZXC07DPF4S0MMF,01JCVGZBDTY5JYPN1CCPDYX6FT
01JCVGPJYK2RSHZAVHBG3JR24F,01JCVGZBNQA09BZFRES6P12BBX
01JCVGPJZ5TTZXC07DPF4S0MMF,01JCVGZBE9R130ZA39YMXDQ5Q3
01JCVGPJYZ8QMYHNT7P6XVXW43,01JCVGZBQ1MG4SAC7K8CN5CD2R
01JCVGPJYTR18Q7QY4S4T9YX7W,01JCVGZBGTHKJXFDAJM92X2DVS
01JCVGPJY93QDYBJ0EV2FXKAAB,01JCVGZBPBQH914QBX494PKW7H
01JCVGPJYXTQWVHXKRA2C5KNZP,01JCVGZBMW8GHM5W56QYFV022D
01JCVGPJZ1M39Z16X2GYK7ATSE,01JCVGZBRJG0431N3KXN9448RM
01JCVGPJYTR18Q7QY4S4T9YX7W,01JCVGZBKRMVBVS9E7QA7BZFM3
01JCVGPJYGMVGERRHFVGTS49JF,01JCVGZBC7YSMK2K51B85BKQDC
01JCVGPJZ1M39Z16X2GYK7ATSE,01JCVGZBGVAN549PZ0ZDTXZQTD
01JCVGPJYHXTBZ1JZXB4PCSG07,01JCVGZBPBB1AYSB8PKQ3M8TW8
01JCVGPJYTR18Q7QY4S4T9YX7W,01JCVGZBKFM8ZE2ZTY8NEEE62Z
01JCVGPJZ1M39Z16X2GYK7ATSE,01JCVGZBR171BG6D41H8Q89HM3
01JCVGPJZ5TTZXC07DPF4S0MMF,01JCVGZBGNSX3XVVXQH7DW6FXA
01JCVGPJYDM9C41N3B27YRGP9N,01JCVGZBFQ0G41T04AX5HHGAZ3
01JCVGPJYMNFA8NSGSWCQKC63Q,01JCVGZBKJJSTZFRKW77SPZNJK
01JCVGPJYZ8QMYHNT7P6XVXW43,01JCVGZBNHBFAZWQ8G0N6QYEE3
01JCVGPJY93QDYBJ0EV2FXKAAB,01JCVGZBF063FPW42Y56KVTC99
01JCVGPJY93QDYBJ0EV2FXKAAB,01JCVGZBF7SFFY5C7GWDGFPHH1
01JCVGPJXYRQMQVN1CEZ07DX19,01JCVGZBNKKFFKX6DSPFKZV4EQ
01JCVGPJYK2RSHZAVHBG3JR24F,01JCVGZBJGPY35BT5DNT95WRP9
01JCVGPJYHXTBZ1JZXB4PCSG07,01JCVGZBGWRRK9AYM09EVDKHME
01JCVGPJZ1M39Z16X2GYK7ATSE,01JCVGZBHQSWZQB3N0ZZGMVH7K
01JCVGPJZ0AZRGV50T85771CPV,01JCVGZBJT55B0JA81VWF2RSFH
01JCVGPJZ1M39Z16X2GYK7ATSE,01JCVGZBM9NJWH884FZFAYSJ6B
01JCVGPK02HBT2RAABKHYZ090T,01JCVGZBNYC0YHXQAZG9D06JYN
01JCVGPJYY2N2HHEQK87EQ6NFP,01JCVGZBMCVGQ7P88CBYY2F9CP
01JCVGPJYXTQWVHXKRA2C5KNZP,01JCVGZBFGAQPMEDQE50AB8XDF
01JCVGPJXYRQMQVN1CEZ07DX19,01JCVGZBCPT0VRMFQGJXNHNCAQ
01JCVGPJY93QDYBJ0EV2FXKAAB,01JCVGZBM568D05B3JKPCAY3FJ
01JCVGPJYPD8SPVCK5VVYJG8QE,01JCVGZBCVAH52PTXSRT7S3HWW
01JCVGPJYXTQWVHXKRA2C5KNZP,01JCVGZBRARC1RQQB6PWFJ8MG7
01JCVGPJYMNFA8NSGSWCQKC63Q,01JCVGZBF4QHHKQ20SQH81K1QQ
01JCVGPJYPD8SPVCK5VVYJG8QE,01JCVGZBG2X14MXP78NCNGRDHC
01JCVGPJZ1M39Z16X2GYK7ATSE,01JCVGZBHGPXP3R9DB2PP0YTB4
01JCVGPJYJAPZB81K43TDMW7KV,01JCVGZBFBRGGM6G2X8VGW00TY
01JCVGPJYTR18Q7QY4S4T9YX7W,01JCVGZBMF7ME5ESAZFH6ZTP9G
01JCVGPJXYRQMQVN1CEZ07DX19,01JCVGZBKJWS45966VW5TZCBVP
01JCVGPJYDM9C41N3B27YRGP9N,01JCVGZBJV2BCGM87QCF93H2XK
01JCVGPJYY2N2HHEQK87EQ6NFP,01JCVGZBM66TMMY09ZYCFPGET5
01JCVGPJY93QDYBJ0EV2FXKAAB,01JCVGZBC8W8M9E6DNB84ETGVE
01JCVGPJYXTQWVHXKRA2C5KNZP,01JCVGZBHT0SQT7SC260GXDN4C
01JCVGPJY93QDYBJ0EV2FXKAAB,01JCVGZBEDADBCW906DBWR6QMK
01JCVGPJY93QDYBJ0EV2FXKAAB,01JCVGZBMGN2N3VCM5S85C0RY9
01JCVGPJZ1M39Z16X2GYK7ATSE,01JCVGZBGBNFB9ZPVEQK3SSDJ1
01JCVGPJYC703DRMSGEW1TA2F2,01JCVGZBB81WWQWEDDHW5FKXEM
01JCVGPJY93QDYBJ0EV2FXKAAB,01JCVGZBNPM7D7R6N24S8A3XZC
01JCVGPJYPD8SPVCK5VVYJG8QE,01JCVGZBNBW5KWGHN44WNH8B3B
01JCVGPJY93QDYBJ0EV2FXKAAB,01JCVGZBDRVF9W95EMT681MJD1
01JCVGPJYHXTBZ1JZXB4PCSG07,01JCVGZBEQKJHA2BBFNG1NGACT
01JCVGPJYC703DRMSGEW1TA2F2,01JCVGZBS31C9MR4NR2KBZFQ1P
01JCVGPJZ5TTZXC07DPF4S0MMF,01JCVGZBDN1CY1FBB2JQ9HGGKV
01JCVGPJYTR18Q7QY4S4T9YX7W,01JCVGZBBQ27Z2WXPXMV3HNFPH
01JCVGPJYPD8SPVCK5VVYJG8QE,01JCVGZBC18NEESCVFXCX74SEZ
01JCVGPJZ1M39Z16X2GYK7ATSE,01JCVGZBN8YS15E6TK3AVCYY1X
01JCVGPJZ0AZRGV50T85771CPV,01JCVGZBN65Q1W93YTQ7F9M1K0
01JCVGPJYC703DRMSGEW1TA2F2,01JCVGZBHMVJ2M5MDJ24YTC25E
01JCVGPJYDM9C41N3B27YRGP9N,01JCVGZBHT37PT4NW5ZCZ6521T
01JCVGPJYXTQWVHXKRA2C5KNZP,01JCVGZBBG0Y7ZAPNXTR5CME9Y
01JCVGPJYZ8QMYHNT7P6XVXW43,01JCVGZBR70J9ZRP2Y22VG5XQR
01JCVGPJYDM9C41N3B27YRGP9N,01JCVGZBMC8GTAKD3PX25H3JME
01JCVGPJXYRQMQVN1CEZ07DX19,01JCVGZBDKFHFCN8997456ZBD1
01JCVGPJYPD8SPVCK5VVYJG8QE,01JCVGZBNSHNH60Z8KTHZKS26N
01JCVGPJYK2RSHZAVHBG3JR24F,01JCVGZBANDSXDFWG0TD75KM1N
01JCVGPJZ0AZRGV50T85771CPV,01JCVGZBEEKA6NEFSZTT1EDJYQ
01JCVGPJY93QDYBJ0EV2FXKAAB,01JCVGZBG4440229YYYT6A9SVX
01JCVGPJYGMVGERRHFVGTS49JF,01JCVGZBRE91Z0Q9W0KXBG0RZN
01JCVGPK02HBT2RAABKHYZ090T,01JCVGZBKANX1H0J97PN79GB08
01JCVGPJYGMVGERRHFVGTS49JF,01JCVGZBEPSDABV4NN815QXW2X
01JCVGPJYDM9C41N3B27YRGP9N,01JCVGZBRHJQ3JSZKNSHJAD0GT
01JCVGPJYK2RSHZAVHBG3JR24F,01JCVGZBB5ZAF2FWD5W4J98HN4
01JCVGPJZ1M39Z16X2GYK7ATSE,01JCVGZBNRMS13FR64TWPZGGT0
01JCVGPK02HBT2RAABKHYZ090T,01JCVGZBK3P6D0AKCAB076SFQ8
01JCVGPJZ0AZRGV50T85771CPV,01JCVGZBHMVJ2M5MDJ24YTC25E
01JCVGPJYPD8SPVCK5VVYJG8QE,01JCVGZBCDE7BBKYP4VN4ACPJ4
01JCVGPJYPD8SPVCK5VVYJG8QE,01JCVGZBKXWWYMTGHRFB8SVWSZ
01JCVGPJYXTQWVHXKRA2C5KNZP,01JCVGZBH6GWPQ2C3MDM1HPRFV
01JCVGPJZ1M39Z16X2GYK7ATSE,01JCVGZBDBJHP4NP0WFYPZ8EB8
01JCVGPJXYRQMQVN1CEZ07DX19,01JCVGZBJD928Q1ACKWGQR3QM9
01JCVGPJYXTQWVHXKRA2C5KNZP,01JCVGZBGDSN06C9YV6BE7XPEH
01JCVGPJYMNFA8NSGSWCQKC63Q,01JCVGZBCA7C1TBBFTFXVGZS9H
01JCVGPJYXTQWVHXKRA2C5KNZP,01JCVGZBE8SXKA0AG64TV4Z1MK
01JCVGPJYK2RSHZAVHBG3JR24F,01JCVGZBP3K5BDRPY6Z8RRCK3H
01JCVGPJYY2N2HHEQK87EQ6NFP,01JCVGZBJA78A8383YZPBZD0GW
01JCVGPJYXTQWVHXKRA2C5KNZP,01JCVGZBJRBY0NWMVNFY1SZPHN
01JCVGPJZ5TTZXC07DPF4S0MMF,01JCVGZBRKRDDAPNT1E7JHPD0F
01JCVGPJY93QDYBJ0EV2FXKAAB,01JCVGZBDRQ3ZDGJ2YSJ7775QH
01JCVGPJZ1M39Z16X2GYK7ATSE,01JCVGZBCB04GBR76GBWWMNJ33
01JCVGPK02HBT2RAABKHYZ090T,01JCVGZBMYFN6NQFNSQ100BQBW
01JCVGPK02HBT2RAABKHYZ090T,01JCVGZBG7NAGPYZ17HANED98N
01JCVGPJYMNFA8NSGSWCQKC63Q,01JCVGZBC4GEF48WXMGK3M4D7Z
01JCVGPJYHXTBZ1JZXB4PCSG07,01JCVGZBQTYSPQ93BJVDEGX97C
01JCVGPJYK2RSHZAVHBG3JR24F,01JCVGZBEC3F8WJSWJ67M2J0YA
01JCVGPJYY2N2HHEQK87EQ6NFP,01JCVGZBP1WASWMAN8CSYT4ZC5
01JCVGPJYPD8SPVCK5VVYJG8QE,01JCVGZBQ54D5RFF2QKAHN4MDR
01JCVGPJYXTQWVHXKRA2C5KNZP,01JCVGZBQ54D5RFF2QKAHN4MDR
01JCVGPJY93QDYBJ0EV2FXKAAB,01JCVGZBK4649RACB2JX75E3FG
01JCVGPJYGMVGERRHFVGTS49JF,01JCVGZBG9AWE2V5MRGXRTG6TA
01JCVGPJYHXTBZ1JZXB4PCSG07,01JCVGZBBX3BJKVG76CWX74JW0
01JCVGPK02HBT2RAABKHYZ090T,01JCVGZBPT6QVGRK158X1JTBFC
01JCVGPJY93QDYBJ0EV2FXKAAB,01JCVGZBCPJG25PBBV43X022S9
01JCVGPJYY2N2HHEQK87EQ6NFP,01JCVGZBJ8Q0MAZ11PMMXV47YY
01JCVGPJYPD8SPVCK5VVYJG8QE,01JCVGZBCE4C61HRS6DPKKEPV0
01JCVGPJYK2RSHZAVHBG3JR24F,01JCVGZBJ311X83A1Q636AGGQ6
01JCVGPJYGMVGERRHFVGTS49JF,01JCVGZBMJNMSG2FH27VWEDK5Q
01JCVGPJYPD8SPVCK5VVYJG8QE,01JCVGZBD8VEB5R56DTHSQCRNW
01JCVGPJYZ8QMYHNT7P6XVXW43,01JCVGZBGE75NCW1XQW574AH7B
01JCVGPJY93QDYBJ0EV2FXKAAB,01JCVGZBKYM7KH9FKTN4XG7N30
01JCVGPJYY2N2HHEQK87EQ6NFP,01JCVGZBM6STW8D2H9QSJV693W
01JCVGPJYC703DRMSGEW1TA2F2,01JCVGZBB6KV68VJ0NVT7AFKYM
01JCVGPJZ5TTZXC07DPF4S0MMF,01JCVGZBN9BSJRNVSMVHHA1NVK
01JCVGPJYGMVGERRHFVGTS49JF,01JCVGZBCE4C61HRS6DPKKEPV0
01JCVGPJYDM9C41N3B27YRGP9N,01JCVGZBN2BW5EPRAJFVSZ6XN7
01JCVGPJYA85B1NZ0V878H3TRJ,01JCVGZBPT6QVGRK158X1JTBFC
01JCVGPJYA85B1NZ0V878H3TRJ,01JCVGZBQRRKR3C2MB8BQR2P8W
01JCVGPJYA85B1NZ0V878H3TRJ,01JCVGZBJA78A8383YZPBZD0GW
01JCVGPJYA85B1NZ0V878H3TRJ,01JCVGZBDGJFT6WG0EBKANB03R
01JCVGPJYY2N2HHEQK87EQ6NFP,01JCVGZBF0SWK6D5E41FWAWD7Q
01JCVGPJYC703DRMSGEW1TA2F2,01JCVGZBQFQ7KN2K1E5G2W3ZX4
01JCVGPJYY2N2HHEQK87EQ6NFP,01JCVGZBFPW2E369HS3ZVH1716
01JCVGPJYPD8SPVCK5VVYJG8QE,01JCVGZBFJJ9ZGHBKF0P43C11Y
01JCVGPJYDM9C41N3B27YRGP9N,01JCVGZBNWTCCMV7SP5RT0C8P2
01JCVGPJYY2N2HHEQK87EQ6NFP,01JCVGZBNAC1EJ8EEXJX7EBS7K
01JCVGPJYMNFA8NSGSWCQKC63Q,01JCVGZBR3CBNN5H8Y1QD0A3XK
01JCVGPJXYRQMQVN1CEZ07DX19,01JCVGZBD63WCHBPJ9FEVW9SSN
01JCVGPJY93QDYBJ0EV2FXKAAB,01JCVGZBP6742M578XWBYA6B2P
01JCVGPJYA85B1NZ0V878H3TRJ,01JCVGZBR4RVBBJQK9HXAF17ZX
01JCVGPJYTR18Q7QY4S4T9YX7W,01JCVGZBM7DSWVWWPTSK64JFR8
01JCVGPJZ1M39Z16X2GYK7ATSE,01JCVGZBG8R1NV8CJ6BN8K6GTR
01JCVGPJYZ8QMYHNT7P6XVXW43,01JCVGZBRCQZ2D4H5NC4FG8BYZ
01JCVGPJXYRQMQVN1CEZ07DX19,01JCVGZBPBB1AYSB8PKQ3M8TW8
01JCVGPJYY2N2HHEQK87EQ6NFP,01JCVGZBNVQSKTD4Q10GSYFCV2
01JCVGPJZ1M39Z16X2GYK7ATSE,01JCVGZBK0AF585M197M0A20GJ
01JCVGPJYHXTBZ1JZXB4PCSG07,01JCVGZBHT37PT4NW5ZCZ6521T
01JCVGPJYTR18Q7QY4S4T9YX7W,01JCVGZBK72N92JJ8TAEACWRBJ
01JCVGPJXYRQMQVN1CEZ07DX19,01JCVGZBNSW271YR3DEW3XYV65
01JCVGPJYJAPZB81K43TDMW7KV,01JCVGZBMBZHN4C7SSXYWQCYZQ
01JCVGPJYY2N2HHEQK87EQ6NFP,01JCVGZBJQ8HS4E32DBQSRKZ92
01JCVGPJYGMVGERRHFVGTS49JF,01JCVGZBDZV5Y3GS7SPHH5PQQM
01JCVGPJYC703DRMSGEW1TA2F2,01JCVGZBJ6QSHJYBXENP0Z08MS
01JCVGPJYY2N2HHEQK87EQ6NFP,01JCVGZBJ45T4Q7YRYW6PVWJHY
01JCVGPJY93QDYBJ0EV2FXKAAB,01JCVGZBCBQEJEKPJD5WMRM9FG
01JCVGPJYK2RSHZAVHBG3JR24F,01JCVGZBNRNAKTD55Q0HVZCNFM
01JCVGPJY93QDYBJ0EV2FXKAAB,01JCVGZBKS6RCR9D8TAMZ71EG7
01JCVGPJZ5TTZXC07DPF4S0MMF,01JCVGZBJ6QSHJYBXENP0Z08MS
01JCVGPJYPD8SPVCK5VVYJG8QE,01JCVGZBFGAQPMEDQE50AB8XDF
01JCVGPJYZ8QMYHNT7P6XVXW43,01JCVGZBMGN2N3VCM5S85C0RY9
01JCVGPJYHXTBZ1JZXB4PCSG07,01JCVGZBCRRVRTY22M2ZEGDZ0Y
01JCVGPJXYRQMQVN1CEZ07DX19,01JCVGZBPR0G4QMFTYT4NTS3HV
01JCVGPJYGMVGERRHFVGTS49JF,01JCVGZBF7CP2SVE5C16NZ8M9F
01JCVGPJZ0AZRGV50T85771CPV,01JCVGZBC6WEX3M5SE9XHBYA2B
01JCVGPJYMNFA8NSGSWCQKC63Q,01JCVGZBF6EGS4WRZ1HQXS5PD4
01JCVGPJYC703DRMSGEW1TA2F2,01JCVGZBRECYAZ5AKC9K79MZ2G
01JCVGPJYC703DRMSGEW1TA2F2,01JCVGZBPZ8GVA8PBBDEMBXD0Q
01JCVGPJYPD8SPVCK5VVYJG8QE,01JCVGZBDK39D9V4B1773PD2P7
01JCVGPJZ5TTZXC07DPF4S0MMF,01JCVGZBP1WASWMAN8CSYT4ZC5
01JCVGPJYXTQWVHXKRA2C5KNZP,01JCVGZBM8WSXV1KPQZB8KS413
01JCVGPJZ5TTZXC07DPF4S0MMF,01JCVGZBN7SZAAQVRFXBA0EZJC
01JCVGPJYY2N2HHEQK87EQ6NFP,01JCVGZBFDFHXGJH97KQX7M4SX
01JCVGPJYGMVGERRHFVGTS49JF,01JCVGZBMDPN0JG8KNJ5C5E0ZD
01JCVGPJYTR18Q7QY4S4T9YX7W,01JCVGZBDZV5Y3GS7SPHH5PQQM
01JCVGPJYA85B1NZ0V878H3TRJ,01JCVGZBCJYD74QF8RCV1A9FMA
01JCVGPJY93QDYBJ0EV2FXKAAB,01JCVGZBMY6ETFTMEHCFBQJKJW
01JCVGPJYK2RSHZAVHBG3JR24F,01JCVGZBK3KH8078S1Z42E4ZN7
01JCVGPJYHXTBZ1JZXB4PCSG07,01JCVGZBGDSN06C9YV6BE7XPEH
01JCVGPJZ0AZRGV50T85771CPV,01JCVGZBKZT0K5GNS2GMZ8V37X
01JCVGPJYDM9C41N3B27YRGP9N,01JCVGZBDAAQB2NDJ3ZWK3NZBA
01JCVGPJXYRQMQVN1CEZ07DX19,01JCVGZBDNAAD8JS9DABXN83J0
01JCVGPJYK2RSHZAVHBG3JR24F,01JCVGZBNFXQXTBKQYHWES1AH0
01JCVGPJYJAPZB81K43TDMW7KV,01JCVGZBC7T17JFSDDY7HE8Z3H
01JCVGPJYHXTBZ1JZXB4PCSG07,01JCVGZBM9NJWH884FZFAYSJ6B
01JCVGPJYY2N2HHEQK87EQ6NFP,01JCVGZBJJSYEK7FEJH9DK5ZRX
01JCVGPJYC703DRMSGEW1TA2F2,01JCVGZBQQKFZAC9QFWMBNB8KE
01JCVGPJXYRQMQVN1CEZ07DX19,01JCVGZBAE9AMB8QCR6SZY1NQJ
01JCVGPJYGMVGERRHFVGTS49JF,01JCVGZBKFWS9TAFNCT2AZGZRA
01JCVGPJYK2RSHZAVHBG3JR24F,01JCVGZBJPHQ0SSTMTYZ8S38Z3
01JCVGPJYXTQWVHXKRA2C5KNZP,01JCVGZBK90SG0G13AZ505060H
01JCVGPJXYRQMQVN1CEZ07DX19,01JCVGZBK04WECMM45FA844QYY
01JCVGPJYC703DRMSGEW1TA2F2,01JCVGZBDPJ4NDAKYMN8P3HXXA
01JCVGPJYK2RSHZAVHBG3JR24F,01JCVGZBGN3PWHPNMER4CRBYYF
01JCVGPJYDM9C41N3B27YRGP9N,01JCVGZBPKTJCFSBQMV04667WK
01JCVGPJYA85B1NZ0V878H3TRJ,01JCVGZBEV1KHNEBQF2FX464D9
01JCVGPJXYRQMQVN1CEZ07DX19,01JCVGZBHFY0YGREFBVS7CMD1G
01JCVGPJYPD8SPVCK5VVYJG8QE,01JCVGZBQKB5JGENYK2PMTQYBK
01JCVGPJYMNFA8NSGSWCQKC63Q,01JCVGZBNHA4R7SZKEV6VD62TH
01JCVGPJYHXTBZ1JZXB4PCSG07,01JCVGZBQFC1ADBV62JRWEC8RG
01JCVGPJXYRQMQVN1CEZ07DX19,01JCVGZBCHWV8FJZ52F3XSE3RC
01JCVGPJYTR18Q7QY4S4T9YX7W,01JCVGZBGTHKJXFDAJM92X2DVS
01JCVGPJYHXTBZ1JZXB4PCSG07,01JCVGZBQQKFZAC9QFWMBNB8KE
01JCVGPK02HBT2RAABKHYZ090T,01JCVGZBFEBB484A6A9CT4QH0D
01JCVGPJXYRQMQVN1CEZ07DX19,01JCVGZBC9EV4CZNYKDNMEGA6C
01JCVGPJYA85B1NZ0V878H3TRJ,01JCVGZBM0JYGK88YPVWHAN0D9
01JCVGPK02HBT2RAABKHYZ090T,01JCVGZBGWRRK9AYM09EVDKHME
01JCVGPJYXTQWVHXKRA2C5KNZP,01JCVGZBHFY0YGREFBVS7CMD1G
01JCVGPJXYRQMQVN1CEZ07DX19,01JCVGZBRGAVGZPMWGBDT86KQQ
01JCVGPJYTR18Q7QY4S4T9YX7W,01JCVGZBRJN2B96ZQCHDMRF51T
01JCVGPJYPD8SPVCK5VVYJG8QE,01JCVGZBHCB156E8HWKCGRMK52
01JCVGPJYTR18Q7QY4S4T9YX7W,01JCVGZBCVAH52PTXSRT7S3HWW
01JCVGPJYZ8QMYHNT7P6XVXW43,01JCVGZBNXK3G47F4PM9TK8TWD
01JCVGPJYA85B1NZ0V878H3TRJ,01JCVGZBKRDWYSSQYPDH9F7X66
01JCVGPJY93QDYBJ0EV2FXKAAB,01JCVGZBPY6E8FHFWZBMTJ0TG7
01JCVGPJYDM9C41N3B27YRGP9N,01JCVGZBR6FPVYVQ6ECADXK78K
01JCVGPJYXTQWVHXKRA2C5KNZP,01JCVGZBPA8N40A9ZDTAT0QB9W
01JCVGPJYK2RSHZAVHBG3JR24F,01JCVGZBMF7ME5ESAZFH6ZTP9G
01JCVGPJYK2RSHZAVHBG3JR24F,01JCVGZBBQ27Z2WXPXMV3HNFPH
01JCVGPJZ0AZRGV50T85771CPV,01JCVGZBJY7SG5QY9T0RV0RTXW
01JCVGPJZ5TTZXC07DPF4S0MMF,01JCVGZBEAQEYY5T50G7CQHY65
01JCVGPJZ0AZRGV50T85771CPV,01JCVGZBS4FSSV159CV61RTQFW
01JCVGPJZ1M39Z16X2GYK7ATSE,01JCVGZBH8VXYM2RJ3M9EE0PB3
01JCVGPJXYRQMQVN1CEZ07DX19,01JCVGZBM93WHXTE76G612GTBZ
01JCVGPJYTR18Q7QY4S4T9YX7W,01JCVGZBP5CDHRP9W9K4V6DKZJ
01JCVGPJYY2N2HHEQK87EQ6NFP,01JCVGZBDPJ4NDAKYMN8P3HXXA
01JCVGPJYMNFA8NSGSWCQKC63Q,01JCVGZBBM37EMRZWZ3QHABPYE
01JCVGPJZ1M39Z16X2GYK7ATSE,01JCVGZBNEJKV96361HXSQNX0Y
01JCVGPJYHXTBZ1JZXB4PCSG07,01JCVGZBDWDFN1BG2GCNMHH8C9
01JCVGPJYC703DRMSGEW1TA2F2,01JCVGZBPT6QVGRK158X1JTBFC
01JCVGPJZ1M39Z16X2GYK7ATSE,01JCVGZBJW9HC16Z4D86B653RF
01JCVGPJYMNFA8NSGSWCQKC63Q,01JCVGZBMYFN6NQFNSQ100BQBW
01JCVGPJYXTQWVHXKRA2C5KNZP,01JCVGZBD5CS910901VN7BVJC5
01JCVGPJZ0AZRGV50T85771CPV,01JCVGZBB0R789SD4E34S6PYPD
01JCVGPJYA85B1NZ0V878H3TRJ,01JCVGZBFGXHKX4C49B6A5HZ1D
01JCVGPJYHXTBZ1JZXB4PCSG07,01JCVGZBPCEMSSEM6M726524W4
01JCVGPJYHXTBZ1JZXB4PCSG07,01JCVGZBNSW271YR3DEW3XYV65
01JCVGPJZ1M39Z16X2GYK7ATSE,01JCVGZBBYDT6CY2PYQKTK72W2
01JCVGPJYDM9C41N3B27YRGP9N,01JCVGZBF58D5BRK3ECFKQBTPB
01JCVGPJYDM9C41N3B27YRGP9N,01JCVGZBAKVZBA93BDD54E9A4A
01JCVGPJZ5TTZXC07DPF4S0MMF,01JCVGZBCCV1JKRXV62Z8KMC3H
01JCVGPJYPD8SPVCK5VVYJG8QE,01JCVGZBG9240VA3P6TX9ZW0Z0
01JCVGPJYC703DRMSGEW1TA2F2,01JCVGZBAE9AMB8QCR6SZY1NQJ
01JCVGPJYHXTBZ1JZXB4PCSG07,01JCVGZBHNWMWZCXFWVJJYE2RY
01JCVGPJZ1M39Z16X2GYK7ATSE,01JCVGZBBS7Y48SYQCYJZBQ7B7
01JCVGPJYMNFA8NSGSWCQKC63Q,01JCVGZBK21VQA5CM933BWTQSV
01JCVGPJYPD8SPVCK5VVYJG8QE,01JCVGZBJ5Q4HAPB2C8V3P94J4
01JCVGPJYK2RSHZAVHBG3JR24F,01JCVGZBC7T17JFSDDY7HE8Z3H
01JCVGPJZ5TTZXC07DPF4S0MMF,01JCVGZBJQ8HS4E32DBQSRKZ92
01JCVGPJYHXTBZ1JZXB4PCSG07,01JCVGZBJVRAMG789HE8YMB2GS
01JCVGPJY93QDYBJ0EV2FXKAAB,01JCVGZBDK39D9V4B1773PD2P7
01JCVGPJZ0AZRGV50T85771CPV,01JCVGZBBPGGBXNQCWESV51GYC
01JCVGPJYXTQWVHXKRA2C5KNZP,01JCVGZBH2D0ES8K63RNRKF2VQ
01JCVGPJYXTQWVHXKRA2C5KNZP,01JCVGZBKKXM7NF7JP7GX6V0XP
01JCVGPJYMNFA8NSGSWCQKC63Q,01JCVGZBS4FSSV159CV61RTQFW
01JCVGPJYC703DRMSGEW1TA2F2,01JCVGZBDS3TS31BCZR7XGYY2M
01JCVGPJYZ8QMYHNT7P6XVXW43,01JCVGZBB27CYNW67G6J9R5DYA
01JCVGPJYXTQWVHXKRA2C5KNZP,01JCVGZBP6742M578XWBYA6B2P
01JCVGPJYY2N2HHEQK87EQ6NFP,01JCVGZBBCKYMHF8NMHVS42QGK
01JCVGPJYGMVGERRHFVGTS49JF,01JCVGZBNNH2E6GR2EV57VR94Q
01JCVGPJZ5TTZXC07DPF4S0MMF,01JCVGZBB5ZAF2FWD5W4J98HN4
01JCVGPJZ1M39Z16X2GYK7ATSE,01JCVGZBPGY92F2XYCQTJXYEDS
01JCVGPJYC703DRMSGEW1TA2F2,01JCVGZBBEYBH9ZQVKCJEWD7SQ
01JCVGPJYK2RSHZAVHBG3JR24F,01JCVGZBDX5YJMM4642W2HFQH0
01JCVGPK02HBT2RAABKHYZ090T,01JCVGZBPWVA5PSMVEJAA6F6E0
01JCVGPJYMNFA8NSGSWCQKC63Q,01JCVGZBFKJQ31V1JFKGKHZ012
01JCVGPJYGMVGERRHFVGTS49JF,01JCVGZBKMC4Q9TK4X5A22PM3V
01JCVGPJYPD8SPVCK5VVYJG8QE,01JCVGZBK1TSYX9BYGEWP557BC
01JCVGPJYHXTBZ1JZXB4PCSG07,01JCVGZBKRMVBVS9E7QA7BZFM3
01JCVGPJYK2RSHZAVHBG3JR24F,01JCVGZBJ8TQREKYZS1SADD5NQ
01JCVGPJYPD8SPVCK5VVYJG8QE,01JCVGZBF9V5A43TMKC0CWRSPK
01JCVGPK02HBT2RAABKHYZ090T,01JCVGZBM9NJWH884FZFAYSJ6B
01JCVGPJXYRQMQVN1CEZ07DX19,01JCVGZBRQ2D85XXWGBMJ2PY05
01JCVGPJYZ8QMYHNT7P6XVXW43,01JCVGZBNEVZZ7KN9PK4MJR8B5
01JCVGPJYZ8QMYHNT7P6XVXW43,01JCVGZBPT1BRXMMDSJAEWP6SA
01JCVGPJXYRQMQVN1CEZ07DX19,01JCVGZBCGXAZ84F25SSB37YAW
01JCVGPJY93QDYBJ0EV2FXKAAB,01JCVGZBK0X32JS3SQ0ZWSXEYT
01JCVGPK02HBT2RAABKHYZ090T,01JCVGZBRMC00PZDR1ZA04RWRV
01JCVGPJYPD8SPVCK5VVYJG8QE,01JCVGZBCVAH52PTXSRT7S3HWW
01JCVGPJYPD8SPVCK5VVYJG8QE,01JCVGZBEMT7FNW9FRXDBG27R8
01JCVGPJYK2RSHZAVHBG3JR24F,01JCVGZBESXCVW1BX0R363WPGA
01JCVGPJZ5TTZXC07DPF4S0MMF,01JCVGZBJVKF17CGFXAE3389QM
01JCVGPJZ1M39Z16X2GYK7ATSE,01JCVGZBKPB4HQZ7SH5ZDHCZMR
01JCVGPJYGMVGERRHFVGTS49JF,01JCVGZBPBQH914QBX494PKW7H
01JCVGPJZ5TTZXC07DPF4S0MMF,01JCVGZBMVNXT0H3W2FKAFDGXQ
01JCVGPJZ5TTZXC07DPF4S0MMF,01JCVGZBMFWZ2PCZ1SCR2N1SDY
01JCVGPJYJAPZB81K43TDMW7KV,01JCVGZBQM44M5WFVH0QH4SWKQ
01JCVGPJZ0AZRGV50T85771CPV,01JCVGZBGJTEQ54F6VSXS285ET
01JCVGPJYC703DRMSGEW1TA2F2,01JCVGZBQ060GN2BC2RN27WZ9S
01JCVGPJYZ8QMYHNT7P6XVXW43,01JCVGZBR5J00846CR2NEEV8E2
01JCVGPJYK2RSHZAVHBG3JR24F,01JCVGZBF9EEGT84FPTRB29MR6
01JCVGPJYXTQWVHXKRA2C5KNZP,01JCVGZBMDXAWBN0TTBP21MZK9
01JCVGPJYZ8QMYHNT7P6XVXW43,01JCVGZBESXCVW1BX0R363WPGA
01JCVGPJXYRQMQVN1CEZ07DX19,01JCVGZBHWZE07HAJ5YHNY9FM9
01JCVGPJYDM9C41N3B27YRGP9N,01JCVGZBR3CBNN5H8Y1QD0A3XK
01JCVGPJZ5TTZXC07DPF4S0MMF,01JCVGZBGATXB6SG579F6W5WR9
01JCVGPJZ0AZRGV50T85771CPV,01JCVGZBM4X68FFWZF7X0GB00N
01JCVGPJYZ8QMYHNT7P6XVXW43,01JCVGZBJBMYWS9N5EG7S08GNJ
01JCVGPJYXTQWVHXKRA2C5KNZP,01JCVGZBHSFPJGRGPR8J5PZKFY
01JCVGPJYGMVGERRHFVGTS49JF,01JCVGZBCH4WK9F0AWMGMBX507
01JCVGPJYJAPZB81K43TDMW7KV,01JCVGZBDX5YJMM4642W2HFQH0
01JCVGPJZ1M39Z16X2GYK7ATSE,01JCVGZBNMSHRB8E189RQN2TB9
01JCVGPJYK2RSHZAVHBG3JR24F,01JCVGZBNW2SWNE7WFMDN6VSC3
01JCVGPJXYRQMQVN1CEZ07DX19,01JCVGZBQV2VTMHF67S35PW82X
01JCVGPJY93QDYBJ0EV2FXKAAB,01JCVGZBEPSDABV4NN815QXW2X
01JCVGPJYK2RSHZAVHBG3JR24F,01JCVGZBB0R789SD4E34S6PYPD
01JCVGPJZ0AZRGV50T85771CPV,01JCVGZBGE0N82WBVTN22DQZVW
01JCVGPJYTR18Q7QY4S4T9YX7W,01JCVGZBMW7P1N05M0ZQM32M5N
01JCVGPJYMNFA8NSGSWCQKC63Q,01JCVGZBQRXAZARFKRMYB8MJ1C
01JCVGPJYMNFA8NSGSWCQKC63Q,01JCVGZBS4FSSV159CV61RTQFW
01JCVGPJYJAPZB81K43TDMW7KV,01JCVGZBC8W8M9E6DNB84ETGVE
01JCVGPJYK2RSHZAVHBG3JR24F,01JCVGZBGHASC6S90V5HWFQCAK
01JCVGPJYDM9C41N3B27YRGP9N,01JCVGZBCH4WK9F0AWMGMBX507
01JCVGPJYY2N2HHEQK87EQ6NFP,01JCVGZBGMAXXCT33KQNKX3C1A
01JCVGPJZ1M39Z16X2GYK7ATSE,01JCVGZBR6FPVYVQ6ECADXK78K
01JCVGPJYY2N2HHEQK87EQ6NFP,01JCVGZBJ7SM0TSNKQZBD8P9VG
01JCVGPJYC703DRMSGEW1TA2F2,01JCVGZBDX5YJMM4642W2HFQH0
01JCVGPJYJAPZB81K43TDMW7KV,01JCVGZBRE91Z0Q9W0KXBG0RZN
01JCVGPJYY2N2HHEQK87EQ6NFP,01JCVGZBB81WWQWEDDHW5FKXEM
01JCVGPK02HBT2RAABKHYZ090T,01JCVGZBD728E8DW03W63410FQ
01JCVGPJYGMVGERRHFVGTS49JF,01JCVGZBS0Z27VFSJDVEGK19YZ
01JCVGPJYY2N2HHEQK87EQ6NFP,01JCVGZBN7K86FKEYTF21G8D07
01JCVGPJZ0AZRGV50T85771CPV,01JCVGZBBX7B0NKNRDFMJ1M3H7
01JCVGPK02HBT2RAABKHYZ090T,01JCVGZBNC34MK2YAW3BAAQQRS
01JCVGPK02HBT2RAABKHYZ090T,01JCVGZBNPM7D7R6N24S8A3XZC
01JCVGPJYGMVGERRHFVGTS49JF,01JCVGZBNEFVBQWC27WHSBWVQA
01JCVGPJZ0AZRGV50T85771CPV,01JCVGZBR3CBNN5H8Y1QD0A3XK
01JCVGPJXYRQMQVN1CEZ07DX19,01JCVGZBGG0TTEJKV62K5M4TDQ
01JCVGPJY93QDYBJ0EV2FXKAAB,01JCVGZBD4ZKXGH536Q2XT1RQJ
01JCVGPJYDM9C41N3B27YRGP9N,01JCVGZBBSECB0SS1ZQBVQF5CX
01JCVGPJYGMVGERRHFVGTS49JF,01JCVGZBJZHSXA338YMRVC8QV5
01JCVGPJYZ8QMYHNT7P6XVXW43,01JCVGZBRBZNWBY8V70RF947ZW
01JCVGPJYGMVGERRHFVGTS49JF,01JCVGZBR359WN4Y9C9JPDBDCC
01JCVGPJYJAPZB81K43TDMW7KV,01JCVGZBM93WHXTE76G612GTBZ
01JCVGPJYC703DRMSGEW1TA2F2,01JCVGZBBZQJQ31P2SQVV6Y4MF
01JCVGPJYMNFA8NSGSWCQKC63Q,01JCVGZBPFMNC69K97D2JS55VC
01JCVGPJYZ8QMYHNT7P6XVXW43,01JCVGZBPD2DGBPQBNA08DPNN5
01JCVGPJYGMVGERRHFVGTS49JF,01JCVGZBBRJ65ESJQDFZT2QAKF
01JCVGPJYPD8SPVCK5VVYJG8QE,01JCVGZBK62CV06WQM1D77WTHA
01JCVGPJYGMVGERRHFVGTS49JF,01JCVGZBM35YCT8CJ6RTJCXX65
01JCVGPJYA85B1NZ0V878H3TRJ,01JCVGZBHY4Q0STN8NBK730YFA
01JCVGPJY93QDYBJ0EV2FXKAAB,01JCVGZBDQPCS55CGEHP89QE3Z
01JCVGPJYK2RSHZAVHBG3JR24F,01JCVGZBHR8CTPK5B3MTD926BZ
01JCVGPJYHXTBZ1JZXB4PCSG07,01JCVGZBQGJAEPGKRX044YCKVM
01JCVGPK02HBT2RAABKHYZ090T,01JCVGZBKRMVBVS9E7QA7BZFM3
01JCVGPJZ5TTZXC07DPF4S0MMF,01JCVGZBQNKXZHX5515Z8QH44K
01JCVGPJYA85B1NZ0V878H3TRJ,01JCVGZBEZAYWKCTRFYMDVRXEC
01JCVGPJZ1M39Z16X2GYK7ATSE,01JCVGZBG7C3MVQCXEVKJ1M233
01JCVGPJYDM9C41N3B27YRGP9N,01JCVGZBBX3BJKVG76CWX74JW0
01JCVGPJZ5TTZXC07DPF4S0MMF,01JCVGZBH7EPQ17VTHJSKD9783
01JCVGPJYGMVGERRHFVGTS49JF,01JCVGZBN7SZAAQVRFXBA0EZJC
01JCVGPJYMNFA8NSGSWCQKC63Q,01JCVGZBB0F7ST65F7TP48HZYD
01JCVGPJYJAPZB81K43TDMW7KV,01JCVGZBES3Z000BZNGC01E6HY
01JCVGPJYY2N2HHEQK87EQ6NFP,01JCVGZBFJJ9ZGHBKF0P43C11Y
01JCVGPJYK2RSHZAVHBG3JR24F,01JCVGZBQJVKJSHYS24BBTYF5R
01JCVGPJYZ8QMYHNT7P6XVXW43,01JCVGZBRARC1RQQB6PWFJ8MG7
01JCVGPJYTR18Q7QY4S4T9YX7W,01JCVGZBF58D5BRK3ECFKQBTPB
01JCVGPJYPD8SPVCK5VVYJG8QE,01JCVGZBJ7X2YWEJ3GPTBCMZS9
01JCVGPJZ5TTZXC07DPF4S0MMF,01JCVGZBBBV7E87R7EJ0HZ8M5Z
01JCVGPJYZ8QMYHNT7P6XVXW43,01JCVGZBFM5SKGGQ8XC02VVYVX
01JCVGPK02HBT2RAABKHYZ090T,01JCVGZBQRXAZARFKRMYB8MJ1C
01JCVGPJYDM9C41N3B27YRGP9N,01JCVGZBB7H6GMCX49EZG4D56W
01JCVGPJZ5TTZXC07DPF4S0MMF,01JCVGZBMY6ETFTMEHCFBQJKJW
01JCVGPJYXTQWVHXKRA2C5KNZP,01JCVGZBQFPT1ZGBXSWJKNQ8S3
01JCVGPJYA85B1NZ0V878H3TRJ,01JCVGZBMEKRCFD4455F70NXGJ
01JCVGPJYXTQWVHXKRA2C5KNZP,01JCVGZBE3SQWJTNSZ2WZ7EVRG
01JCVGPJY93QDYBJ0EV2FXKAAB,01JCVGZBQX6K62JN80SKAEWR0P
01JCVGPJYXTQWVHXKRA2C5KNZP,01JCVGZBMW7P1N05M0ZQM32M5N
01JCVGPJZ1M39Z16X2GYK7ATSE,01JCVGZBMQQNAFMHVGJZ6C04FH
01JCVGPJZ0AZRGV50T85771CPV,01JCVGZBC18NEESCVFXCX74SEZ
01JCVGPJYGMVGERRHFVGTS49JF,01JCVGZBCM5Q4CAF1K9RAN0SQR
01JCVGPJYZ8QMYHNT7P6XVXW43,01JCVGZBKBD04PHBMN0NKS9GK1
01JCVGPJYDM9C41N3B27YRGP9N,01JCVGZBFGPT084Q09KA0ZPNQ0
01JCVGPJZ0AZRGV50T85771CPV,01JCVGZBFPXQ7PP622KK8YPN5C
01JCVGPJYJAPZB81K43TDMW7KV,01JCVGZBS4FSSV159CV61RTQFW
01JCVGPJZ5TTZXC07DPF4S0MMF,01JCVGZBAJFGYN1HD1AJ7BF78R
01JCVGPJZ5TTZXC07DPF4S0MMF,01JCVGZBN7K86FKEYTF21G8D07
01JCVGPJYXTQWVHXKRA2C5KNZP,01JCVGZBQGJAEPGKRX044YCKVM
01JCVGPJYA85B1NZ0V878H3TRJ,01JCVGZBNYN6QQNS5S0WWJ2F6B
01JCVGPJYXTQWVHXKRA2C5KNZP,01JCVGZBNRNAKTD55Q0HVZCNFM
01JCVGPJXYRQMQVN1CEZ07DX19,01JCVGZBDEHG5W8W1H1JXTKKGC
01JCVGPJYGMVGERRHFVGTS49JF,01JCVGZBNFXQXTBKQYHWES1AH0
01JCVGPJYGMVGERRHFVGTS49JF,01JCVGZBN3R8037JXTJBRE4Q8N
01JCVGPJYTR18Q7QY4S4T9YX7W,01JCVGZBNG6D74G8Q5GS55KCZQ
01JCVGPJYDM9C41N3B27YRGP9N,01JCVGZBDBCT8A0ABMQQ3C8GV6
01JCVGPJYXTQWVHXKRA2C5KNZP,01JCVGZBMZD19EHWAJ5ZJ8RAQH
01JCVGPJZ1M39Z16X2GYK7ATSE,01JCVGZBB9Z2TKHRR050VEMBKP
01JCVGPJYZ8QMYHNT7P6XVXW43,01JCVGZBQ87J941GSWEAP54DM7
01JCVGPJYZ8QMYHNT7P6XVXW43,01JCVGZBJJSYEK7FEJH9DK5ZRX
01JCVGPJYC703DRMSGEW1TA2F2,01JCVGZBF635KQTPWXR4HP34EG
01JCVGPJYTR18Q7QY4S4T9YX7W,01JCVGZBF1R1B3C47FVT41EGNY
01JCVGPJYGMVGERRHFVGTS49JF,01JCVGZBDXY0XDFV379R84VZWT
01JCVGPJZ1M39Z16X2GYK7ATSE,01JCVGZBP3S1F3Q9TAYZ1FCWQY
01JCVGPJYA85B1NZ0V878H3TRJ,01JCVGZBDTY5JYPN1CCPDYX6FT
01JCVGPJYMNFA8NSGSWCQKC63Q,01JCVGZBPVPFAHBFWNBT8810Y0
01JCVGPJYY2N2HHEQK87EQ6NFP,01JCVGZBQ28JRVPASMH4CCWXDN
01JCVGPJZ0AZRGV50T85771CPV,01JCVGZBKGYKZFAV4C64WQJ5DV
01JCVGPK02HBT2RAABKHYZ090T,01JCVGZBMYXWWHKBSBT1H2C6JM
01JCVGPJYTR18Q7QY4S4T9YX7W,01JCVGZBC7YSMK2K51B85BKQDC
01JCVGPJYC703DRMSGEW1TA2F2,01JCVGZBGWRRK9AYM09EVDKHME
01JCVGPK02HBT2RAABKHYZ090T,01JCVGZBQAZZY2B44KVH83MAS3
01JCVGPJZ1M39Z16X2GYK7ATSE,01JCVGZBMJNMSG2FH27VWEDK5Q
01JCVGPJYC703DRMSGEW1TA2F2,01JCVGZBPK5MM94HMXMQ5CERJS
01JCVGPJYJAPZB81K43TDMW7KV,01JCVGZBQFC1ADBV62JRWEC8RG
01JCVGPJYGMVGERRHFVGTS49JF,01JCVGZBFTDHZ27BES25Y0C1C4
01JCVGPJYXTQWVHXKRA2C5KNZP,01JCVGZBCXBWWACJPY84Z4G3FA
01JCVGPJXYRQMQVN1CEZ07DX19,01JCVGZBDNDB34RAW83Q7WMZWG
01JCVGPJYPD8SPVCK5VVYJG8QE,01JCVGZBN0F9Q1ZCSFX916CWR6
01JCVGPJYJAPZB81K43TDMW7KV,01JCVGZBDNDB34RAW83Q7WMZWG
01JCVGPJXYRQMQVN1CEZ07DX19,01JCVGZBATZG29AECBWJSFEJX3
01JCVGPJYPD8SPVCK5VVYJG8QE,01JCVGZBFEBB484A6A9CT4QH0D
01JCVGPJYA85B1NZ0V878H3TRJ,01JCVGZBBJ1NQD6QVJJFT5C91K
01JCVGPJYGMVGERRHFVGTS49JF,01JCVGZBG4440229YYYT6A9SVX
01JCVGPJYDM9C41N3B27YRGP9N,01JCVGZBMGN2N3VCM5S85C0RY9
01JCVGPJYJAPZB81K43TDMW7KV,01JCVGZBQDHDVJJST7FDN28VPN
01JCVGPJYTR18Q7QY4S4T9YX7W,01JCVGZBP13EZTP6FG14R79FQS
01JCVGPJYGMVGERRHFVGTS49JF,01JCVGZBF1R1B3C47FVT41EGNY
01JCVGPK02HBT2RAABKHYZ090T,01JCVGZBR41ZG56M70P2ZHCS8B
01JCVGPJYHXTBZ1JZXB4PCSG07,01JCVGZBCNG5SHB44N8Z88B2J8
01JCVGPK02HBT2RAABKHYZ090T,01JCVGZBQX6K62JN80SKAEWR0P
01JCVGPJYK2RSHZAVHBG3JR24F,01JCVGZBN6R1KBJWKWWVHG3TGG
01JCVGPJYHXTBZ1JZXB4PCSG07,01JCVGZBKP2YEHPGQJ6VZ4ENNG
01JCVGPJYMNFA8NSGSWCQKC63Q,01JCVGZBB27CYNW67G6J9R5DYA
01JCVGPJZ1M39Z16X2GYK7ATSE,01JCVGZBRRAQSM84YYT0Y4B0V7
01JCVGPJYA85B1NZ0V878H3TRJ,01JCVGZBPT1BRXMMDSJAEWP6SA
01JCVGPJYA85B1NZ0V878H3TRJ,01JCVGZBNJBNE8R01Z0TFVTBNJ
01JCVGPJYJAPZB81K43TDMW7KV,01JCVGZBQAE18GYSAW7KEMP7TP
01JCVGPJZ1M39Z16X2GYK7ATSE,01JCVGZBJSARC6JZNEZRB0BZQR
01JCVGPJYMNFA8NSGSWCQKC63Q,01JCVGZBH9K6RCQ6S66MV83YZ2
01JCVGPJYA85B1NZ0V878H3TRJ,01JCVGZBBBV7E87R7EJ0HZ8M5Z
01JCVGPJYHXTBZ1JZXB4PCSG07,01JCVGZBKM9FRMWEJ7XEBG04B5
01JCVGPJZ5TTZXC07DPF4S0MMF,01JCVGZBRTEWQZFN0E8MGP18CS
01JCVGPJYJAPZB81K43TDMW7KV,01JCVGZBJBFVZJYP0ATKJXH308
01JCVGPJZ1M39Z16X2GYK7ATSE,01JCVGZBS5RHWSYYHJRXZP6Y72
01JCVGPJYZ8QMYHNT7P6XVXW43,01JCVGZBGDSN06C9YV6BE7XPEH
01JCVGPJXYRQMQVN1CEZ07DX19,01JCVGZBRBPSKC20HB2G3FPZQV
01JCVGPJZ1M39Z16X2GYK7ATSE,01JCVGZBK3P6D0AKCAB076SFQ8
01JCVGPJYZ8QMYHNT7P6XVXW43,01JCVGZBG2X14MXP78NCNGRDHC
01JCVGPJYGMVGERRHFVGTS49JF,01JCVGZBGANA8VENPJ7ESZ1XJQ
01JCVGPJZ5TTZXC07DPF4S0MMF,01JCVGZBCZKGNX5FFP0Q4C3XG9
01JCVGPJYMNFA8NSGSWCQKC63Q,01JCVGZBHV6DP7VB2S48H9ET60
01JCVGPJYGMVGERRHFVGTS49JF,01JCVGZBPR0G4QMFTYT4NTS3HV
01JCVGPJXYRQMQVN1CEZ07DX19,01JCVGZBP49QTTB9XS280ADEKK
01JCVGPJYC703DRMSGEW1TA2F2,01JCVGZBE61Y8N99CD087RFAJV
01JCVGPJXYRQMQVN1CEZ07DX19,01JCVGZBMP45AWQWW15EQ44A6P
01JCVGPJYHXTBZ1JZXB4PCSG07,01JCVGZBNRNAKTD55Q0HVZCNFM
01JCVGPJYMNFA8NSGSWCQKC63Q,01JCVGZBF4QHHKQ20SQH81K1QQ
01JCVGPJYPD8SPVCK5VVYJG8QE,01JCVGZBCQ0MPPHNG8QSP8ZM94
01JCVGPJYY2N2HHEQK87EQ6NFP,01JCVGZBPHVV1Z1GQJJD2S5HN5
01JCVGPJZ0AZRGV50T85771CPV,01JCVGZBMFWZ2PCZ1SCR2N1SDY
01JCVGPJZ5TTZXC07DPF4S0MMF,01JCVGZBB81WWQWEDDHW5FKXEM
01JCVGPJXYRQMQVN1CEZ07DX19,01JCVGZBBTF0DF2SQXTGR52Y5V
01JCVGPJYZ8QMYHNT7P6XVXW43,01JCVGZBF7CP2SVE5C16NZ8M9F
01JCVGPJYA85B1NZ0V878H3TRJ,01JCVGZBS2WHN3FVSXS86YKH52
01JCVGPJYA85B1NZ0V878H3TRJ,01JCVGZBDYWMD2EB3VPGPKYG12
01JCVGPJYDM9C41N3B27YRGP9N,01JCVGZBFRWS90V7QPFHB8C4A4
01JCVGPJZ1M39Z16X2GYK7ATSE,01JCVGZBQNKXZHX5515Z8QH44K
01JCVGPJYMNFA8NSGSWCQKC63Q,01JCVGZBND1XXFMKDDRTHAW1KK
01JCVGPJYA85B1NZ0V878H3TRJ,01JCVGZBN7K86FKEYTF21G8D07
01JCVGPJYXTQWVHXKRA2C5KNZP,01JCVGZBEBFT2FFPHFTP388BT0
01JCVGPJYHXTBZ1JZXB4PCSG07,01JCVGZBBR1FDWY3MW1X683WSZ
01JCVGPJYDM9C41N3B27YRGP9N,01JCVGZBG506WJYH3DWH54G9KY
01JCVGPJZ1M39Z16X2GYK7ATSE,01JCVGZBFKPV5YYCB93A73DPKZ
01JCVGPJYPD8SPVCK5VVYJG8QE,01JCVGZBKCH8FR5JD7GZRY75ZR
01JCVGPJYJAPZB81K43TDMW7KV,01JCVGZBMJE3FHHKC5CQBQANSE
01JCVGPJZ5TTZXC07DPF4S0MMF,01JCVGZBHCAF378H6RPA4YBWT9
01JCVGPJYC703DRMSGEW1TA2F2,01JCVGZBR283ECNWWV3E5GV4R6
01JCVGPJYY2N2HHEQK87EQ6NFP,01JCVGZBM1RZ1DQYWSHEGS3DAT
01JCVGPJYY2N2HHEQK87EQ6NFP,01JCVGZBS4FSSV159CV61RTQFW
01JCVGPJYHXTBZ1JZXB4PCSG07,01JCVGZBBY3CVVAVTQYAEFNVMW
01JCVGPJYJAPZB81K43TDMW7KV,01JCVGZBR0QSM1CT2V67QB4G6H
01JCVGPJYZ8QMYHNT7P6XVXW43,01JCVGZBCZ3TVY32Y9RZ9J29H3
01JCVGPJYHXTBZ1JZXB4PCSG07,01JCVGZBNQH3SXCY0G6KDPAH0B
01JCVGPJYDM9C41N3B27YRGP9N,01JCVGZBHREDJQA6N6DRS3MQ3X
01JCVGPJXYRQMQVN1CEZ07DX19,01JCVGZBBN7ZFMMWN4VBH9BQFA
01JCVGPJZ5TTZXC07DPF4S0MMF,01JCVGZBRFF8XH7NR5M7AGG325
01JCVGPJYPD8SPVCK5VVYJG8QE,01JCVGZBB6KV68VJ0NVT7AFKYM
01JCVGPJYJAPZB81K43TDMW7KV,01JCVGZBF832XQQD4EBKXC1VR9
01JCVGPJYXTQWVHXKRA2C5KNZP,01JCVGZBDNAAD8JS9DABXN83J0
01JCVGPJYXTQWVHXKRA2C5KNZP,01JCVGZBMTFVRD5XGW3FXPZGRX
01JCVGPJZ1M39Z16X2GYK7ATSE,01JCVGZBJT55B0JA81VWF2RSFH
01JCVGPJYDM9C41N3B27YRGP9N,01JCVGZBH7SQP2S4ZVK7ZMKSVN
01JCVGPJYHXTBZ1JZXB4PCSG07,01JCVGZBFCF0MVPGRRZABCJ4DZ
01JCVGPJYDM9C41N3B27YRGP9N,01JCVGZBJVKF17CGFXAE3389QM
01JCVGPJYHXTBZ1JZXB4PCSG07,01JCVGZBQ8JQDT3KDH255H6TST
01JCVGPJYJAPZB81K43TDMW7KV,01JCVGZBM1GMJNE96T27YJBPT4
01JCVGPK02HBT2RAABKHYZ090T,01JCVGZBD2ZGXGNB5Z8PT1SQ4Z
01JCVGPJZ1M39Z16X2GYK7ATSE,01JCVGZBNTKEJPT9PSPCFBC58T
01JCVGPJYZ8QMYHNT7P6XVXW43,01JCVGZBNMSHRB8E189RQN2TB9
01JCVGPJYTR18Q7QY4S4T9YX7W,01JCVGZBPTRHMFYET2AMR5Z8F2
01JCVGPJYJAPZB81K43TDMW7KV,01JCVGZBK72N92JJ8TAEACWRBJ
01JCVGPJZ0AZRGV50T85771CPV,01JCVGZBH1P218QESAK5JD6HST
01JCVGPJYA85B1NZ0V878H3TRJ,01JCVGZBJ74763XFQ4RX9QE8A7
01JCVGPJYDM9C41N3B27YRGP9N,01JCVGZBQZG69JPVJ6QH1KF201
01JCVGPJYC703DRMSGEW1TA2F2,01JCVGZBFHBDEW9K0XZE7MC3TQ
01JCVGPJYMNFA8NSGSWCQKC63Q,01JCVGZBQB5CYXEXKG3098KTBK
01JCVGPJZ1M39Z16X2GYK7ATSE,01JCVGZBN2MY651Y5KQC98NECX
01JCVGPJZ1M39Z16X2GYK7ATSE,01JCVGZBNZYTSX1Y1HFGAJZYH6
01JCVGPJYGMVGERRHFVGTS49JF,01JCVGZBQV2VTMHF67S35PW82X
01JCVGPJYMNFA8NSGSWCQKC63Q,01JCVGZBC8F1BV7Q007M42N88Y
01JCVGPJY93QDYBJ0EV2FXKAAB,01JCVGZBDDK3HRVXTEJV9556FH
01JCVGPJYXTQWVHXKRA2C5KNZP,01JCVGZBK62CV06WQM1D77WTHA
01JCVGPJYGMVGERRHFVGTS49JF,01JCVGZBM4329RJNYJQF6ZV06B
01JCVGPJZ1M39Z16X2GYK7ATSE,01JCVGZBPCTNY69CMYZ1QX382V
01JCVGPJYY2N2HHEQK87EQ6NFP,01JCVGZBRFNQSQBM4RSVXYRP1B
01JCVGPJY93QDYBJ0EV2FXKAAB,01JCVGZBHWZE07HAJ5YHNY9FM9
